사고번호,사고일시,요일,시군구,사고내용,사망자수,중상자수,경상자수,부상신고자수,사고유형,법규위반,노면상태,기상상태,도로형태,가해운전자 차종,가해운전자 성별,가해운전자 연령,가해운전자 상해정도,피해운전자 차종,피해운전자 성별,피해운전자 연령,피해운전자 상해정도
2014012000100559,2014년 1월 20일 19시,월요일,광주광역시 남구 송하동,중상사고,0,1,0,0,차량단독 - 기타,안전운전불이행,적설,눈,단일로 - 기타,이륜,남,18세,중상,,,,
2014012000100560,2014년 1월 20일 19시,월요일,광주광역시 광산구 송정동,경상사고,0,0,1,0,차대사람 - 횡단중,보행자보호의무위반,건조,맑음,단일로 - 횡단보도상,승용,여,49세,상해없음,보행자,남,9세,경상
2014012000100598,2014년 1월 20일 20시,월요일,광주광역시 동구 학동,경상사고,0,0,1,0,차대사람 - 횡단중,보행자보호의무위반,습기,눈,교차로 - 교차로안,이륜,남,18세,상해없음,보행자,여,38세,경상
2014012000100599,2014년 1월 20일 20시,월요일,광주광역시 서구 쌍촌동,경상사고,0,0,1,0,차대차 - 측면직각충돌,차로위반,건조,흐림,단일로 - 기타,승용,남,68세,상해없음,승용,남,28세,경상
2014012000100600,2014년 1월 20일 20시,월요일,광주광역시 북구 두암동,중상사고,0,1,0,0,차대차 - 측면직각충돌,안전운전불이행,습기,흐림,단일로 - 기타,승용,남,51세,상해없음,이륜,남,35세,중상
2014012000100601,2014년 1월 20일 20시,월요일,광주광역시 북구 용봉동,중상사고,0,1,0,0,차대사람 - 횡단중,신호위반,습기,눈,단일로 - 횡단보도상,승용,남,51세,상해없음,보행자,여,44세,중상
2014012000100635,2014년 1월 20일 21시,월요일,광주광역시 북구 삼각동,경상사고,0,0,1,0,차대사람 - 차도통행중,안전운전불이행,습기,흐림,단일로 - 기타,승용,남,47세,상해없음,보행자,남,54세,경상
2014012000100686,2014년 1월 20일 23시,월요일,광주광역시 북구 두암동,사망사고,1,0,0,0,차대사람 - 길가장자리구역통행중,안전운전불이행,습기,눈,단일로 - 기타,승용,여,55세,상해없음,보행자,남,27세,사망
2014012000100687,2014년 1월 20일 23시,월요일,광주광역시 광산구 월계동,경상사고,0,0,5,1,차대차 - 기타,신호위반,습기,눈,교차로 - 교차로안,승용,여,66세,부상신고,승용,남,47세,경상
2014012100100009,2014년 1월 21일 00시,화요일,광주광역시 북구 용봉동,경상사고,0,0,1,0,차대차 - 추돌 - 주정차중,안전운전불이행,적설,눈,단일로 - 횡단보도부근,화물,기타불명,기타불명,기타불명,승용,남,37세,경상
2014012100100010,2014년 1월 21일 00시,화요일,광주광역시 북구 운암동,중상사고,0,1,0,0,차대사람 - 횡단중,신호위반,건조,맑음,단일로 - 횡단보도상,승용,남,39세,상해없음,보행자,남,48세,중상
2014012100100034,2014년 1월 21일 02시,화요일,광주광역시 서구 치평동,경상사고,0,0,1,0,차대차 - 측면직각충돌,교차로운행방법위반,적설,눈,교차로 - 교차로안,승용,남,33세,상해없음,승용,여,29세,경상
2014012100100035,2014년 1월 21일 02시,화요일,광주광역시 광산구 소촌동,경상사고,0,0,3,0,차대차 - 기타,안전거리미확보,적설,눈,단일로 - 기타,승용,남,21세,상해없음,승용,남,48세,경상
2014012100100041,2014년 1월 21일 03시,화요일,광주광역시 북구 임동,중상사고,0,1,2,0,차대차 - 측면직각충돌,교차로운행방법위반,적설,눈,교차로 - 교차로안,승용,남,33세,경상,승용,남,36세,경상
2014012100100068,2014년 1월 21일 06시,화요일,광주광역시 북구 중흥동,경상사고,0,0,2,0,차대차 - 기타,안전운전불이행,결빙,눈,단일로 - 기타,승용,남,22세,상해없음,승용,남,36세,경상
2014012100100088,2014년 1월 21일 07시,화요일,광주광역시 남구 백운동,경상사고,0,0,1,0,차대차 - 기타,기타,적설,눈,단일로 - 기타,승용,여,31세,상해없음,화물,남,37세,상해없음
2014012100100089,2014년 1월 21일 07시,화요일,광주광역시 광산구 도천동,중상사고,0,1,0,0,차대차 - 추돌 - 진행중,신호위반,결빙,눈,교차로 - 교차로안,화물,남,39세,상해없음,승용,남,53세,중상
2014012100100090,2014년 1월 21일 07시,화요일,광주광역시 광산구 장록동,경상사고,0,0,1,0,차대차 - 측면직각충돌,안전운전불이행,건조,맑음,기타 - 기타,승용,남,25세,상해없음,승용,여,48세,경상
2014012100100124,2014년 1월 21일 08시,화요일,광주광역시 광산구 본덕동,경상사고,0,0,1,0,차대차 - 기타,안전운전불이행,적설,눈,단일로 - 기타,승용,여,39세,경상,화물,남,30세,상해없음
2014012100100161,2014년 1월 21일 09시,화요일,광주광역시 서구 농성동,중상사고,0,1,0,0,차대사람 - 기타,안전운전불이행,적설,눈,단일로 - 기타,승용,남,57세,상해없음,보행자,남,14세,중상
2014012100100162,2014년 1월 21일 09시,화요일,광주광역시 광산구 월계동,경상사고,0,0,4,0,차대차 - 측면직각충돌,직진우회전진행방해,건조,맑음,교차로 - 교차로안,승용,여,36세,경상,승합,남,30세,경상
2014012100100163,2014년 1월 21일 09시,화요일,광주광역시 광산구 소촌동,경상사고,0,0,2,0,차대차 - 기타,안전운전불이행,결빙,눈,단일로 - 기타,화물,남,55세,경상,승합,여,30세,경상
2014012100100164,2014년 1월 21일 09시,화요일,광주광역시 광산구 산월동,경상사고,0,0,1,0,차대차 - 기타,교차로운행방법위반,건조,맑음,단일로 - 기타,승용,남,39세,상해없음,승용,남,64세,경상
2014012100100214,2014년 1월 21일 11시,화요일,광주광역시 광산구 쌍암동,중상사고,0,1,0,0,차대차 - 기타,안전운전불이행,적설,흐림,기타 - 기타,승용,여,51세,상해없음,승용,남,33세,상해없음
2014012100100258,2014년 1월 21일 13시,화요일,광주광역시 남구 백운동,경상사고,0,0,2,0,차대차 - 측면직각충돌,안전운전불이행,건조,맑음,교차로 - 교차로부근,기타불명,기타불명,기타불명,기타불명,승용,여,45세,경상
2014012100100259,2014년 1월 21일 13시,화요일,광주광역시 북구 오치동,경상사고,0,0,1,0,차대차 - 추돌 - 주정차중,안전운전불이행,건조,맑음,교차로 - 교차로부근,승용,남,30세,상해없음,승용,여,26세,경상
2014012100100280,2014년 1월 21일 14시,화요일,광주광역시 남구 월산동,경상사고,0,0,1,0,차대사람 - 길가장자리구역통행중,안전운전불이행,적설,눈,단일로 - 기타,승용,남,46세,상해없음,보행자,남,52세,경상
2014012100100342,2014년 1월 21일 16시,화요일,광주광역시 광산구 우산동,경상사고,0,0,3,0,차대차 - 측면직각충돌,안전거리미확보,건조,맑음,단일로 - 기타,화물,남,47세,경상,승용,남,29세,경상
2014012100100415,2014년 1월 21일 18시,화요일,광주광역시 남구 송하동,경상사고,0,0,1,0,차대차 - 측면직각충돌,차로위반,건조,맑음,단일로 - 기타,화물,남,51세,상해없음,이륜,남,62세,경상
2014012100100416,2014년 1월 21일 18시,화요일,광주광역시 광산구 우산동,경상사고,0,0,1,0,차대차 - 측면직각충돌,안전운전불이행,건조,맑음,교차로 - 교차로안,승용,남,53세,상해없음,이륜,남,29세,경상
2014012100100446,2014년 1월 21일 19시,화요일,광주광역시 북구 용두동,경상사고,0,0,2,0,차대차 - 추돌 - 진행중,안전거리미확보,건조,맑음,단일로 - 기타,승용,여,30세,상해없음,승용,남,60세,경상
2014012100100447,2014년 1월 21일 19시,화요일,광주광역시 광산구 월전동,중상사고,0,1,0,0,차대차 - 측면직각충돌,신호위반,건조,맑음,교차로 - 교차로안,승용,남,37세,상해없음,승용,여,53세,중상
2014012100100479,2014년 1월 21일 20시,화요일,광주광역시 서구 양동,경상사고,0,0,1,0,차대사람 - 횡단중,신호위반,건조,맑음,단일로 - 기타,승용,남,34세,상해없음,보행자,여,23세,경상
2014012100100480,2014년 1월 21일 20시,화요일,광주광역시 서구 치평동,경상사고,0,0,3,0,차대차 - 측면직각충돌,교차로운행방법위반,건조,맑음,교차로 - 교차로안,승용,여,47세,경상,승용,여,25세,경상
2014012100100481,2014년 1월 21일 20시,화요일,광주광역시 광산구 수완동,중상사고,0,1,0,0,차대차 - 측면직각충돌,중앙선침범,건조,흐림,단일로 - 기타,승용,남,52세,상해없음,원동기,남,35세,중상
2014012100100482,2014년 1월 21일 20시,화요일,광주광역시 광산구 쌍암동,경상사고,0,0,1,0,차대차 - 추돌 - 진행중,안전운전불이행,건조,맑음,단일로 - 기타,승용,여,39세,상해없음,승용,남,48세,경상
2014012100100504,2014년 1월 21일 21시,화요일,광주광역시 남구 주월동,경상사고,0,0,1,0,차대사람 - 차도통행중,안전운전불이행,건조,맑음,단일로 - 기타,승용,여,57세,상해없음,보행자,남,44세,경상
2014012200100018,2014년 1월 22일 00시,수요일,광주광역시 북구 누문동,경상사고,0,0,1,0,차대차 - 측면직각충돌,신호위반,건조,맑음,교차로 - 교차로안,승용,남,39세,상해없음,승용,남,55세,경상
2014012200100028,2014년 1월 22일 01시,수요일,광주광역시 광산구 도산동,중상사고,0,1,0,0,차대사람 - 횡단중,안전운전불이행,건조,흐림,단일로 - 기타,승용,남,51세,상해없음,보행자,여,17세,중상
2014012200100046,2014년 1월 22일 04시,수요일,광주광역시 서구 치평동,경상사고,0,0,1,0,차대사람 - 횡단중,안전운전불이행,건조,맑음,교차로 - 교차로안,승용,여,28세,상해없음,보행자,남,27세,경상
2014012200100066,2014년 1월 22일 06시,수요일,광주광역시 광산구 신가동,경상사고,0,0,3,0,차대차 - 추돌 - 진행중,신호위반,건조,맑음,교차로 - 교차로안,화물,여,56세,경상,승용,남,54세,경상
2014012200100116,2014년 1월 22일 08시,수요일,광주광역시 북구 신안동,경상사고,0,0,1,0,차대차 - 추돌 - 주정차중,안전운전불이행,건조,맑음,교차로 - 교차로부근,승용,남,25세,상해없음,승용,남,44세,경상
2014012200100117,2014년 1월 22일 08시,수요일,광주광역시 북구 용봉동,경상사고,0,0,1,0,차대차 - 측면직각충돌,차로위반,건조,맑음,단일로 - 기타,승용,남,48세,상해없음,화물,남,31세,경상
2014012200100153,2014년 1월 22일 09시,수요일,광주광역시 동구 계림동,경상사고,0,0,1,0,차대사람 - 횡단중,안전운전불이행,건조,맑음,교차로 - 교차로부근,승용,남,24세,상해없음,보행자,남,78세,경상
2014012200100154,2014년 1월 22일 09시,수요일,광주광역시 서구 마륵동,경상사고,0,0,1,0,차대차 - 기타,안전거리미확보,건조,맑음,단일로 - 기타,화물,남,33세,상해없음,승용,남,44세,경상
2014012200100155,2014년 1월 22일 09시,수요일,광주광역시 서구 금호동,중상사고,0,1,2,0,차대차 - 기타,신호위반,건조,맑음,교차로 - 교차로안,승용,남,37세,경상,승용,남,39세,중상
2014012200100156,2014년 1월 22일 09시,수요일,광주광역시 북구 연제동,부상신고사고,0,0,0,1,차대차 - 측면직각충돌,교차로운행방법위반,건조,맑음,교차로 - 교차로안,승용,여,46세,부상신고,승용,남,56세,상해없음
2014012200100229,2014년 1월 22일 12시,수요일,광주광역시 북구 운암동,경상사고,0,0,4,0,차대차 - 측면직각충돌,신호위반,건조,맑음,교차로 - 교차로안,승용,여,40세,경상,승용,남,58세,경상
2014012200100230,2014년 1월 22일 12시,수요일,광주광역시 북구 연제동,중상사고,0,1,1,0,차대차 - 기타,안전운전불이행,건조,맑음,단일로 - 기타,화물,남,42세,상해없음,승용,여,31세,중상
2014012200100318,2014년 1월 22일 15시,수요일,광주광역시 서구 금호동,경상사고,0,0,5,0,차대차 - 기타,안전운전불이행,건조,맑음,기타 - 기타,승용,남,59세,상해없음,승용,남,66세,경상
2014012200100319,2014년 1월 22일 15시,수요일,광주광역시 광산구 소촌동,경상사고,0,0,1,0,차대차 - 측면직각충돌,안전운전불이행,건조,맑음,단일로 - 기타,화물,남,50세,상해없음,자전거,여,59세,경상
2014012200100372,2014년 1월 22일 17시,수요일,광주광역시 남구 구동,중상사고,0,1,0,0,차대차 - 기타,안전운전불이행,건조,맑음,단일로 - 기타,승용,여,42세,상해없음,원동기,남,53세,중상
2014012200100373,2014년 1월 22일 17시,수요일,광주광역시 북구 용봉동,경상사고,0,0,1,0,차대사람 - 횡단중,신호위반,건조,맑음,단일로 - 횡단보도상,승용,남,28세,상해없음,보행자,남,24세,경상
2014012200100423,2014년 1월 22일 18시,수요일,광주광역시 북구 신안동,경상사고,0,0,3,0,차대차 - 추돌 - 진행중,안전거리미확보,건조,맑음,교차로 - 교차로부근,승용,남,19세,상해없음,승용,남,47세,경상
2014012200100424,2014년 1월 22일 18시,수요일,광주광역시 광산구 운수동,경상사고,0,0,1,0,차대차 - 측면직각충돌,신호위반,건조,맑음,교차로 - 교차로안,승용,남,43세,상해없음,승용,남,37세,경상
2014012200100466,2014년 1월 22일 19시,수요일,광주광역시 광산구 신촌동,중상사고,0,1,0,0,차대차 - 기타,신호위반,건조,맑음,교차로 - 교차로안,승용,남,51세,상해없음,이륜,남,32세,중상
2014012200100467,2014년 1월 22일 19시,수요일,광주광역시 광산구 쌍암동,경상사고,0,0,1,0,차대차 - 추돌 - 진행중,안전거리미확보,건조,맑음,교차로 - 교차로부근,승용,남,20세,상해없음,승용,남,50세,경상
2014012200100489,2014년 1월 22일 20시,수요일,광주광역시 북구 풍향동,경상사고,0,0,1,0,차대차 - 측면직각충돌,신호위반,건조,맑음,교차로 - 교차로안,승용,남,34세,상해없음,원동기,남,34세,경상
2014012200100523,2014년 1월 22일 21시,수요일,광주광역시 서구 금호동,경상사고,0,0,1,0,차대차 - 측면직각충돌,교차로운행방법위반,건조,맑음,교차로 - 교차로안,승용,남,24세,상해없음,이륜,남,29세,경상
2014012200100524,2014년 1월 22일 21시,수요일,광주광역시 북구 삼각동,경상사고,0,0,1,0,차대차 - 측면직각충돌,신호위반,건조,맑음,교차로 - 교차로안,승용,남,59세,상해없음,승용,남,28세,경상
2014012200100566,2014년 1월 22일 22시,수요일,광주광역시 북구 오치동,경상사고,0,0,2,0,차대차 - 추돌 - 주정차중,안전거리미확보,건조,맑음,단일로 - 기타,승용,남,27세,상해없음,승용,남,61세,경상
2014012200100567,2014년 1월 22일 22시,수요일,광주광역시 광산구 도산동,중상사고,0,1,0,0,차대차 - 기타,안전운전불이행,건조,맑음,교차로 - 교차로안,승합,여,50세,상해없음,이륜,남,16세,중상
2014012200100596,2014년 1월 22일 23시,수요일,광주광역시 서구 치평동,경상사고,0,0,2,0,차대차 - 기타,신호위반,건조,맑음,교차로 - 교차로안,승용,남,31세,상해없음,승용,남,50세,경상
2014012200100597,2014년 1월 22일 23시,수요일,광주광역시 서구 쌍촌동,경상사고,0,0,1,0,차대차 - 추돌 - 진행중,중앙선침범,건조,흐림,단일로 - 기타,승용,여,20세,상해없음,승용,남,50세,경상
2014012300100017,2014년 1월 23일 00시,목요일,광주광역시 북구 신용동,경상사고,0,0,4,0,차대차 - 추돌 - 주정차중,안전운전불이행,건조,맑음,단일로 - 교량,승용,남,34세,상해없음,승용,여,36세,경상
2014012300100058,2014년 1월 23일 03시,목요일,광주광역시 남구 진월동,경상사고,0,0,2,0,차대차 - 측면직각충돌,교차로운행방법위반,건조,맑음,교차로 - 교차로안,승용,남,62세,상해없음,승용,남,34세,경상
2014012300100092,2014년 1월 23일 06시,목요일,광주광역시 북구 신안동,경상사고,0,0,1,0,차대차 - 측면직각충돌,신호위반,건조,맑음,교차로 - 교차로안,승용,남,24세,상해없음,화물,남,38세,경상
2014012300100093,2014년 1월 23일 06시,목요일,광주광역시 광산구 우산동,경상사고,0,0,1,0,차대사람 - 횡단중,안전운전불이행,건조,맑음,교차로 - 교차로부근,승합,남,33세,상해없음,보행자,여,67세,경상
2014012300100119,2014년 1월 23일 07시,목요일,광주광역시 남구 방림동,중상사고,0,1,0,0,차대사람 - 기타,안전운전불이행,건조,맑음,단일로 - 기타,승용,남,46세,상해없음,보행자,여,79세,중상
2014012300100120,2014년 1월 23일 07시,목요일,광주광역시 북구 동림동,경상사고,0,0,1,0,차대차 - 측면직각충돌,안전운전불이행,건조,맑음,단일로 - 기타,승용,남,27세,상해없음,승용,남,69세,경상
2014012300100146,2014년 1월 23일 08시,목요일,광주광역시 광산구 소촌동,경상사고,0,0,2,0,차대차 - 측면직각충돌,신호위반,건조,맑음,교차로 - 교차로안,승용,남,47세,상해없음,승용,남,54세,상해없음
2014012300100288,2014년 1월 23일 13시,목요일,광주광역시 북구 임동,경상사고,0,0,2,0,차대차 - 정면충돌,중앙선침범,건조,맑음,교차로 - 교차로안,승용,여,39세,상해없음,승용,남,35세,경상
2014012300100347,2014년 1월 23일 15시,목요일,광주광역시 광산구 송정동,경상사고,0,0,1,0,차대사람 - 기타,안전운전불이행,건조,맑음,단일로 - 기타,승용,남,43세,상해없음,보행자,여,50세,경상
2014012300100489,2014년 1월 23일 19시,목요일,광주광역시 서구 화정동,경상사고,0,0,2,0,차대차 - 추돌 - 진행중,안전거리미확보,건조,맑음,단일로 - 기타,승용,남,40세,상해없음,승용,남,46세,경상
2014012300100520,2014년 1월 23일 20시,목요일,광주광역시 광산구 도산동,경상사고,0,0,1,0,차량단독 - 기타,안전운전불이행,건조,맑음,단일로 - 기타,승용,남,53세,상해없음,,,,
2014012300100559,2014년 1월 23일 21시,목요일,광주광역시 북구 동림동,경상사고,0,0,1,0,차대차 - 측면직각충돌,안전운전불이행,건조,맑음,단일로 - 기타,승용,남,46세,상해없음,승합,여,46세,경상
2014012300100596,2014년 1월 23일 22시,목요일,광주광역시 서구 쌍촌동,경상사고,0,0,2,0,차대차 - 측면직각충돌,안전거리미확보,건조,맑음,교차로 - 교차로안,승용,남,30세,경상,승용,남,31세,상해없음
2014012400100026,2014년 1월 24일 00시,금요일,광주광역시 남구 주월동,경상사고,0,0,1,0,차대차 - 측면직각충돌,교차로운행방법위반,건조,맑음,교차로 - 교차로안,승용,남,34세,상해없음,승용,여,24세,경상
2014012400100047,2014년 1월 24일 01시,금요일,광주광역시 광산구 도산동,경상사고,0,0,1,0,차대사람 - 기타,안전운전불이행,건조,맑음,교차로 - 교차로안,승용,남,29세,상해없음,보행자,여,47세,경상
2014012400100074,2014년 1월 24일 03시,금요일,광주광역시 동구 호남동,경상사고,0,0,2,0,차대차 - 측면직각충돌,신호위반,건조,맑음,교차로 - 교차로안,승용,여,32세,상해없음,승용,남,28세,상해없음
2014012400100075,2014년 1월 24일 03시,금요일,광주광역시 광산구 수완동,경상사고,0,0,2,0,차대차 - 측면직각충돌,신호위반,건조,맑음,교차로 - 교차로안,승용,남,34세,상해없음,승용,남,44세,경상
2014012400100105,2014년 1월 24일 06시,금요일,광주광역시 남구 백운동,경상사고,0,0,1,0,차대차 - 기타,중앙선침범,건조,맑음,교차로 - 교차로부근,승용,남,25세,상해없음,화물,남,51세,경상
2014012400100156,2014년 1월 24일 08시,금요일,광주광역시 남구 주월동,경상사고,0,0,1,0,차대차 - 측면직각충돌,교차로운행방법위반,건조,맑음,교차로 - 교차로안,승용,남,44세,상해없음,자전거,남,41세,경상
2014012400100254,2014년 1월 24일 12시,금요일,광주광역시 북구 우산동,경상사고,0,0,1,0,차대사람 - 길가장자리구역통행중,안전운전불이행,건조,맑음,단일로 - 기타,승용,남,75세,상해없음,보행자,여,63세,경상
2014012400100301,2014년 1월 24일 14시,금요일,광주광역시 광산구 산정동,경상사고,0,0,1,0,차대차 - 추돌 - 진행중,중앙선침범,건조,맑음,단일로 - 기타,승용,남,54세,상해없음,화물,남,39세,경상
2014012400100389,2014년 1월 24일 17시,금요일,광주광역시 북구 각화동,중상사고,0,1,2,0,차대차 - 측면직각충돌,안전거리미확보,건조,맑음,교차로 - 교차로부근,승용,남,75세,상해없음,승합,남,34세,상해없음
2014012400100390,2014년 1월 24일 17시,금요일,광주광역시 북구 양산동,경상사고,0,0,1,0,차대차 - 측면직각충돌,교차로운행방법위반,건조,맑음,교차로 - 교차로안,승용,남,33세,기타불명,승용,남,39세,경상
2014012400100391,2014년 1월 24일 17시,금요일,광주광역시 광산구 소촌동,경상사고,0,0,1,0,차대차 - 측면직각충돌,교차로운행방법위반,건조,맑음,교차로 - 교차로안,화물,남,66세,상해없음,이륜,남,17세,경상
2014012400100446,2014년 1월 24일 18시,금요일,광주광역시 서구 농성동,경상사고,0,0,1,0,차대사람 - 보도통행중,안전운전불이행,건조,맑음,교차로 - 교차로부근,승합,여,50세,상해없음,보행자,남,55세,경상
2014012400100447,2014년 1월 24일 18시,금요일,광주광역시 서구 덕흥동,경상사고,0,0,1,0,차대차 - 측면직각충돌,안전거리미확보,건조,맑음,단일로 - 기타,승용,여,45세,상해없음,승용,남,53세,경상
2014012400100448,2014년 1월 24일 18시,금요일,광주광역시 북구 두암동,경상사고,0,0,2,0,차대차 - 기타,안전운전불이행,건조,맑음,단일로 - 기타,승용,여,32세,상해없음,승용,여,45세,경상
2014012400100513,2014년 1월 24일 19시,금요일,광주광역시 서구 쌍촌동,경상사고,0,0,1,0,차대차 - 측면직각충돌,교차로운행방법위반,건조,맑음,교차로 - 교차로안,승용,여,33세,상해없음,이륜,남,32세,경상
2014012400100514,2014년 1월 24일 19시,금요일,광주광역시 서구 금호동,중상사고,0,1,0,0,차대사람 - 횡단중,안전운전불이행,건조,맑음,단일로 - 기타,승용,남,56세,상해없음,보행자,남,13세,중상
2014012400100515,2014년 1월 24일 19시,금요일,광주광역시 북구 일곡동,경상사고,0,0,1,0,차대차 - 측면직각충돌,신호위반,건조,맑음,교차로 - 교차로안,승용,남,39세,상해없음,승용,여,56세,경상
2014012400100589,2014년 1월 24일 21시,금요일,광주광역시 동구 소태동,경상사고,0,0,2,0,차대차 - 측면직각충돌,중앙선침범,건조,흐림,단일로 - 기타,승용,남,56세,상해없음,승용,남,56세,경상
2014012400100590,2014년 1월 24일 21시,금요일,광주광역시 서구 금호동,부상신고사고,0,0,0,1,차대차 - 기타,직진우회전진행방해,건조,맑음,교차로 - 교차로안,승용,남,40세,상해없음,원동기,남,59세,부상신고
2014012400100591,2014년 1월 24일 21시,금요일,광주광역시 북구 운암동,경상사고,0,0,1,0,차대차 - 측면직각충돌,안전거리미확보,건조,맑음,단일로 - 기타,승용,여,43세,상해없음,승용,남,31세,경상
2014012400100632,2014년 1월 24일 22시,금요일,광주광역시 서구 농성동,경상사고,0,0,2,0,차대차 - 추돌 - 주정차중,안전운전불이행,건조,맑음,교차로 - 교차로부근,화물,남,50세,상해없음,승용,여,45세,경상
2014012500100027,2014년 1월 25일 00시,토요일,광주광역시 북구 연제동,중상사고,0,1,0,0,차대사람 - 횡단중,안전운전불이행,건조,맑음,단일로 - 횡단보도부근,승용,남,54세,상해없음,보행자,남,45세,중상
2014012500100049,2014년 1월 25일 01시,토요일,광주광역시 서구 내방동,경상사고,0,0,1,0,차대차 - 기타,안전운전불이행,건조,맑음,교차로 - 교차로부근,승용,여,51세,기타불명,승용,여,39세,경상
2014012500100050,2014년 1월 25일 01시,토요일,광주광역시 북구 용봉동,경상사고,0,0,1,0,차대차 - 정면충돌,안전운전불이행,건조,맑음,교차로 - 교차로안,승용,남,45세,상해없음,승용,남,26세,경상
2014012500100051,2014년 1월 25일 01시,토요일,광주광역시 북구 우산동,경상사고,0,0,1,0,차대차 - 측면직각충돌,교차로운행방법위반,건조,맑음,교차로 - 교차로안,승용,남,60세,상해없음,승용,여,33세,경상
2014012500100070,2014년 1월 25일 02시,토요일,광주광역시 북구 용전동,사망사고,1,0,0,0,차대사람 - 차도통행중,안전운전불이행,건조,맑음,단일로 - 기타,승용,남,41세,상해없음,보행자,남,33세,사망
2014012500100071,2014년 1월 25일 02시,토요일,광주광역시 북구 신안동,경상사고,0,0,2,0,차대차 - 추돌 - 진행중,안전운전불이행,건조,맑음,단일로 - 기타,승용,남,50세,경상,이륜,남,29세,경상
2014012500100104,2014년 1월 25일 04시,토요일,광주광역시 동구 금동,경상사고,0,0,2,0,차대차 - 기타,교차로운행방법위반,건조,맑음,교차로 - 교차로안,승용,여,41세,상해없음,승용,남,52세,경상
2014012500100105,2014년 1월 25일 04시,토요일,광주광역시 광산구 신가동,경상사고,0,0,2,0,차대차 - 기타,안전운전불이행,건조,맑음,단일로 - 기타,승용,남,57세,상해없음,승용,남,20세,상해없음
2014012500100117,2014년 1월 25일 05시,토요일,광주광역시 남구 월산동,중상사고,0,1,0,0,차대사람 - 차도통행중,안전운전불이행,건조,맑음,기타 - 기타,승용,남,54세,상해없음,보행자,남,22세,중상
2014012500100141,2014년 1월 25일 06시,토요일,광주광역시 광산구 소촌동,경상사고,0,0,1,0,차대차 - 추돌 - 진행중,안전거리미확보,건조,맑음,단일로 - 기타,승용,남,29세,상해없음,승용,남,28세,경상
2014012500100161,2014년 1월 25일 07시,토요일,광주광역시 남구 양림동,중상사고,0,1,0,0,차대사람 - 차도통행중,안전운전불이행,건조,맑음,교차로 - 교차로안,승용,여,65세,상해없음,보행자,여,65세,중상
2014012500100189,2014년 1월 25일 08시,토요일,광주광역시 서구 광천동,경상사고,0,0,1,0,차대차 - 측면직각충돌,교차로운행방법위반,건조,맑음,교차로 - 교차로안,승용,남,58세,상해없음,승용,남,31세,경상
2014012500100253,2014년 1월 25일 11시,토요일,광주광역시 북구 양산동,경상사고,0,0,6,0,차대차 - 기타,안전운전불이행,습기,흐림,단일로 - 기타,승용,남,38세,경상,승용,남,29세,경상
2014012500100312,2014년 1월 25일 13시,토요일,광주광역시 동구 지산동,사망사고,1,0,0,0,차량단독 - 기타,기타,습기,흐림,단일로 - 기타,승용,남,45세,사망,,,,
2014012500100338,2014년 1월 25일 14시,토요일,광주광역시 서구 광천동,경상사고,0,0,3,0,차대차 - 측면직각충돌,차로위반,건조,맑음,단일로 - 기타,승용,남,57세,경상,이륜,남,39세,경상
2014012500100339,2014년 1월 25일 14시,토요일,광주광역시 북구 문흥동,경상사고,0,0,1,0,차대차 - 측면직각충돌,안전운전불이행,건조,맑음,단일로 - 기타,승용,남,21세,상해없음,승용,남,27세,경상
2014012500100340,2014년 1월 25일 14시,토요일,광주광역시 광산구 산정동,중상사고,0,1,0,0,차대사람 - 차도통행중,안전운전불이행,건조,맑음,교차로 - 교차로부근,승용,남,56세,상해없음,보행자,여,84세,중상
2014012500100390,2014년 1월 25일 16시,토요일,광주광역시 서구 양동,경상사고,0,0,1,0,차대차 - 기타,안전운전불이행,건조,흐림,단일로 - 기타,승용,남,71세,상해없음,승용,남,36세,상해없음
2014012500100391,2014년 1월 25일 16시,토요일,광주광역시 광산구 수완동,경상사고,0,0,4,0,차대차 - 추돌 - 진행중,안전거리미확보,건조,맑음,단일로 - 기타,화물,남,38세,상해없음,승용,남,20세,경상
2014012500100549,2014년 1월 25일 21시,토요일,광주광역시 동구 금남로1가,경상사고,0,0,2,0,차대차 - 측면직각충돌,안전운전불이행,건조,맑음,단일로 - 기타,승용,남,21세,경상,승용,남,48세,경상
2014012500100550,2014년 1월 25일 21시,토요일,광주광역시 서구 금호동,중상사고,0,1,0,0,차대차 - 측면직각충돌,안전운전불이행,건조,흐림,교차로 - 교차로안,승용,남,24세,상해없음,이륜,남,16세,중상
2014012500100551,2014년 1월 25일 21시,토요일,광주광역시 남구 방림동,경상사고,0,0,1,0,차대차 - 추돌 - 진행중,안전거리미확보,건조,맑음,교차로 - 교차로부근,승용,남,49세,상해없음,승용,남,42세,경상
2014012500100552,2014년 1월 25일 21시,토요일,광주광역시 북구 신안동,경상사고,0,0,1,0,차량단독 - 기타,안전운전불이행,건조,맑음,단일로 - 기타,승용,남,53세,상해없음,,,,
2014012500100553,2014년 1월 25일 21시,토요일,광주광역시 광산구 우산동,경상사고,0,0,1,0,차대사람 - 차도통행중,안전운전불이행,건조,맑음,교차로 - 교차로부근,승용,여,48세,상해없음,보행자,남,32세,경상
2014012600100017,2014년 1월 26일 00시,일요일,광주광역시 북구 두암동,중상사고,0,1,1,0,차대사람 - 차도통행중,안전운전불이행,건조,맑음,교차로 - 교차로안,승용,남,64세,상해없음,보행자,남,34세,중상