사고번호,사고일시,요일,시군구,사고내용,사망자수,중상자수,경상자수,부상신고자수,사고유형,법규위반,노면상태,기상상태,도로형태,가해운전자 차종,가해운전자 성별,가해운전자 연령,가해운전자 상해정도,피해운전자 차종,피해운전자 성별,피해운전자 연령,피해운전자 상해정도
2014020800100336,2014년 2월 8일 16시,토요일,광주광역시 북구 운암동,경상사고,0,0,1,0,차대차 - 추돌 - 진행중,안전거리미확보,건조,맑음,단일로 - 기타,원동기,남,31세,경상,화물,남,43세,상해없음
2014020800100361,2014년 2월 8일 17시,토요일,광주광역시 서구 광천동,경상사고,0,0,1,0,차대차 - 기타,안전운전불이행,습기,흐림,단일로 - 기타,원동기,남,37세,경상,승용,남,31세,상해없음
2014020800100441,2014년 2월 8일 19시,토요일,광주광역시 남구 진월동,경상사고,0,0,1,0,차대사람 - 횡단중,안전운전불이행,습기,흐림,교차로 - 교차로안,기타불명,기타불명,기타불명,기타불명,보행자,여,20세,경상
2014020800100474,2014년 2월 8일 20시,토요일,광주광역시 광산구 장덕동,중상사고,0,1,0,0,차대차 - 측면직각충돌,신호위반,건조,맑음,교차로 - 교차로안,이륜,남,20세,중상,승용,여,45세,상해없음
2014020800100540,2014년 2월 8일 22시,토요일,광주광역시 광산구 산정동,경상사고,0,0,6,0,차대차 - 추돌 - 진행중,안전운전불이행,건조,맑음,교차로 - 교차로부근,승용,남,42세,상해없음,승용,남,35세,경상
2014020800100564,2014년 2월 8일 23시,토요일,광주광역시 서구 농성동,경상사고,0,0,2,0,차대차 - 추돌 - 주정차중,안전운전불이행,건조,맑음,교차로 - 교차로부근,승용,남,63세,상해없음,승용,남,29세,경상
2014020800100565,2014년 2월 8일 23시,토요일,광주광역시 북구 오치동,경상사고,0,0,3,0,차대차 - 기타,안전거리미확보,건조,맑음,단일로 - 기타,승용,남,44세,상해없음,승용,남,32세,경상
2014020800100566,2014년 2월 8일 23시,토요일,광주광역시 광산구 신가동,경상사고,0,0,2,0,차대차 - 측면직각충돌,안전운전불이행,습기,흐림,교차로 - 교차로부근,승용,남,43세,상해없음,승용,남,43세,경상
2014020900100040,2014년 2월 9일 01시,일요일,광주광역시 광산구 우산동,부상신고사고,0,0,0,1,차대차 - 기타,안전운전불이행,건조,맑음,단일로 - 기타,승용,남,23세,부상신고,화물,남,47세,기타불명
2014020900100059,2014년 2월 9일 02시,일요일,광주광역시 서구 쌍촌동,경상사고,0,0,2,0,차대차 - 추돌 - 주정차중,안전운전불이행,건조,맑음,단일로 - 기타,승용,남,45세,상해없음,승용,남,53세,상해없음
2014020900100081,2014년 2월 9일 04시,일요일,광주광역시 동구 금동,경상사고,0,0,1,0,차대사람 - 기타,안전운전불이행,건조,맑음,단일로 - 기타,승용,남,34세,상해없음,보행자,여,20세,경상
2014020900100097,2014년 2월 9일 06시,일요일,광주광역시 광산구 월계동,경상사고,0,0,1,0,차대차 - 추돌 - 진행중,안전운전불이행,건조,맑음,교차로 - 교차로부근,승용,남,24세,상해없음,화물,남,47세,경상
2014020900100127,2014년 2월 9일 10시,일요일,광주광역시 북구 우산동,경상사고,0,0,1,0,차대차 - 측면직각충돌,직진우회전진행방해,건조,맑음,교차로 - 교차로안,승용,남,32세,상해없음,승용,남,57세,경상
2014020900100141,2014년 2월 9일 11시,일요일,광주광역시 서구 농성동,경상사고,0,0,1,0,차대사람 - 보도통행중,안전운전불이행,건조,맑음,단일로 - 기타,승용,여,54세,상해없음,보행자,여,32세,경상
2014020900100142,2014년 2월 9일 11시,일요일,광주광역시 서구 금호동,경상사고,0,0,1,0,차량단독 - 기타,안전운전불이행,건조,맑음,단일로 - 기타,승용,남,61세,경상,,,,
2014020900100158,2014년 2월 9일 12시,일요일,광주광역시 북구 누문동,경상사고,0,0,1,0,차대차 - 측면직각충돌,불법유턴,건조,맑음,단일로 - 기타,승용,남,68세,상해없음,승용,여,33세,경상
2014020900100246,2014년 2월 9일 16시,일요일,광주광역시 동구 학동,중상사고,0,1,2,0,차대차 - 측면직각충돌,신호위반,건조,맑음,교차로 - 교차로안,승용,남,66세,경상,승용,남,46세,경상
2014020900100300,2014년 2월 9일 18시,일요일,광주광역시 북구 삼각동,경상사고,0,0,1,0,차대차 - 추돌 - 진행중,신호위반,건조,맑음,교차로 - 교차로안,승용,남,67세,상해없음,이륜,남,16세,경상
2014020900100325,2014년 2월 9일 19시,일요일,광주광역시 남구 진월동,중상사고,0,1,0,0,차대차 - 기타,불법유턴,건조,맑음,단일로 - 기타,승용,남,34세,상해없음,원동기,남,24세,중상
2014020900100326,2014년 2월 9일 19시,일요일,광주광역시 북구 문흥동,중상사고,0,1,0,0,차대차 - 측면직각충돌,중앙선침범,건조,맑음,단일로 - 기타,승용,남,54세,상해없음,이륜,남,56세,중상
2014020900100370,2014년 2월 9일 21시,일요일,광주광역시 서구 농성동,중상사고,0,2,0,0,차대사람 - 차도통행중,안전운전불이행,건조,맑음,단일로 - 기타,승용,남,72세,상해없음,보행자,남,54세,중상
2014020900100391,2014년 2월 9일 22시,일요일,광주광역시 서구 쌍촌동,중상사고,0,1,0,0,차대차 - 추돌 - 진행중,안전거리미확보,건조,맑음,단일로 - 기타,승용,여,40세,상해없음,승용,여,50세,중상
2014021000100003,2014년 2월 10일 00시,월요일,광주광역시 서구 치평동,경상사고,0,0,1,0,차대차 - 추돌 - 주정차중,안전운전불이행,건조,맑음,단일로 - 기타,승용,남,41세,상해없음,승용,남,61세,경상
2014021000100004,2014년 2월 10일 00시,월요일,광주광역시 북구 운암동,경상사고,0,0,1,0,차대차 - 추돌 - 주정차중,안전운전불이행,건조,맑음,단일로 - 기타,승용,여,45세,경상,승합,남,63세,기타불명
2014021000100019,2014년 2월 10일 01시,월요일,광주광역시 광산구 신가동,경상사고,0,0,2,1,차대차 - 기타,안전운전불이행,건조,맑음,교차로 - 교차로부근,승용,남,23세,부상신고,승용,남,54세,경상
2014021000100031,2014년 2월 10일 03시,월요일,광주광역시 북구 중흥동,경상사고,0,0,2,0,차대차 - 측면직각충돌,안전운전불이행,건조,맑음,단일로 - 기타,승용,남,60세,상해없음,승용,남,57세,상해없음
2014021000100069,2014년 2월 10일 06시,월요일,광주광역시 서구 풍암동,중상사고,0,1,0,0,차대사람 - 횡단중,보행자보호의무위반,건조,맑음,교차로 - 교차로부근,화물,여,58세,상해없음,보행자,남,19세,중상
2014021000100070,2014년 2월 10일 06시,월요일,광주광역시 남구 봉선동,경상사고,0,0,1,0,차대차 - 측면직각충돌,신호위반,건조,맑음,교차로 - 교차로안,승합,남,54세,상해없음,승용,남,49세,경상
2014021000100071,2014년 2월 10일 06시,월요일,광주광역시 남구 주월동,중상사고,0,1,0,0,차대차 - 측면직각충돌,안전운전불이행,건조,맑음,교차로 - 교차로부근,승용,남,67세,상해없음,자전거,남,78세,중상
2014021000100098,2014년 2월 10일 07시,월요일,광주광역시 서구 마륵동,경상사고,0,0,1,0,차대차 - 측면직각충돌,신호위반,건조,맑음,교차로 - 교차로안,화물,남,56세,경상,화물,남,43세,상해없음
2014021000100099,2014년 2월 10일 07시,월요일,광주광역시 남구 송하동,경상사고,0,0,1,0,차대사람 - 차도통행중,안전운전불이행,건조,맑음,교차로 - 교차로부근,기타불명,기타불명,기타불명,기타불명,보행자,남,78세,경상
2014021000100180,2014년 2월 10일 09시,월요일,광주광역시 북구 유동,경상사고,0,0,1,0,차대차 - 기타,안전운전불이행,건조,맑음,단일로 - 기타,승용,남,54세,상해없음,승용,여,34세,경상
2014021000100181,2014년 2월 10일 09시,월요일,광주광역시 북구 임동,경상사고,0,0,1,0,차대차 - 측면직각충돌,안전운전불이행,습기,눈,단일로 - 기타,승용,남,29세,상해없음,화물,남,63세,상해없음
2014021000100232,2014년 2월 10일 11시,월요일,광주광역시 광산구 수완동,경상사고,0,0,1,0,차대차 - 측면직각충돌,중앙선침범,건조,맑음,단일로 - 기타,승용,남,29세,상해없음,승용,여,57세,경상
2014021000100281,2014년 2월 10일 13시,월요일,광주광역시 서구 쌍촌동,경상사고,0,0,1,0,차대사람 - 기타,기타,건조,맑음,교차로 - 교차로부근,승합,남,49세,상해없음,보행자,여,79세,경상
2014021000100282,2014년 2월 10일 13시,월요일,광주광역시 북구 용봉동,경상사고,0,0,1,0,차대차 - 기타,기타,건조,맑음,단일로 - 기타,승용,남,51세,상해없음,원동기,남,19세,경상
2014021000100283,2014년 2월 10일 13시,월요일,광주광역시 광산구 도산동,경상사고,0,0,2,0,차대차 - 정면충돌,기타,건조,맑음,단일로 - 기타,기타불명,기타불명,기타불명,기타불명,승용,남,41세,경상
2014021000100311,2014년 2월 10일 14시,월요일,광주광역시 북구 운암동,경상사고,0,0,1,0,차대사람 - 길가장자리구역통행중,안전운전불이행,건조,맑음,단일로 - 기타,승용,여,52세,상해없음,보행자,여,12세,경상
2014021000100312,2014년 2월 10일 14시,월요일,광주광역시 광산구 신가동,경상사고,0,0,2,0,차대차 - 기타,안전거리미확보,건조,맑음,단일로 - 기타,승용,여,60세,경상,승용,남,45세,경상
2014021000100346,2014년 2월 10일 15시,월요일,광주광역시 서구 광천동,경상사고,0,0,1,0,차대사람 - 기타,안전운전불이행,건조,맑음,단일로 - 기타,승용,남,69세,상해없음,보행자,여,23세,경상
2014021000100371,2014년 2월 10일 16시,월요일,광주광역시 광산구 신창동,경상사고,0,0,1,0,차대차 - 기타,중앙선침범,건조,맑음,교차로 - 교차로부근,승용,남,40세,상해없음,승용,여,43세,경상
2014021000100372,2014년 2월 10일 16시,월요일,광주광역시 광산구 월계동,중상사고,0,1,0,0,차대사람 - 기타,안전운전불이행,건조,맑음,기타 - 기타,승용,남,47세,상해없음,보행자,남,32세,중상
2014021000100396,2014년 2월 10일 17시,월요일,광주광역시 동구 계림동,경상사고,0,0,1,0,차대차 - 측면직각충돌,안전운전불이행,건조,맑음,단일로 - 기타,승용,남,56세,상해없음,이륜,남,62세,경상
2014021000100397,2014년 2월 10일 17시,월요일,광주광역시 북구 일곡동,사망사고,1,0,0,0,차대사람 - 차도통행중,안전운전불이행,건조,맑음,교차로 - 교차로안,승합,남,56세,상해없음,보행자,남,88세,사망
2014021000100398,2014년 2월 10일 17시,월요일,광주광역시 북구 용봉동,경상사고,0,0,2,0,차대차 - 측면직각충돌,안전운전불이행,건조,맑음,단일로 - 기타,승용,남,20세,상해없음,승합,여,35세,경상
2014021000100399,2014년 2월 10일 17시,월요일,광주광역시 북구 삼각동,경상사고,0,0,1,0,차대사람 - 횡단중,안전운전불이행,건조,맑음,단일로 - 기타,승용,여,29세,상해없음,보행자,남,11세,경상
2014021000100400,2014년 2월 10일 17시,월요일,광주광역시 광산구 도산동,경상사고,0,0,1,0,차대차 - 기타,안전운전불이행,건조,맑음,교차로 - 교차로부근,자전거,남,12세,경상,승용,남,27세,상해없음
2014021000100565,2014년 2월 10일 22시,월요일,광주광역시 서구 광천동,경상사고,0,0,1,0,차대차 - 추돌 - 진행중,안전거리미확보,건조,맑음,단일로 - 기타,승용,남,29세,상해없음,승용,여,28세,경상
2014021100100046,2014년 2월 11일 03시,화요일,광주광역시 남구 월산동,경상사고,0,0,1,0,차량단독 - 공작물충돌,안전운전불이행,건조,맑음,교차로 - 교차로안,승용,남,67세,상해없음,,,,
2014021100100053,2014년 2월 11일 04시,화요일,광주광역시 서구 치평동,경상사고,0,0,1,0,차대차 - 추돌 - 주정차중,안전운전불이행,건조,맑음,교차로 - 교차로부근,승용,남,29세,상해없음,승용,남,55세,경상
2014021100100073,2014년 2월 11일 06시,화요일,광주광역시 북구 오치동,부상신고사고,0,0,0,1,차대사람 - 횡단중,안전운전불이행,건조,맑음,단일로 - 기타,이륜,기타불명,기타불명,기타불명,보행자,남,72세,부상신고
2014021100100086,2014년 2월 11일 07시,화요일,광주광역시 북구 본촌동,경상사고,0,0,2,0,차대차 - 측면직각충돌,신호위반,건조,맑음,교차로 - 교차로안,승용,여,44세,상해없음,승용,남,31세,경상
2014021100100121,2014년 2월 11일 08시,화요일,광주광역시 광산구 하남동,경상사고,0,0,1,0,차대사람 - 기타,기타,건조,맑음,단일로 - 기타,화물,남,42세,상해없음,보행자,남,41세,경상
2014021100100140,2014년 2월 11일 09시,화요일,광주광역시 북구 신안동,경상사고,0,0,1,0,차대차 - 추돌 - 진행중,안전거리미확보,건조,맑음,단일로 - 기타,자전거,남,67세,경상,승용,남,36세,상해없음
2014021100100166,2014년 2월 11일 10시,화요일,광주광역시 북구 삼각동,경상사고,0,0,1,0,차대차 - 추돌 - 주정차중,안전운전불이행,건조,맑음,교차로 - 교차로부근,승용,남,59세,상해없음,승용,남,53세,경상
2014021100100197,2014년 2월 11일 11시,화요일,광주광역시 서구 유촌동,중상사고,0,1,0,0,차대사람 - 횡단중,보행자보호의무위반,건조,맑음,단일로 - 횡단보도상,건설기계,남,56세,상해없음,보행자,남,81세,중상
2014021100100198,2014년 2월 11일 11시,화요일,광주광역시 광산구 운남동,경상사고,0,0,1,0,차대차 - 추돌 - 진행중,안전운전불이행,건조,맑음,단일로 - 기타,승합,남,47세,상해없음,화물,남,43세,경상
2014021100100199,2014년 2월 11일 11시,화요일,광주광역시 광산구 우산동,중상사고,0,1,2,0,차대차 - 추돌 - 진행중,안전운전불이행,건조,맑음,단일로 - 기타,승용,남,53세,상해없음,승용,여,28세,중상
2014021100100228,2014년 2월 11일 12시,화요일,광주광역시 북구 임동,경상사고,0,0,1,0,차대차 - 추돌 - 주정차중,안전거리미확보,건조,맑음,교차로 - 교차로안,승용,기타불명,기타불명,기타불명,승용,여,40세,상해없음
2014021100100252,2014년 2월 11일 13시,화요일,광주광역시 남구 백운동,경상사고,0,0,2,0,차대사람 - 기타,안전운전불이행,건조,맑음,단일로 - 기타,승용,여,44세,상해없음,보행자,남,11세,경상
2014021100100253,2014년 2월 11일 13시,화요일,광주광역시 북구 두암동,경상사고,0,0,3,0,차대차 - 기타,교차로운행방법위반,건조,맑음,교차로 - 교차로안,승용,남,53세,상해없음,승합,남,39세,경상
2014021100100307,2014년 2월 11일 15시,화요일,광주광역시 서구 동천동,경상사고,0,0,2,0,차대차 - 측면직각충돌,교차로운행방법위반,건조,맑음,단일로 - 기타,승용,여,47세,상해없음,승용,남,54세,경상
2014021100100308,2014년 2월 11일 15시,화요일,광주광역시 남구 주월동,경상사고,0,0,1,0,차대차 - 기타,안전거리미확보,건조,맑음,단일로 - 기타,화물,남,71세,기타불명,승용,남,43세,경상
2014021100100416,2014년 2월 11일 19시,화요일,광주광역시 서구 쌍촌동,중상사고,0,1,0,0,차대사람 - 길가장자리구역통행중,안전운전불이행,건조,맑음,단일로 - 기타,승용,남,28세,기타불명,보행자,남,31세,중상
2014021100100472,2014년 2월 11일 21시,화요일,광주광역시 서구 유촌동,경상사고,0,0,2,0,차대차 - 기타,안전운전불이행,건조,맑음,교차로 - 교차로부근,화물,남,53세,경상,승용,남,31세,경상
2014021100100473,2014년 2월 11일 21시,화요일,광주광역시 광산구 도천동,경상사고,0,0,2,0,차대차 - 추돌 - 진행중,안전운전불이행,건조,맑음,단일로 - 기타,승용,남,32세,상해없음,승용,남,41세,경상
2014021100100499,2014년 2월 11일 22시,화요일,광주광역시 광산구 월곡동,경상사고,0,0,1,0,차대차 - 추돌 - 주정차중,안전운전불이행,건조,맑음,교차로 - 교차로부근,승용,남,27세,상해없음,승용,남,34세,경상
2014021100100525,2014년 2월 11일 23시,화요일,광주광역시 서구 풍암동,경상사고,0,0,2,0,차대사람 - 기타,안전운전불이행,건조,맑음,단일로 - 기타,승용,남,34세,상해없음,보행자,남,48세,경상
2014021100100526,2014년 2월 11일 23시,화요일,광주광역시 광산구 등임동,경상사고,0,0,1,0,차량단독 - 공작물충돌,안전운전불이행,건조,맑음,단일로 - 기타,승용,여,42세,경상,,,,
2014021100100527,2014년 2월 11일 23시,화요일,광주광역시 광산구 월계동,경상사고,0,0,1,0,차량단독 - 기타,안전운전불이행,건조,맑음,단일로 - 기타,승용,남,50세,상해없음,,,,
2014021200100013,2014년 2월 12일 00시,수요일,광주광역시 동구 불로동,경상사고,0,0,4,0,차대차 - 측면직각충돌,직진우회전진행방해,건조,흐림,교차로 - 교차로안,승용,남,23세,상해없음,승용,남,26세,경상
2014021200100041,2014년 2월 12일 02시,수요일,광주광역시 북구 동림동,경상사고,0,0,2,0,차대차 - 측면직각충돌,신호위반,건조,맑음,교차로 - 교차로안,승용,남,44세,경상,승용,남,50세,경상
2014021200100100,2014년 2월 12일 07시,수요일,광주광역시 남구 진월동,경상사고,0,0,5,0,차대차 - 측면직각충돌,안전거리미확보,건조,맑음,단일로 - 기타,승용,여,41세,경상,승용,남,28세,경상
2014021200100133,2014년 2월 12일 08시,수요일,광주광역시 서구 매월동,경상사고,0,0,1,0,차대차 - 추돌 - 진행중,안전운전불이행,건조,맑음,교차로 - 교차로부근,화물,남,52세,상해없음,승용,여,53세,경상
2014021200100134,2014년 2월 12일 08시,수요일,광주광역시 북구 동림동,경상사고,0,0,1,0,차대차 - 추돌 - 주정차중,안전운전불이행,건조,맑음,교차로 - 교차로안,승용,기타불명,기타불명,기타불명,승용,여,31세,경상
2014021200100173,2014년 2월 12일 10시,수요일,광주광역시 광산구 산정동,경상사고,0,0,3,0,차대차 - 측면직각충돌,안전운전불이행,건조,맑음,단일로 - 기타,화물,남,46세,경상,승용,남,41세,경상
2014021200100174,2014년 2월 12일 10시,수요일,광주광역시 광산구 산월동,경상사고,0,0,3,0,차대차 - 측면직각충돌,직진우회전진행방해,건조,맑음,교차로 - 교차로안,승용,남,55세,경상,승용,여,34세,경상
2014021200100199,2014년 2월 12일 11시,수요일,광주광역시 서구 화정동,경상사고,0,0,1,0,차대차 - 추돌 - 주정차중,안전거리미확보,건조,맑음,단일로 - 기타,승용,남,28세,상해없음,승합,남,28세,경상
2014021200100306,2014년 2월 12일 15시,수요일,광주광역시 광산구 도천동,경상사고,0,0,2,0,차대차 - 측면직각충돌,안전거리미확보,건조,맑음,교차로 - 교차로부근,승용,남,18세,경상,화물,남,53세,상해없음
2014021200100363,2014년 2월 12일 17시,수요일,광주광역시 서구 치평동,경상사고,0,0,1,0,차대차 - 측면직각충돌,교차로운행방법위반,건조,맑음,교차로 - 교차로안,승용,남,24세,상해없음,승용,남,67세,경상
2014021200100364,2014년 2월 12일 17시,수요일,광주광역시 광산구 신창동,경상사고,0,0,1,0,차대사람 - 횡단중,안전운전불이행,건조,맑음,단일로 - 기타,승용,남,50세,상해없음,보행자,남,11세,경상
2014021200100411,2014년 2월 12일 18시,수요일,광주광역시 북구 용봉동,경상사고,0,0,3,0,차대차 - 측면직각충돌,안전거리미확보,건조,맑음,단일로 - 기타,승용,여,35세,상해없음,승용,남,48세,경상
2014021200100412,2014년 2월 12일 18시,수요일,광주광역시 광산구 비아동,부상신고사고,0,0,0,2,차대사람 - 차도통행중,안전운전불이행,건조,맑음,단일로 - 기타,승용,기타불명,기타불명,기타불명,보행자,여,40세,부상신고
2014021200100413,2014년 2월 12일 18시,수요일,광주광역시 광산구 수완동,경상사고,0,0,3,0,차대차 - 측면직각충돌,신호위반,건조,맑음,교차로 - 교차로안,승용,남,27세,경상,승용,남,26세,경상
2014021200100414,2014년 2월 12일 18시,수요일,광주광역시 광산구 도산동,경상사고,0,0,1,0,차대차 - 측면직각충돌,교차로운행방법위반,건조,맑음,교차로 - 교차로안,승용,남,51세,상해없음,화물,남,48세,경상
2014021200100415,2014년 2월 12일 18시,수요일,광주광역시 광산구 운남동,경상사고,0,0,2,0,차대차 - 추돌 - 진행중,안전거리미확보,건조,맑음,미분류 - 미분류,승용,남,34세,상해없음,승용,남,23세,경상
2014021200100454,2014년 2월 12일 19시,수요일,광주광역시 광산구 우산동,경상사고,0,0,1,0,차대차 - 측면직각충돌,안전운전불이행,건조,맑음,교차로 - 교차로안,승용,남,73세,기타불명,특수,남,40세,경상
2014021200100507,2014년 2월 12일 21시,수요일,광주광역시 광산구 월곡동,중상사고,0,1,0,0,차대사람 - 횡단중,안전운전불이행,건조,맑음,단일로 - 기타,승용,여,35세,상해없음,보행자,여,42세,중상
2014021200100560,2014년 2월 12일 23시,수요일,광주광역시 서구 덕흥동,경상사고,0,0,1,0,차량단독 - 공작물충돌,안전운전불이행,건조,맑음,단일로 - 기타,승용,남,45세,경상,,,,
2014021300100201,2014년 2월 13일 10시,목요일,광주광역시 서구 쌍촌동,경상사고,0,0,1,0,차대차 - 측면직각충돌,교차로운행방법위반,건조,맑음,교차로 - 교차로안,승용,여,50세,상해없음,승용,남,50세,경상
2014021300100219,2014년 2월 13일 11시,목요일,광주광역시 북구 용봉동,중상사고,0,1,2,0,차대차 - 측면직각충돌,안전운전불이행,건조,맑음,교차로 - 교차로부근,승용,남,23세,상해없음,승용,남,56세,중상
2014021300100285,2014년 2월 13일 14시,목요일,광주광역시 북구 삼각동,경상사고,0,0,2,0,차대차 - 측면직각충돌,안전운전불이행,건조,맑음,단일로 - 기타,승용,여,47세,상해없음,승용,남,36세,상해없음
2014021300100286,2014년 2월 13일 14시,목요일,광주광역시 광산구 산막동,중상사고,0,1,1,0,차대차 - 정면충돌,중앙선침범,건조,맑음,단일로 - 기타,승용,여,67세,중상,승용,남,45세,경상
2014021300100311,2014년 2월 13일 15시,목요일,광주광역시 서구 화정동,경상사고,0,0,1,0,차대차 - 기타,안전운전불이행,건조,맑음,교차로 - 교차로안,건설기계,남,56세,기타불명,승용,남,45세,경상
2014021300100312,2014년 2월 13일 15시,목요일,광주광역시 북구 중흥동,경상사고,0,0,3,0,차대차 - 추돌 - 주정차중,안전운전불이행,건조,맑음,단일로 - 기타,승용,여,64세,상해없음,화물,남,61세,경상
2014021300100335,2014년 2월 13일 16시,목요일,광주광역시 북구 오치동,경상사고,0,0,3,0,차대차 - 측면직각충돌,교차로운행방법위반,건조,맑음,교차로 - 교차로안,승용,남,64세,상해없음,승용,남,28세,경상
2014021300100336,2014년 2월 13일 16시,목요일,광주광역시 북구 풍향동,경상사고,0,0,1,0,차대차 - 측면직각충돌,안전거리미확보,건조,맑음,단일로 - 기타,승용,남,46세,경상,화물,남,56세,상해없음
2014021300100358,2014년 2월 13일 17시,목요일,광주광역시 남구 백운동,경상사고,0,0,2,0,차대차 - 측면직각충돌,안전거리미확보,건조,맑음,단일로 - 기타,화물,남,53세,상해없음,승용,여,55세,경상
2014021300100359,2014년 2월 13일 17시,목요일,광주광역시 북구 운암동,경상사고,0,0,3,0,차대차 - 측면직각충돌,안전운전불이행,건조,맑음,교차로 - 교차로부근,승용,남,59세,상해없음,승용,남,48세,경상
2014021300100360,2014년 2월 13일 17시,목요일,광주광역시 북구 신안동,경상사고,0,0,1,0,차대사람 - 횡단중,교차로운행방법위반,건조,맑음,교차로 - 교차로안,승용,여,55세,상해없음,보행자,남,8세,경상
2014021300100392,2014년 2월 13일 18시,목요일,광주광역시 서구 금호동,경상사고,0,0,1,0,차대사람 - 횡단중,안전운전불이행,건조,맑음,교차로 - 교차로안,화물,남,69세,상해없음,보행자,여,10세,경상
2014021300100393,2014년 2월 13일 18시,목요일,광주광역시 남구 구동,경상사고,0,0,1,0,차대차 - 추돌 - 주정차중,안전운전불이행,건조,맑음,단일로 - 기타,승용,남,45세,상해없음,승용,남,41세,경상
2014021300100435,2014년 2월 13일 19시,목요일,광주광역시 광산구 산정동,중상사고,0,1,1,0,차대사람 - 기타,과속,건조,맑음,단일로 - 기타,승용,남,31세,상해없음,보행자,여,13세,경상
2014021300100465,2014년 2월 13일 20시,목요일,광주광역시 서구 농성동,경상사고,0,0,6,0,차대차 - 기타,안전운전불이행,건조,맑음,교차로 - 교차로부근,승용,남,31세,상해없음,승용,남,49세,경상
2014021300100466,2014년 2월 13일 20시,목요일,광주광역시 서구 풍암동,경상사고,0,0,1,0,차량단독 - 기타,안전운전불이행,건조,맑음,교차로 - 교차로부근,승용,남,39세,상해없음,,,,
2014021300100499,2014년 2월 13일 21시,목요일,광주광역시 서구 유촌동,경상사고,0,0,5,0,차대차 - 추돌 - 진행중,안전거리미확보,건조,맑음,단일로 - 기타,승용,여,40세,경상,승용,남,27세,경상
2014021300100533,2014년 2월 13일 22시,목요일,광주광역시 광산구 월곡동,경상사고,0,0,1,0,차대차 - 기타,안전운전불이행,건조,맑음,교차로 - 교차로안,승용,남,39세,상해없음,승용,남,61세,경상
2014021300100555,2014년 2월 13일 23시,목요일,광주광역시 서구 쌍촌동,경상사고,0,0,1,0,차대차 - 기타,안전운전불이행,건조,맑음,단일로 - 기타,승용,남,34세,기타불명,승용,남,56세,경상
2014021400100019,2014년 2월 14일 00시,금요일,광주광역시 북구 신용동,경상사고,0,0,1,0,차대차 - 기타,신호위반,건조,맑음,교차로 - 교차로안,기타불명,기타불명,기타불명,기타불명,자전거,남,17세,경상
2014021400100048,2014년 2월 14일 02시,금요일,광주광역시 동구 불로동,경상사고,0,0,1,0,차대차 - 측면직각충돌,신호위반,건조,맑음,교차로 - 교차로안,승용,남,46세,상해없음,승용,남,28세,경상
2014021400100089,2014년 2월 14일 06시,금요일,광주광역시 북구 중흥동,중상사고,0,1,0,0,차대차 - 측면직각충돌,신호위반,건조,맑음,교차로 - 교차로안,승용,남,20세,상해없음,화물,남,48세,중상
2014021400100107,2014년 2월 14일 07시,금요일,광주광역시 북구 두암동,중상사고,0,1,0,0,차대사람 - 기타,안전운전불이행,건조,맑음,단일로 - 기타,화물,남,57세,상해없음,보행자,여,68세,중상
2014021400100108,2014년 2월 14일 07시,금요일,광주광역시 광산구 수완동,부상신고사고,0,0,0,1,차대차 - 측면직각충돌,신호위반,건조,맑음,교차로 - 교차로안,승용,남,61세,상해없음,승용,여,30세,부상신고
2014021400100132,2014년 2월 14일 08시,금요일,광주광역시 동구 서석동,중상사고,0,1,0,0,차대사람 - 횡단중,보행자보호의무위반,건조,맑음,단일로 - 횡단보도상,승용,여,32세,상해없음,보행자,남,81세,중상
2014021400100133,2014년 2월 14일 08시,금요일,광주광역시 광산구 신창동,경상사고,0,0,1,1,차대차 - 추돌 - 주정차중,안전거리미확보,건조,맑음,단일로 - 기타,승용,남,53세,상해없음,승용,여,38세,경상
2014021400100134,2014년 2월 14일 08시,금요일,광주광역시 광산구 월전동,경상사고,0,0,1,0,차대차 - 측면직각충돌,신호위반,건조,맑음,교차로 - 교차로안,승용,남,56세,상해없음,승용,남,43세,상해없음
2014021400100199,2014년 2월 14일 11시,금요일,광주광역시 북구 신용동,경상사고,0,0,3,0,차대차 - 측면직각충돌,교차로운행방법위반,건조,맑음,교차로 - 교차로안,승용,남,52세,상해없음,화물,남,34세,경상
2014021400100200,2014년 2월 14일 11시,금요일,광주광역시 광산구 도산동,중상사고,0,1,2,0,차대차 - 추돌 - 진행중,교차로운행방법위반,건조,맑음,교차로 - 교차로안,승용,여,50세,경상,승용,남,55세,경상
2014021400100277,2014년 2월 14일 14시,금요일,광주광역시 서구 양동,경상사고,0,0,1,0,차대차 - 추돌 - 주정차중,안전운전불이행,건조,맑음,단일로 - 기타,승용,여,48세,상해없음,승용,여,39세,경상
2014021400100278,2014년 2월 14일 14시,금요일,광주광역시 남구 봉선동,경상사고,0,0,2,0,차대차 - 측면직각충돌,안전운전불이행,건조,맑음,교차로 - 교차로안,승용,여,47세,경상,승용,남,63세,경상
2014021400100352,2014년 2월 14일 17시,금요일,광주광역시 서구 광천동,경상사고,0,0,2,0,차대차 - 측면직각충돌,안전운전불이행,건조,맑음,교차로 - 교차로안,화물,남,73세,상해없음,승용,남,48세,경상
2014021400100353,2014년 2월 14일 17시,금요일,광주광역시 광산구 신촌동,경상사고,0,0,2,0,차대차 - 측면직각충돌,안전거리미확보,건조,맑음,단일로 - 기타,승용,남,59세,상해없음,승용,여,40세,경상
2014021400100398,2014년 2월 14일 18시,금요일,광주광역시 광산구 신가동,경상사고,0,0,2,0,차대차 - 추돌 - 진행중,안전운전불이행,건조,맑음,단일로 - 기타,승용,남,33세,상해없음,승용,남,29세,경상