사고번호,사고일시,요일,시군구,사고내용,사망자수,중상자수,경상자수,부상신고자수,사고유형,법규위반,노면상태,기상상태,도로형태,가해운전자 차종,가해운전자 성별,가해운전자 연령,가해운전자 상해정도,피해운전자 차종,피해운전자 성별,피해운전자 연령,피해운전자 상해정도
2014022700100115,2014년 2월 27일 07시,목요일,광주광역시 광산구 신창동,중상사고,0,1,0,0,차대차 - 측면직각충돌,안전운전불이행,건조,맑음,단일로 - 기타,승용,여,47세,상해없음,자전거,남,57세,중상
2014022700100144,2014년 2월 27일 08시,목요일,광주광역시 남구 백운동,경상사고,0,0,2,0,차대차 - 측면직각충돌,교차로운행방법위반,건조,맑음,교차로 - 교차로안,승용,남,30세,상해없음,승용,여,58세,경상
2014022700100209,2014년 2월 27일 11시,목요일,광주광역시 북구 용두동,경상사고,0,0,1,2,차대차 - 측면직각충돌,안전거리미확보,건조,맑음,단일로 - 기타,승용,남,25세,부상신고,승합,남,51세,상해없음
2014022700100304,2014년 2월 27일 15시,목요일,광주광역시 북구 태령동,경상사고,0,0,1,0,차대차 - 추돌 - 진행중,안전운전불이행,건조,맑음,교차로 - 교차로안,건설기계,남,55세,상해없음,화물,여,49세,경상
2014022700100395,2014년 2월 27일 18시,목요일,광주광역시 북구 두암동,경상사고,0,0,1,0,차대차 - 기타,교차로운행방법위반,건조,맑음,교차로 - 교차로안,승합,남,22세,상해없음,원동기,남,29세,경상
2014022700100433,2014년 2월 27일 19시,목요일,광주광역시 남구 봉선동,경상사고,0,0,1,0,차대사람 - 차도통행중,안전운전불이행,건조,맑음,단일로 - 기타,이륜,남,31세,상해없음,보행자,여,52세,경상
2014022700100500,2014년 2월 27일 21시,목요일,광주광역시 서구 화정동,경상사고,0,0,1,0,차대차 - 측면직각충돌,교차로운행방법위반,건조,맑음,단일로 - 기타,승용,여,23세,상해없음,원동기,남,33세,경상
2014022700100528,2014년 2월 27일 22시,목요일,광주광역시 동구 광산동,경상사고,0,0,3,0,차대차 - 측면직각충돌,안전거리미확보,건조,맑음,단일로 - 기타,승용,남,22세,상해없음,승용,여,48세,경상
2014022700100529,2014년 2월 27일 22시,목요일,광주광역시 서구 금호동,경상사고,0,0,3,0,차대차 - 추돌 - 진행중,안전운전불이행,건조,맑음,단일로 - 기타,승용,남,44세,상해없음,승용,남,59세,경상
2014022700100551,2014년 2월 27일 23시,목요일,광주광역시 서구 치평동,경상사고,0,0,3,0,차대차 - 기타,안전운전불이행,건조,맑음,교차로 - 교차로부근,승용,남,36세,상해없음,승용,남,50세,경상
2014022800100015,2014년 2월 28일 00시,금요일,광주광역시 광산구 쌍암동,경상사고,0,0,3,2,차대차 - 측면직각충돌,신호위반,건조,맑음,교차로 - 교차로안,승용,남,38세,상해없음,화물,남,53세,경상
2014022800100037,2014년 2월 28일 02시,금요일,광주광역시 동구 금남로5가,부상신고사고,0,0,0,1,차량단독 - 공작물충돌,안전운전불이행,건조,흐림,단일로 - 기타,승용,남,45세,부상신고,,,,
2014022800100085,2014년 2월 28일 07시,금요일,광주광역시 서구 풍암동,경상사고,0,0,2,0,차대차 - 측면직각충돌,안전거리미확보,건조,맑음,단일로 - 기타,승용,여,52세,상해없음,승용,남,42세,경상
2014022800100086,2014년 2월 28일 07시,금요일,광주광역시 광산구 용봉동,경상사고,0,0,1,0,차대차 - 측면직각충돌,신호위반,건조,맑음,교차로 - 교차로부근,승용,남,39세,상해없음,승용,남,29세,경상
2014022800100133,2014년 2월 28일 09시,금요일,광주광역시 동구 내남동,경상사고,0,0,2,0,차대차 - 측면직각충돌,신호위반,건조,맑음,교차로 - 교차로안,화물,남,54세,상해없음,승용,여,58세,상해없음
2014022800100134,2014년 2월 28일 09시,금요일,광주광역시 북구 중흥동,경상사고,0,0,1,0,차대차 - 측면직각충돌,신호위반,건조,맑음,교차로 - 교차로안,원동기,남,49세,경상,승합,여,44세,상해없음
2014022800100155,2014년 2월 28일 10시,금요일,광주광역시 북구 두암동,중상사고,0,1,0,0,차대차 - 기타,안전운전불이행,건조,맑음,교차로 - 교차로안,승용,여,24세,상해없음,자전거,남,76세,중상
2014022800100193,2014년 2월 28일 12시,금요일,광주광역시 서구 풍암동,경상사고,0,0,3,0,차대차 - 기타,안전거리미확보,건조,맑음,교차로 - 교차로안,승용,남,53세,기타불명,승용,남,28세,경상
2014022800100194,2014년 2월 28일 12시,금요일,광주광역시 광산구 도천동,경상사고,0,0,1,0,차대사람 - 횡단중,안전운전불이행,건조,맑음,단일로 - 기타,승용,여,36세,상해없음,보행자,남,45세,경상
2014022800100290,2014년 2월 28일 15시,금요일,광주광역시 북구 연제동,경상사고,0,0,1,0,차대차 - 측면직각충돌,안전운전불이행,건조,맑음,단일로 - 기타,승용,여,51세,상해없음,승용,남,45세,상해없음
2014022800100329,2014년 2월 28일 16시,금요일,광주광역시 동구 학동,중상사고,0,1,0,0,차대사람 - 횡단중,안전운전불이행,건조,맑음,단일로 - 기타,승용,남,49세,상해없음,보행자,남,89세,중상
2014022800100364,2014년 2월 28일 17시,금요일,광주광역시 북구 우산동,경상사고,0,0,1,0,차대차 - 측면직각충돌,교차로운행방법위반,건조,맑음,교차로 - 교차로안,승용,남,20세,상해없음,자전거,남,12세,경상
2014022800100365,2014년 2월 28일 17시,금요일,광주광역시 북구 오치동,중상사고,0,1,1,0,차대차 - 측면직각충돌,안전운전불이행,건조,맑음,교차로 - 교차로부근,화물,남,46세,상해없음,화물,남,48세,경상
2014022800100399,2014년 2월 28일 18시,금요일,광주광역시 북구 운암동,중상사고,0,1,0,0,차대사람 - 기타,안전운전불이행,건조,맑음,기타 - 기타,화물,남,61세,상해없음,보행자,남,51세,중상
2014022800100453,2014년 2월 28일 19시,금요일,광주광역시 광산구 신창동,중상사고,0,1,0,0,차대차 - 측면직각충돌,안전거리미확보,건조,맑음,교차로 - 교차로부근,화물,남,53세,상해없음,이륜,남,17세,중상
2014022800100484,2014년 2월 28일 20시,금요일,광주광역시 남구 진월동,중상사고,0,1,1,0,차대차 - 측면직각충돌,신호위반,건조,맑음,단일로 - 기타,승용,남,23세,상해없음,승용,여,29세,경상
2014022800100485,2014년 2월 28일 20시,금요일,광주광역시 북구 오치동,중상사고,0,1,0,0,차대사람 - 기타,신호위반,건조,맑음,교차로 - 교차로부근,이륜,남,38세,상해없음,보행자,여,47세,중상
2014022800100486,2014년 2월 28일 20시,금요일,광주광역시 북구 운암동,중상사고,0,1,0,0,차대사람 - 횡단중,안전운전불이행,건조,맑음,교차로 - 교차로안,승용,남,62세,상해없음,보행자,여,12세,중상
2014022800100487,2014년 2월 28일 20시,금요일,광주광역시 광산구 수완동,경상사고,0,0,2,0,차대차 - 측면직각충돌,불법유턴,건조,맑음,단일로 - 기타,승용,여,19세,상해없음,승용,여,28세,경상
2014022800100519,2014년 2월 28일 21시,금요일,광주광역시 북구 각화동,경상사고,0,0,2,0,차대차 - 측면직각충돌,안전운전불이행,건조,맑음,단일로 - 기타,승용,남,23세,상해없음,승용,남,32세,경상
2014030100100067,2014년 3월 1일 01시,토요일,광주광역시 동구 선교동,경상사고,0,0,1,0,차대사람 - 횡단중,안전운전불이행,건조,맑음,단일로 - 횡단보도상,승용,남,65세,상해없음,보행자,남,25세,경상
2014030100100107,2014년 3월 1일 03시,토요일,광주광역시 동구 동명동,경상사고,0,0,1,0,차대차 - 기타,안전운전불이행,건조,맑음,단일로 - 기타,승용,남,28세,경상,승용,여,37세,기타불명
2014030100100108,2014년 3월 1일 03시,토요일,광주광역시 광산구 운남동,경상사고,0,0,1,0,차대사람 - 기타,안전운전불이행,건조,맑음,단일로 - 기타,승용,남,34세,기타불명,보행자,남,44세,경상
2014030100100131,2014년 3월 1일 05시,토요일,광주광역시 서구 농성동,경상사고,0,0,2,0,차대차 - 측면직각충돌,신호위반,습기,맑음,교차로 - 교차로안,승용,여,70세,경상,승용,남,61세,경상
2014030100100165,2014년 3월 1일 07시,토요일,광주광역시 북구 용두동,경상사고,0,0,1,0,차대차 - 측면직각충돌,안전운전불이행,건조,맑음,단일로 - 기타,기타불명,기타불명,기타불명,기타불명,승용,남,58세,경상
2014030100100236,2014년 3월 1일 11시,토요일,광주광역시 북구 양산동,경상사고,0,0,2,0,차대차 - 측면직각충돌,안전운전불이행,건조,맑음,교차로 - 교차로안,화물,남,39세,상해없음,승용,남,43세,경상
2014030100100262,2014년 3월 1일 12시,토요일,광주광역시 광산구 월계동,경상사고,0,0,1,0,차대차 - 추돌 - 진행중,안전거리미확보,습기,비,교차로 - 교차로부근,화물,남,37세,상해없음,승용,여,30세,경상
2014030100100417,2014년 3월 1일 18시,토요일,광주광역시 서구 풍암동,중상사고,0,1,0,0,차대사람 - 횡단중,보행자보호의무위반,습기,비,교차로 - 교차로부근,화물,남,53세,상해없음,보행자,여,28세,중상
2014030100100418,2014년 3월 1일 18시,토요일,광주광역시 남구 백운동,중상사고,0,1,0,0,차대사람 - 횡단중,안전운전불이행,건조,맑음,기타 - 기타,승용,남,51세,상해없음,보행자,남,74세,중상
2014030100100459,2014년 3월 1일 19시,토요일,광주광역시 북구 중흥동,부상신고사고,0,0,0,1,차대사람 - 횡단중,안전운전불이행,습기,비,단일로 - 기타,승용,남,53세,상해없음,보행자,여,69세,부상신고
2014030100100460,2014년 3월 1일 19시,토요일,광주광역시 북구 삼각동,경상사고,0,0,1,0,차대사람 - 횡단중,안전운전불이행,습기,흐림,단일로 - 기타,원동기,남,47세,상해없음,보행자,남,60세,경상
2014030100100461,2014년 3월 1일 19시,토요일,광주광역시 광산구 산월동,중상사고,0,3,4,0,차대차 - 측면직각충돌,안전운전불이행,습기,비,교차로 - 교차로안,승용,남,71세,중상,승용,남,26세,경상
2014030100100492,2014년 3월 1일 20시,토요일,광주광역시 동구 산수동,경상사고,0,0,1,0,차대차 - 기타,차로위반,습기,흐림,단일로 - 기타,이륜,남,55세,경상,승용,여,53세,상해없음
2014030100100493,2014년 3월 1일 20시,토요일,광주광역시 광산구 송정동,경상사고,0,0,1,0,차대사람 - 기타,안전운전불이행,습기,비,단일로 - 기타,승용,여,24세,상해없음,보행자,남,60세,경상
2014030100100524,2014년 3월 1일 21시,토요일,광주광역시 북구 임동,경상사고,0,0,3,0,차대차 - 측면직각충돌,안전운전불이행,건조,맑음,단일로 - 기타,화물,남,47세,상해없음,승용,남,33세,경상
2014030100100525,2014년 3월 1일 21시,토요일,광주광역시 북구 운암동,경상사고,0,0,1,0,차대차 - 측면직각충돌,안전운전불이행,건조,맑음,단일로 - 기타,원동기,남,18세,상해없음,승용,남,53세,경상
2014030100100554,2014년 3월 1일 22시,토요일,광주광역시 남구 백운동,경상사고,0,0,1,0,차대사람 - 기타,안전운전불이행,습기,흐림,교차로 - 교차로부근,승용,남,31세,상해없음,보행자,여,53세,경상
2014030100100555,2014년 3월 1일 22시,토요일,광주광역시 광산구 월계동,경상사고,0,0,3,0,차대차 - 추돌 - 진행중,안전운전불이행,습기,맑음,교차로 - 교차로부근,승용,남,40세,상해없음,승용,남,39세,상해없음
2014030100100576,2014년 3월 1일 23시,토요일,광주광역시 서구 화정동,경상사고,0,0,5,0,차대차 - 추돌 - 주정차중,안전운전불이행,습기,비,단일로 - 기타,화물,남,33세,상해없음,승용,남,60세,경상
2014030100100577,2014년 3월 1일 23시,토요일,광주광역시 서구 치평동,경상사고,0,0,2,0,차대차 - 측면직각충돌,교차로운행방법위반,건조,맑음,교차로 - 교차로안,승용,남,43세,상해없음,승용,남,35세,상해없음
2014030100100578,2014년 3월 1일 23시,토요일,광주광역시 광산구 신가동,경상사고,0,0,1,0,차대차 - 측면직각충돌,안전거리미확보,건조,맑음,교차로 - 교차로부근,승용,남,54세,상해없음,원동기,남,37세,경상
2014030200100021,2014년 3월 2일 00시,일요일,광주광역시 동구 월남동,중상사고,0,1,0,0,차대사람 - 횡단중,안전운전불이행,습기,흐림,단일로 - 기타,승용,남,48세,상해없음,보행자,여,47세,중상
2014030200100022,2014년 3월 2일 00시,일요일,광주광역시 서구 내방동,경상사고,0,0,1,0,차대차 - 추돌 - 주정차중,안전운전불이행,건조,맑음,단일로 - 기타,승용,남,25세,상해없음,승용,남,27세,경상
2014030200100023,2014년 3월 2일 00시,일요일,광주광역시 광산구 수완동,부상신고사고,0,0,0,1,차대차 - 추돌 - 진행중,안전운전불이행,습기,흐림,단일로 - 기타,승용,여,31세,상해없음,승용,남,24세,부상신고
2014030200100040,2014년 3월 2일 01시,일요일,광주광역시 광산구 월계동,중상사고,0,1,0,0,차대사람 - 보도통행중,신호위반,건조,맑음,단일로 - 횡단보도상,승용,남,23세,상해없음,보행자,남,17세,중상
2014030200100134,2014년 3월 2일 09시,일요일,광주광역시 북구 운암동,경상사고,0,0,1,0,차대차 - 측면직각충돌,교차로운행방법위반,건조,맑음,교차로 - 교차로안,승용,여,39세,상해없음,원동기,남,53세,경상
2014030200100285,2014년 3월 2일 16시,일요일,광주광역시 북구 문흥동,경상사고,0,0,2,0,차대차 - 추돌 - 진행중,안전운전불이행,건조,맑음,단일로 - 기타,승용,남,51세,상해없음,승용,남,37세,경상
2014030200100354,2014년 3월 2일 18시,일요일,광주광역시 동구 호남동,부상신고사고,0,0,0,1,차대차 - 기타,안전운전불이행,건조,맑음,단일로 - 기타,자전거,남,20세,부상신고,승용,남,60세,상해없음
2014030200100355,2014년 3월 2일 18시,일요일,광주광역시 북구 양산동,중상사고,0,1,0,0,차대사람 - 횡단중,안전운전불이행,건조,맑음,단일로 - 기타,승용,남,34세,상해없음,보행자,여,16세,중상
2014030200100406,2014년 3월 2일 20시,일요일,광주광역시 서구 치평동,경상사고,0,0,1,0,차대차 - 기타,안전운전불이행,건조,맑음,단일로 - 기타,승용,남,59세,상해없음,승용,여,32세,경상
2014030200100446,2014년 3월 2일 22시,일요일,광주광역시 남구 백운동,경상사고,0,0,4,0,차대차 - 측면직각충돌,안전운전불이행,건조,맑음,교차로 - 교차로안,승용,남,34세,경상,승용,여,35세,경상
2014030300100008,2014년 3월 3일 00시,월요일,광주광역시 광산구 수완동,경상사고,0,0,2,0,차대차 - 측면직각충돌,안전운전불이행,건조,맑음,교차로 - 교차로부근,승용,남,23세,상해없음,승용,남,31세,경상
2014030300100079,2014년 3월 3일 07시,월요일,광주광역시 동구 선교동,경상사고,0,0,3,0,차대차 - 추돌 - 진행중,안전거리미확보,건조,맑음,단일로 - 기타,승용,남,53세,경상,승용,여,54세,경상
2014030300100080,2014년 3월 3일 07시,월요일,광주광역시 동구 선교동,경상사고,0,0,4,0,차대차 - 추돌 - 진행중,안전거리미확보,건조,맑음,단일로 - 기타,승용,여,49세,경상,승용,남,53세,경상
2014030300100128,2014년 3월 3일 08시,월요일,광주광역시 북구 용전동,경상사고,0,0,5,0,차대차 - 기타,교차로운행방법위반,건조,맑음,단일로 - 기타,화물,남,40세,경상,화물,남,63세,경상
2014030300100167,2014년 3월 3일 09시,월요일,광주광역시 남구 백운동,중상사고,0,1,0,0,차대차 - 측면직각충돌,중앙선침범,건조,맑음,단일로 - 기타,승용,남,46세,상해없음,이륜,여,28세,중상
2014030300100168,2014년 3월 3일 09시,월요일,광주광역시 북구 각화동,경상사고,0,0,1,0,차대차 - 기타,안전운전불이행,건조,맑음,기타 - 기타,승합,남,62세,상해없음,승용,남,57세,경상
2014030300100169,2014년 3월 3일 09시,월요일,광주광역시 북구 두암동,중상사고,0,1,0,0,차대사람 - 기타,안전운전불이행,건조,맑음,단일로 - 기타,승용,남,54세,상해없음,보행자,여,68세,중상
2014030300100170,2014년 3월 3일 09시,월요일,광주광역시 북구 유동,경상사고,0,0,1,0,차대차 - 기타,안전운전불이행,건조,맑음,교차로 - 교차로안,승용,남,22세,상해없음,승용,남,51세,상해없음
2014030300100214,2014년 3월 3일 11시,월요일,광주광역시 북구 중흥동,경상사고,0,0,2,0,차대차 - 추돌 - 진행중,안전운전불이행,건조,맑음,단일로 - 기타,화물,남,67세,상해없음,화물,남,41세,경상
2014030300100215,2014년 3월 3일 11시,월요일,광주광역시 광산구 흑석동,경상사고,0,0,1,0,차대차 - 추돌 - 진행중,안전거리미확보,건조,맑음,단일로 - 기타,승용,남,45세,상해없음,승용,여,21세,경상
2014030300100241,2014년 3월 3일 12시,월요일,광주광역시 서구 매월동,경상사고,0,0,2,0,차대차 - 추돌 - 주정차중,안전거리미확보,건조,맑음,단일로 - 기타,화물,남,28세,상해없음,승용,여,55세,경상
2014030300100279,2014년 3월 3일 13시,월요일,광주광역시 서구 화정동,경상사고,0,0,1,0,차대차 - 기타,안전운전불이행,건조,맑음,단일로 - 기타,승용,여,52세,상해없음,승용,남,31세,상해없음
2014030300100280,2014년 3월 3일 13시,월요일,광주광역시 북구 신안동,경상사고,0,0,1,0,차대차 - 기타,신호위반,건조,맑음,교차로 - 교차로안,승용,남,64세,상해없음,승용,남,35세,경상
2014030300100451,2014년 3월 3일 18시,월요일,광주광역시 동구 동명동,경상사고,0,0,1,0,차대차 - 측면직각충돌,기타,건조,흐림,단일로 - 기타,승용,남,67세,상해없음,자전거,남,28세,경상
2014030300100452,2014년 3월 3일 18시,월요일,광주광역시 남구 진월동,경상사고,0,0,1,0,차대차 - 기타,안전거리미확보,건조,맑음,단일로 - 기타,승용,남,50세,상해없음,승용,남,56세,경상
2014030300100453,2014년 3월 3일 18시,월요일,광주광역시 북구 운암동,경상사고,0,0,1,0,차대차 - 측면직각충돌,교차로운행방법위반,건조,맑음,교차로 - 교차로안,승용,남,23세,상해없음,승용,남,32세,경상
2014030300100524,2014년 3월 3일 20시,월요일,광주광역시 북구 양산동,경상사고,0,0,1,0,차대차 - 추돌 - 진행중,안전거리미확보,건조,맑음,단일로 - 기타,승용,남,41세,상해없음,승용,여,41세,경상
2014030300100554,2014년 3월 3일 21시,월요일,광주광역시 서구 쌍촌동,중상사고,0,1,0,0,차대사람 - 횡단중,보행자보호의무위반,건조,맑음,교차로 - 교차로안,원동기,남,31세,상해없음,보행자,남,65세,중상
2014030300100555,2014년 3월 3일 21시,월요일,광주광역시 광산구 수완동,경상사고,0,0,3,0,차대차 - 기타,안전운전불이행,건조,맑음,교차로 - 교차로부근,승합,남,59세,상해없음,승용,남,43세,경상
2014030300100603,2014년 3월 3일 23시,월요일,광주광역시 광산구 산정동,경상사고,0,0,3,0,차대차 - 추돌 - 주정차중,안전운전불이행,건조,맑음,교차로 - 교차로부근,승용,남,35세,경상,승용,남,50세,경상
2014030400100017,2014년 3월 4일 01시,화요일,광주광역시 광산구 우산동,경상사고,0,0,1,0,차대차 - 추돌 - 주정차중,교차로운행방법위반,건조,맑음,교차로 - 교차로안,승용,남,39세,상해없음,승용,남,53세,경상
2014030400100056,2014년 3월 4일 06시,화요일,광주광역시 북구 연제동,중상사고,0,1,0,0,차대사람 - 횡단중,안전운전불이행,건조,맑음,단일로 - 기타,승용,남,29세,상해없음,보행자,남,83세,중상
2014030400100237,2014년 3월 4일 14시,화요일,광주광역시 서구 쌍촌동,경상사고,0,0,1,0,차대차 - 측면직각충돌,교차로운행방법위반,건조,맑음,교차로 - 교차로안,승용,여,22세,상해없음,승용,여,47세,경상
2014030400100238,2014년 3월 4일 14시,화요일,광주광역시 북구 각화동,경상사고,0,0,1,0,차대차 - 측면직각충돌,신호위반,건조,맑음,교차로 - 교차로안,승용,남,59세,기타불명,승용,남,37세,경상
2014030400100268,2014년 3월 4일 15시,화요일,광주광역시 북구 문흥동,중상사고,0,1,0,0,차대사람 - 횡단중,보행자보호의무위반,건조,맑음,교차로 - 교차로부근,이륜,남,17세,상해없음,보행자,여,56세,중상
2014030400100326,2014년 3월 4일 17시,화요일,광주광역시 서구 치평동,중상사고,0,1,0,0,차대차 - 측면직각충돌,안전운전불이행,건조,맑음,단일로 - 횡단보도상,자전거,남,80세,중상,승용,남,38세,상해없음
2014030400100327,2014년 3월 4일 17시,화요일,광주광역시 북구 일곡동,중상사고,0,1,4,0,차대차 - 기타,중앙선침범,건조,맑음,단일로 - 기타,승합,남,57세,상해없음,승용,여,43세,경상
2014030400100352,2014년 3월 4일 18시,화요일,광주광역시 서구 내방동,경상사고,0,0,2,0,차대차 - 측면직각충돌,차로위반,습기,비,단일로 - 기타,승용,남,60세,상해없음,승용,남,47세,경상
2014030400100400,2014년 3월 4일 19시,화요일,광주광역시 서구 풍암동,중상사고,0,1,0,0,차대차 - 기타,안전운전불이행,건조,맑음,기타 - 기타,승용,여,45세,상해없음,자전거,남,22세,중상
2014030400100401,2014년 3월 4일 19시,화요일,광주광역시 서구 화정동,경상사고,0,0,1,0,차대차 - 추돌 - 진행중,안전운전불이행,건조,맑음,단일로 - 기타,승용,남,54세,상해없음,승용,여,30세,상해없음
2014030400100402,2014년 3월 4일 19시,화요일,광주광역시 북구 운암동,경상사고,0,0,1,0,차대차 - 측면직각충돌,중앙선침범,건조,맑음,단일로 - 기타,승용,여,58세,상해없음,이륜,남,16세,경상
2014030400100403,2014년 3월 4일 19시,화요일,광주광역시 북구 일곡동,경상사고,0,0,4,0,차대차 - 추돌 - 주정차중,안전운전불이행,건조,맑음,교차로 - 교차로부근,승용,남,39세,상해없음,화물,남,35세,경상
2014030400100404,2014년 3월 4일 19시,화요일,광주광역시 광산구 안청동,경상사고,0,0,2,0,차대차 - 측면직각충돌,신호위반,건조,맑음,교차로 - 교차로안,승용,남,56세,상해없음,승용,여,34세,경상
2014030400100430,2014년 3월 4일 20시,화요일,광주광역시 서구 치평동,경상사고,0,0,1,0,차대차 - 추돌 - 진행중,안전거리미확보,건조,맑음,단일로 - 기타,승용,남,35세,상해없음,화물,남,26세,경상
2014030400100480,2014년 3월 4일 22시,화요일,광주광역시 서구 금호동,경상사고,0,0,1,0,차대차 - 기타,안전운전불이행,건조,맑음,교차로 - 교차로안,승용,남,49세,경상,승용,남,42세,상해없음
2014030400100481,2014년 3월 4일 22시,화요일,광주광역시 남구 월산동,중상사고,0,1,0,0,차대사람 - 기타,안전운전불이행,건조,맑음,단일로 - 기타,승용,남,57세,상해없음,보행자,남,15세,중상
2014030400100502,2014년 3월 4일 23시,화요일,광주광역시 서구 유촌동,경상사고,0,0,1,0,차대차 - 추돌 - 진행중,안전운전불이행,건조,맑음,단일로 - 기타,승용,남,46세,상해없음,승용,남,37세,경상
2014030500100019,2014년 3월 5일 00시,수요일,광주광역시 북구 풍향동,경상사고,0,0,1,0,차대사람 - 횡단중,안전운전불이행,건조,맑음,단일로 - 기타,승용,남,46세,상해없음,보행자,남,43세,경상
2014030500100032,2014년 3월 5일 01시,수요일,광주광역시 광산구 우산동,사망사고,1,0,1,0,차대차 - 추돌 - 진행중,안전운전불이행,건조,맑음,교차로 - 교차로부근,승용,여,35세,사망,화물,남,52세,경상
2014030500100062,2014년 3월 5일 05시,수요일,광주광역시 서구 치평동,경상사고,0,0,1,0,차대차 - 측면직각충돌,교차로운행방법위반,건조,맑음,교차로 - 교차로안,승용,남,60세,상해없음,화물,남,56세,상해없음
2014030500100063,2014년 3월 5일 05시,수요일,광주광역시 남구 주월동,사망사고,1,0,0,0,차대사람 - 횡단중,안전운전불이행,건조,맑음,단일로 - 기타,승용,여,61세,상해없음,보행자,여,77세,사망
2014030500100078,2014년 3월 5일 06시,수요일,광주광역시 서구 화정동,중상사고,0,1,0,0,차대차 - 측면직각충돌,안전운전불이행,건조,맑음,교차로 - 교차로부근,승용,남,62세,상해없음,자전거,남,71세,중상
2014030500100079,2014년 3월 5일 06시,수요일,광주광역시 남구 진월동,경상사고,0,0,3,0,차대차 - 기타,안전운전불이행,건조,맑음,단일로 - 기타,승용,남,25세,상해없음,화물,남,44세,경상
2014030500100080,2014년 3월 5일 06시,수요일,광주광역시 북구 오치동,경상사고,0,0,1,0,차대사람 - 횡단중,보행자보호의무위반,건조,맑음,교차로 - 교차로부근,화물,남,41세,상해없음,보행자,남,59세,경상
2014030500100081,2014년 3월 5일 06시,수요일,광주광역시 북구 임동,경상사고,0,0,1,0,차대차 - 기타,신호위반,건조,맑음,교차로 - 교차로안,승용,남,63세,상해없음,승용,남,43세,경상
2014030500100103,2014년 3월 5일 07시,수요일,광주광역시 서구 치평동,경상사고,0,0,3,0,차대차 - 기타,신호위반,건조,맑음,교차로 - 교차로안,승용,남,65세,상해없음,승용,여,50세,경상
2014030500100134,2014년 3월 5일 08시,수요일,광주광역시 동구 대의동,경상사고,0,0,1,0,차대차 - 측면직각충돌,신호위반,건조,맑음,교차로 - 교차로안,승용,남,31세,상해없음,승용,남,64세,경상
2014030500100217,2014년 3월 5일 11시,수요일,광주광역시 동구 산수동,경상사고,0,0,2,0,차대차 - 기타,중앙선침범,건조,맑음,단일로 - 기타,승용,여,64세,경상,승용,남,51세,경상
2014030500100218,2014년 3월 5일 11시,수요일,광주광역시 광산구 월계동,경상사고,0,0,1,0,차대차 - 추돌 - 진행중,안전운전불이행,건조,맑음,단일로 - 기타,승용,여,36세,상해없음,승용,여,32세,경상
2014030500100239,2014년 3월 5일 12시,수요일,광주광역시 북구 오치동,경상사고,0,0,1,0,차대사람 - 보도통행중,기타,건조,맑음,기타 - 기타,승용,남,63세,상해없음,보행자,남,30세,경상
2014030500100240,2014년 3월 5일 12시,수요일,광주광역시 광산구 우산동,경상사고,0,0,2,0,차대차 - 측면직각충돌,직진우회전진행방해,건조,맑음,교차로 - 교차로안,승용,남,33세,경상,승용,여,48세,경상
2014030500100273,2014년 3월 5일 13시,수요일,광주광역시 남구 진월동,경상사고,0,0,1,0,차대차 - 측면직각충돌,교차로운행방법위반,건조,맑음,교차로 - 교차로안,승용,여,33세,상해없음,원동기,여,37세,경상
2014030500100274,2014년 3월 5일 13시,수요일,광주광역시 광산구 신촌동,중상사고,0,1,0,0,차대사람 - 횡단중,보행자보호의무위반,건조,맑음,단일로 - 기타,승용,남,48세,상해없음,보행자,남,69세,중상
2014030500100365,2014년 3월 5일 16시,수요일,광주광역시 서구 쌍촌동,경상사고,0,0,1,0,차대사람 - 길가장자리구역통행중,안전운전불이행,건조,맑음,단일로 - 기타,승용,남,56세,기타불명,보행자,여,32세,경상
2014030500100483,2014년 3월 5일 19시,수요일,광주광역시 서구 화정동,경상사고,0,0,1,0,차대사람 - 기타,안전운전불이행,건조,맑음,단일로 - 기타,원동기,남,18세,상해없음,보행자,남,25세,경상
2014030500100484,2014년 3월 5일 19시,수요일,광주광역시 광산구 우산동,경상사고,0,0,3,0,차대차 - 추돌 - 진행중,안전운전불이행,건조,맑음,교차로 - 교차로부근,승용,남,46세,상해없음,승용,남,32세,경상
2014030500100519,2014년 3월 5일 20시,수요일,광주광역시 남구 서동,경상사고,0,0,1,0,차대차 - 기타,안전운전불이행,건조,맑음,교차로 - 교차로부근,승용,남,38세,상해없음,이륜,남,42세,경상
2014030500100520,2014년 3월 5일 20시,수요일,광주광역시 광산구 흑석동,경상사고,0,0,3,0,차대차 - 정면충돌,신호위반,건조,맑음,교차로 - 교차로안,승용,남,38세,상해없음,승용,남,56세,경상
2014030500100521,2014년 3월 5일 20시,수요일,광주광역시 광산구 신창동,경상사고,0,0,2,0,차대차 - 기타,교차로운행방법위반,건조,맑음,교차로 - 교차로안,승용,남,62세,상해없음,승용,남,18세,경상
2014030500100549,2014년 3월 5일 21시,수요일,광주광역시 남구 봉선동,경상사고,0,0,4,0,차대차 - 추돌 - 주정차중,안전운전불이행,건조,맑음,교차로 - 교차로부근,승용,남,53세,상해없음,승용,남,32세,경상
2014030500100550,2014년 3월 5일 21시,수요일,광주광역시 남구 월산동,경상사고,0,0,2,0,차대차 - 추돌 - 주정차중,중앙선침범,건조,맑음,단일로 - 기타,승용,여,23세,상해없음,승합,남,40세,경상
2014030500100578,2014년 3월 5일 22시,수요일,광주광역시 광산구 월계동,경상사고,0,0,1,0,차대사람 - 횡단중,안전운전불이행,건조,맑음,교차로 - 교차로부근,승용,남,43세,상해없음,보행자,남,18세,경상