사고번호,사고일시,요일,시군구,사고내용,사망자수,중상자수,경상자수,부상신고자수,사고유형,법규위반,노면상태,기상상태,도로형태,가해운전자 차종,가해운전자 성별,가해운전자 연령,가해운전자 상해정도,피해운전자 차종,피해운전자 성별,피해운전자 연령,피해운전자 상해정도
2014032500100633,2014년 3월 25일 23시,화요일,광주광역시 서구 풍암동,경상사고,0,0,2,0,차대차 - 측면직각충돌,교차로운행방법위반,건조,맑음,교차로 - 교차로안,승용,남,47세,기타불명,승용,여,32세,경상
2014032600100029,2014년 3월 26일 00시,수요일,광주광역시 광산구 임곡동,부상신고사고,0,0,0,1,차량단독 - 전도전복,안전운전불이행,습기,비,기타 - 기타,승용,남,31세,부상신고,,,,
2014032600100090,2014년 3월 26일 04시,수요일,광주광역시 남구 월산동,경상사고,0,0,4,0,차대차 - 측면직각충돌,신호위반,습기,비,교차로 - 교차로안,승용,여,50세,상해없음,승용,여,30세,경상
2014032600100190,2014년 3월 26일 08시,수요일,광주광역시 서구 동천동,경상사고,0,0,1,0,차대사람 - 횡단중,안전운전불이행,습기,흐림,단일로 - 기타,승용,여,27세,상해없음,보행자,남,6세,경상
2014032600100218,2014년 3월 26일 09시,수요일,광주광역시 동구 동명동,중상사고,0,1,0,0,차대차 - 기타,안전거리미확보,건조,맑음,단일로 - 기타,승용,남,62세,상해없음,승용,여,40세,중상
2014032600100273,2014년 3월 26일 11시,수요일,광주광역시 광산구 우산동,중상사고,0,1,0,0,차대차 - 기타,안전운전불이행,습기,비,단일로 - 기타,승용,남,43세,상해없음,이륜,남,44세,중상
2014032600100318,2014년 3월 26일 13시,수요일,광주광역시 북구 운암동,경상사고,0,0,3,0,차대차 - 측면직각충돌,신호위반,건조,맑음,교차로 - 교차로안,승용,여,67세,경상,승용,남,44세,경상
2014032600100319,2014년 3월 26일 13시,수요일,광주광역시 광산구 장덕동,경상사고,0,0,1,0,차량단독 - 공작물충돌,안전운전불이행,습기,흐림,단일로 - 기타,화물,여,34세,경상,,,,
2014032600100351,2014년 3월 26일 14시,수요일,광주광역시 북구 양산동,경상사고,0,0,3,0,차대차 - 추돌 - 진행중,안전운전불이행,건조,맑음,교차로 - 교차로안,승합,남,36세,경상,승용,남,25세,경상
2014032600100352,2014년 3월 26일 14시,수요일,광주광역시 북구 임동,경상사고,0,0,3,0,차대차 - 측면직각충돌,안전거리미확보,건조,맑음,단일로 - 기타,승용,남,51세,경상,승용,여,60세,경상
2014032600100376,2014년 3월 26일 15시,수요일,광주광역시 광산구 선동,중상사고,0,1,0,0,차량단독 - 공작물충돌,안전운전불이행,건조,맑음,단일로 - 기타,승용,여,52세,중상,,,,
2014032600100377,2014년 3월 26일 15시,수요일,광주광역시 광산구 장덕동,경상사고,0,0,1,0,차대차 - 추돌 - 주정차중,안전운전불이행,건조,맑음,교차로 - 교차로부근,승용,남,42세,상해없음,승용,여,39세,경상
2014032600100401,2014년 3월 26일 16시,수요일,광주광역시 남구 방림동,경상사고,0,0,1,0,차대차 - 기타,교차로운행방법위반,건조,맑음,교차로 - 교차로안,승용,남,26세,상해없음,승용,여,33세,경상
2014032600100402,2014년 3월 26일 16시,수요일,광주광역시 북구 북동,경상사고,0,0,3,0,차대차 - 측면직각충돌,안전거리미확보,건조,맑음,단일로 - 기타,승용,남,52세,경상,승용,남,59세,경상
2014032600100403,2014년 3월 26일 16시,수요일,광주광역시 광산구 쌍암동,중상사고,0,1,0,0,차대사람 - 횡단중,신호위반,건조,맑음,단일로 - 횡단보도상,승용,남,78세,상해없음,보행자,여,48세,중상
2014032600100445,2014년 3월 26일 17시,수요일,광주광역시 서구 풍암동,경상사고,0,0,1,0,차대차 - 측면직각충돌,안전거리미확보,건조,맑음,교차로 - 교차로부근,승합,남,46세,상해없음,승용,남,59세,경상
2014032600100483,2014년 3월 26일 18시,수요일,광주광역시 서구 치평동,경상사고,0,0,1,0,차대차 - 측면직각충돌,안전운전불이행,건조,맑음,단일로 - 기타,자전거,남,35세,경상,승용,여,35세,상해없음
2014032600100484,2014년 3월 26일 18시,수요일,광주광역시 서구 농성동,중상사고,0,1,0,0,차대사람 - 기타,안전운전불이행,건조,맑음,단일로 - 기타,승용,남,43세,상해없음,보행자,남,9세,중상
2014032600100485,2014년 3월 26일 18시,수요일,광주광역시 광산구 우산동,경상사고,0,0,1,0,차대차 - 측면직각충돌,신호위반,건조,맑음,교차로 - 교차로안,원동기,남,17세,경상,화물,남,49세,상해없음
2014032600100531,2014년 3월 26일 19시,수요일,광주광역시 서구 광천동,경상사고,0,0,1,0,차대차 - 추돌 - 진행중,안전운전불이행,건조,맑음,단일로 - 기타,승용,남,65세,상해없음,원동기,남,41세,경상
2014032600100532,2014년 3월 26일 19시,수요일,광주광역시 북구 동림동,경상사고,0,0,1,0,차대사람 - 기타,안전운전불이행,건조,맑음,단일로 - 기타,승용,여,31세,상해없음,보행자,여,43세,경상
2014032600100604,2014년 3월 26일 21시,수요일,광주광역시 서구 풍암동,중상사고,0,1,0,0,차대사람 - 기타,안전운전불이행,건조,맑음,단일로 - 횡단보도상,승용,남,33세,상해없음,보행자,여,60세,중상
2014032600100605,2014년 3월 26일 21시,수요일,광주광역시 광산구 우산동,경상사고,0,0,1,0,차대차 - 추돌 - 진행중,직진우회전진행방해,건조,맑음,교차로 - 교차로안,승용,남,58세,상해없음,승용,남,41세,상해없음
2014032600100606,2014년 3월 26일 21시,수요일,광주광역시 광산구 쌍암동,경상사고,0,0,1,0,차대차 - 추돌 - 진행중,안전운전불이행,건조,맑음,교차로 - 교차로부근,승용,남,52세,상해없음,승용,남,28세,경상
2014032600100638,2014년 3월 26일 22시,수요일,광주광역시 광산구 운남동,경상사고,0,0,2,0,차대차 - 측면직각충돌,안전운전불이행,건조,맑음,단일로 - 기타,승용,여,27세,상해없음,승용,남,33세,경상
2014032600100663,2014년 3월 26일 23시,수요일,광주광역시 광산구 수완동,경상사고,0,0,1,0,차대차 - 추돌 - 진행중,안전거리미확보,건조,맑음,교차로 - 교차로부근,승용,남,39세,상해없음,승용,여,45세,경상
2014032700100018,2014년 3월 27일 00시,목요일,광주광역시 광산구 산정동,경상사고,0,0,1,0,차대차 - 측면직각충돌,신호위반,건조,맑음,교차로 - 교차로안,승용,남,58세,상해없음,승용,남,32세,경상
2014032700100046,2014년 3월 27일 02시,목요일,광주광역시 서구 동천동,경상사고,0,0,2,0,차대차 - 추돌 - 주정차중,안전운전불이행,건조,맑음,교차로 - 교차로부근,승용,남,43세,상해없음,승용,남,31세,경상
2014032700100061,2014년 3월 27일 04시,목요일,광주광역시 서구 쌍촌동,경상사고,0,0,3,0,차대차 - 추돌 - 진행중,안전운전불이행,건조,맑음,단일로 - 기타,승용,남,50세,상해없음,승용,남,69세,상해없음
2014032700100062,2014년 3월 27일 04시,목요일,광주광역시 북구 용봉동,경상사고,0,0,5,0,차대차 - 추돌 - 진행중,안전운전불이행,건조,맑음,단일로 - 기타,승용,여,46세,경상,승용,남,19세,경상
2014032700100111,2014년 3월 27일 07시,목요일,광주광역시 서구 화정동,경상사고,0,0,3,0,차대차 - 추돌 - 주정차중,안전거리미확보,건조,맑음,단일로 - 기타,화물,남,34세,상해없음,승용,여,43세,경상
2014032700100139,2014년 3월 27일 08시,목요일,광주광역시 북구 동림동,경상사고,0,0,1,0,차대차 - 측면직각충돌,차로위반,건조,맑음,단일로 - 기타,승용,남,54세,상해없음,승용,남,54세,경상
2014032700100149,2014년 3월 27일 08시,목요일,광주광역시 남구 주월동,경상사고,0,0,1,0,차대차 - 기타,신호위반,건조,맑음,교차로 - 교차로부근,승용,여,40세,상해없음,승용,남,44세,경상
2014032700100150,2014년 3월 27일 08시,목요일,광주광역시 북구 운암동,중상사고,0,1,0,0,차대차 - 측면직각충돌,안전운전불이행,건조,맑음,단일로 - 기타,승용,남,29세,상해없음,원동기,남,77세,중상
2014032700100151,2014년 3월 27일 08시,목요일,광주광역시 북구 중흥동,중상사고,0,1,0,0,차대사람 - 차도통행중,안전운전불이행,건조,맑음,단일로 - 기타,승용,남,49세,상해없음,보행자,여,24세,중상
2014032700100183,2014년 3월 27일 09시,목요일,광주광역시 동구 동명동,경상사고,0,0,1,0,차대차 - 추돌 - 주정차중,안전운전불이행,건조,맑음,단일로 - 기타,승용,남,86세,상해없음,화물,남,57세,경상
2014032700100209,2014년 3월 27일 10시,목요일,광주광역시 동구 금동,중상사고,0,1,0,0,차대사람 - 기타,안전운전불이행,건조,맑음,단일로 - 기타,화물,남,25세,상해없음,보행자,남,61세,중상
2014032700100372,2014년 3월 27일 16시,목요일,광주광역시 북구 운암동,중상사고,0,1,0,0,차대사람 - 보도통행중,기타,건조,맑음,단일로 - 기타,승용,남,42세,상해없음,보행자,여,70세,중상
2014032700100410,2014년 3월 27일 17시,목요일,광주광역시 남구 주월동,경상사고,0,0,1,0,차대차 - 측면직각충돌,기타,건조,맑음,교차로 - 교차로안,승용,남,50세,상해없음,승용,남,25세,상해없음
2014032700100443,2014년 3월 27일 18시,목요일,광주광역시 동구 산수동,경상사고,0,0,1,0,차대사람 - 보도통행중,기타,건조,맑음,단일로 - 기타,화물,남,44세,상해없음,보행자,남,76세,경상
2014032700100444,2014년 3월 27일 18시,목요일,광주광역시 동구 불로동,경상사고,0,0,1,0,차대차 - 추돌 - 주정차중,안전운전불이행,건조,맑음,교차로 - 교차로부근,승용,여,58세,상해없음,승용,여,45세,경상
2014032700100486,2014년 3월 27일 19시,목요일,광주광역시 북구 용봉동,경상사고,0,0,1,0,차대차 - 측면직각충돌,안전운전불이행,건조,맑음,단일로 - 기타,승용,남,55세,상해없음,자전거,남,9세,경상
2014032700100487,2014년 3월 27일 19시,목요일,광주광역시 북구 풍향동,경상사고,0,0,1,0,차대차 - 기타,안전운전불이행,건조,맑음,단일로 - 기타,승용,남,56세,상해없음,자전거,남,20세,경상
2014032700100511,2014년 3월 27일 20시,목요일,광주광역시 서구 동천동,중상사고,0,1,0,0,차대사람 - 기타,안전운전불이행,건조,맑음,단일로 - 기타,승용,남,45세,상해없음,보행자,남,3세,중상
2014032700100533,2014년 3월 27일 21시,목요일,광주광역시 서구 쌍촌동,경상사고,0,0,1,0,차대사람 - 차도통행중,안전운전불이행,건조,맑음,단일로 - 기타,승용,여,30세,상해없음,보행자,남,45세,경상
2014032700100563,2014년 3월 27일 22시,목요일,광주광역시 광산구 도산동,경상사고,0,0,3,0,차대차 - 측면직각충돌,안전운전불이행,건조,맑음,교차로 - 교차로안,이륜,남,16세,경상,승용,남,33세,경상
2014032800100035,2014년 3월 28일 01시,금요일,광주광역시 서구 농성동,경상사고,0,0,2,0,차대차 - 측면직각충돌,신호위반,건조,맑음,교차로 - 교차로안,승용,남,40세,상해없음,승용,남,40세,경상
2014032800100066,2014년 3월 28일 05시,금요일,광주광역시 동구 학동,경상사고,0,0,2,0,차대차 - 측면직각충돌,안전거리미확보,건조,맑음,단일로 - 기타,화물,남,54세,상해없음,승용,남,21세,경상
2014032800100103,2014년 3월 28일 07시,금요일,광주광역시 북구 본촌동,경상사고,0,0,2,0,차대차 - 측면직각충돌,교차로운행방법위반,건조,맑음,교차로 - 교차로안,승용,여,33세,경상,승용,여,31세,경상
2014032800100104,2014년 3월 28일 07시,금요일,광주광역시 광산구 옥동,경상사고,0,0,2,0,차대차 - 추돌 - 진행중,안전거리미확보,건조,맑음,교차로 - 교차로안,원동기,남,44세,상해없음,승용,남,30세,경상
2014032800100105,2014년 3월 28일 07시,금요일,광주광역시 광산구 운남동,중상사고,0,1,0,0,차대차 - 측면직각충돌,교차로운행방법위반,건조,맑음,교차로 - 교차로안,승용,남,26세,상해없음,승합,남,45세,중상
2014032800100138,2014년 3월 28일 08시,금요일,광주광역시 북구 신안동,경상사고,0,0,1,0,차대사람 - 횡단중,안전운전불이행,건조,맑음,단일로 - 기타,화물,남,54세,상해없음,보행자,여,23세,경상
2014032800100172,2014년 3월 28일 09시,금요일,광주광역시 광산구 월전동,경상사고,0,0,1,0,차대차 - 기타,안전거리미확보,건조,맑음,교차로 - 교차로부근,승용,남,39세,상해없음,승용,여,26세,경상
2014032800100198,2014년 3월 28일 10시,금요일,광주광역시 남구 주월동,경상사고,0,0,1,0,차대사람 - 기타,안전운전불이행,건조,맑음,단일로 - 기타,승용,여,59세,상해없음,보행자,남,73세,경상
2014032800100199,2014년 3월 28일 10시,금요일,광주광역시 광산구 월곡동,경상사고,0,0,1,0,차대차 - 측면직각충돌,교차로운행방법위반,건조,맑음,교차로 - 교차로안,승용,남,30세,상해없음,원동기,남,75세,경상
2014032800100245,2014년 3월 28일 12시,금요일,광주광역시 광산구 송정동,경상사고,0,0,1,0,차대사람 - 기타,안전운전불이행,건조,맑음,단일로 - 기타,승용,여,49세,상해없음,보행자,남,52세,경상
2014032800100278,2014년 3월 28일 13시,금요일,광주광역시 동구 산수동,경상사고,0,0,2,0,차대차 - 기타,교차로운행방법위반,건조,맑음,교차로 - 교차로부근,승용,여,54세,경상,승용,남,51세,경상
2014032800100305,2014년 3월 28일 14시,금요일,광주광역시 북구 양산동,경상사고,0,0,1,0,차대차 - 추돌 - 주정차중,교차로운행방법위반,건조,맑음,교차로 - 교차로부근,승용,여,36세,상해없음,승용,남,35세,상해없음
2014032800100340,2014년 3월 28일 15시,금요일,광주광역시 서구 화정동,중상사고,0,1,0,0,차대사람 - 횡단중,안전운전불이행,건조,맑음,단일로 - 기타,승용,남,54세,상해없음,보행자,여,11세,중상
2014032800100378,2014년 3월 28일 16시,금요일,광주광역시 서구 쌍촌동,경상사고,0,0,1,0,차대차 - 추돌 - 주정차중,안전운전불이행,건조,맑음,단일로 - 기타,승용,여,48세,상해없음,승용,여,51세,경상
2014032800100379,2014년 3월 28일 16시,금요일,광주광역시 광산구 월곡동,중상사고,0,1,0,0,차대차 - 측면직각충돌,안전운전불이행,건조,맑음,단일로 - 기타,화물,여,51세,상해없음,자전거,남,62세,중상
2014032800100380,2014년 3월 28일 16시,금요일,광주광역시 광산구 신가동,중상사고,0,1,0,0,차대차 - 측면직각충돌,안전운전불이행,건조,맑음,교차로 - 교차로부근,화물,남,52세,상해없음,원동기,남,48세,중상
2014032800100418,2014년 3월 28일 17시,금요일,광주광역시 남구 진월동,중상사고,0,1,0,0,차대사람 - 횡단중,보행자보호의무위반,건조,맑음,단일로 - 횡단보도상,승용,여,25세,상해없음,보행자,여,21세,중상
2014032800100419,2014년 3월 28일 17시,금요일,광주광역시 남구 주월동,경상사고,0,0,1,0,차대차 - 추돌 - 진행중,안전거리미확보,건조,맑음,단일로 - 기타,승용,남,52세,상해없음,건설기계,남,58세,상해없음
2014032800100420,2014년 3월 28일 17시,금요일,광주광역시 광산구 신가동,중상사고,0,1,0,0,차대사람 - 횡단중,보행자보호의무위반,건조,맑음,교차로 - 교차로부근,승용,남,22세,상해없음,보행자,여,36세,중상
2014032800100449,2014년 3월 28일 18시,금요일,광주광역시 동구 계림동,경상사고,0,0,3,0,차대차 - 측면직각충돌,안전운전불이행,건조,맑음,교차로 - 교차로안,승용,남,18세,상해없음,승용,여,48세,상해없음
2014032800100495,2014년 3월 28일 19시,금요일,광주광역시 북구 운암동,중상사고,0,1,0,0,차대사람 - 차도통행중,안전운전불이행,건조,맑음,단일로 - 기타,승용,남,18세,상해없음,보행자,남,51세,중상
2014032800100496,2014년 3월 28일 19시,금요일,광주광역시 북구 망월동,경상사고,0,0,1,0,차대차 - 측면직각충돌,안전운전불이행,건조,맑음,교차로 - 교차로안,기타불명,기타불명,기타불명,기타불명,승용,여,44세,경상
2014032800100540,2014년 3월 28일 20시,금요일,광주광역시 서구 서창동,경상사고,0,0,1,0,차대사람 - 기타,안전운전불이행,건조,맑음,단일로 - 기타,자전거,남,24세,경상,보행자,남,29세,상해없음
2014032800100541,2014년 3월 28일 20시,금요일,광주광역시 광산구 신창동,경상사고,0,0,1,0,차대차 - 추돌 - 진행중,안전거리미확보,건조,맑음,단일로 - 기타,승용,남,27세,상해없음,승용,여,29세,경상
2014032800100580,2014년 3월 28일 21시,금요일,광주광역시 남구 진월동,경상사고,0,0,2,0,차대차 - 기타,중앙선침범,건조,맑음,단일로 - 기타,승합,여,58세,상해없음,승용,남,30세,경상
2014032800100618,2014년 3월 28일 22시,금요일,광주광역시 남구 월산동,중상사고,0,1,0,0,차대차 - 측면직각충돌,차로위반,건조,맑음,교차로 - 교차로안,승용,남,42세,상해없음,이륜,남,26세,중상
2014032800100652,2014년 3월 28일 23시,금요일,광주광역시 북구 운암동,경상사고,0,0,1,0,차대사람 - 길가장자리구역통행중,안전운전불이행,건조,맑음,단일로 - 기타,승용,여,29세,상해없음,보행자,남,24세,경상
2014032900100060,2014년 3월 29일 01시,토요일,광주광역시 서구 쌍촌동,경상사고,0,0,1,0,차대차 - 기타,안전거리미확보,건조,맑음,단일로 - 기타,승용,남,27세,상해없음,승용,남,45세,경상
2014032900100106,2014년 3월 29일 04시,토요일,광주광역시 북구 운암동,경상사고,0,0,2,0,차대차 - 정면충돌,신호위반,습기,비,단일로 - 기타,승용,남,32세,상해없음,승용,남,41세,경상
2014032900100107,2014년 3월 29일 04시,토요일,광주광역시 북구 오치동,경상사고,0,0,1,0,차대사람 - 횡단중,신호위반,건조,맑음,단일로 - 기타,승용,남,64세,상해없음,보행자,남,21세,경상
2014032900100108,2014년 3월 29일 04시,토요일,광주광역시 북구 임동,중상사고,0,2,1,0,차량단독 - 도로외이탈 - 추락,안전운전불이행,습기,비,교차로 - 교차로안,승용,남,25세,중상,,,,
2014032900100109,2014년 3월 29일 04시,토요일,광주광역시 북구 우산동,경상사고,0,0,2,0,차대차 - 정면충돌,신호위반,습기,맑음,단일로 - 기타,승용,남,49세,상해없음,승용,남,45세,경상
2014032900100126,2014년 3월 29일 05시,토요일,광주광역시 남구 백운동,경상사고,0,0,1,0,차대차 - 추돌 - 주정차중,신호위반,건조,맑음,교차로 - 교차로안,승용,남,27세,상해없음,승용,남,65세,경상
2014032900100127,2014년 3월 29일 05시,토요일,광주광역시 북구 임동,중상사고,0,1,3,0,차량단독 - 공작물충돌,안전운전불이행,습기,비,교차로 - 교차로부근,승합,남,30세,경상,,,,
2014032900100143,2014년 3월 29일 06시,토요일,광주광역시 북구 유동,경상사고,0,0,4,0,차대차 - 추돌 - 진행중,신호위반,습기,비,교차로 - 교차로안,화물,남,58세,상해없음,승용,여,38세,경상
2014032900100144,2014년 3월 29일 06시,토요일,광주광역시 북구 중흥동,경상사고,0,0,1,0,차대차 - 측면직각충돌,안전운전불이행,습기,비,교차로 - 교차로부근,승용,남,30세,상해없음,승합,남,56세,경상
2014032900100145,2014년 3월 29일 06시,토요일,광주광역시 북구 임동,경상사고,0,0,1,0,차대차 - 측면직각충돌,신호위반,건조,맑음,교차로 - 교차로안,화물,남,51세,상해없음,화물,남,58세,경상
2014032900100146,2014년 3월 29일 06시,토요일,광주광역시 광산구 도천동,부상신고사고,0,0,0,1,차량단독 - 기타,안전운전불이행,습기,비,단일로 - 기타,원동기,남,22세,부상신고,,,,
2014032900100160,2014년 3월 29일 07시,토요일,광주광역시 북구 운암동,경상사고,0,0,1,0,차대차 - 측면직각충돌,안전운전불이행,습기,비,단일로 - 기타,승용,남,71세,상해없음,승용,남,42세,경상
2014032900100251,2014년 3월 29일 11시,토요일,광주광역시 북구 두암동,중상사고,0,1,0,0,차대차 - 추돌 - 주정차중,안전운전불이행,건조,맑음,단일로 - 기타,승용,남,73세,중상,승용,남,51세,기타불명
2014032900100275,2014년 3월 29일 12시,토요일,광주광역시 서구 쌍촌동,경상사고,0,0,1,0,차대차 - 측면직각충돌,신호위반,건조,맑음,교차로 - 교차로안,승합,남,25세,상해없음,승합,남,56세,상해없음
2014032900100276,2014년 3월 29일 12시,토요일,광주광역시 서구 유촌동,경상사고,0,0,1,0,차대차 - 추돌 - 주정차중,안전거리미확보,건조,맑음,교차로 - 교차로부근,승용,남,31세,상해없음,승용,남,39세,경상
2014032900100348,2014년 3월 29일 14시,토요일,광주광역시 광산구 운남동,경상사고,0,0,1,0,차대차 - 정면충돌,안전거리미확보,습기,비,단일로 - 기타,승용,남,22세,상해없음,승용,남,22세,상해없음
2014032900100380,2014년 3월 29일 15시,토요일,광주광역시 서구 농성동,경상사고,0,0,3,0,차대차 - 측면직각충돌,안전거리미확보,건조,맑음,교차로 - 교차로부근,원동기,남,63세,경상,승용,남,31세,경상
2014032900100413,2014년 3월 29일 16시,토요일,광주광역시 서구 유촌동,경상사고,0,0,2,0,차대차 - 정면충돌,중앙선침범,습기,비,교차로 - 교차로부근,승용,남,46세,상해없음,승용,남,55세,경상
2014032900100414,2014년 3월 29일 16시,토요일,광주광역시 북구 오치동,경상사고,0,0,1,0,차대사람 - 길가장자리구역통행중,안전운전불이행,습기,비,단일로 - 기타,승용,여,41세,상해없음,보행자,남,19세,경상
2014032900100451,2014년 3월 29일 17시,토요일,광주광역시 남구 진월동,경상사고,0,0,1,0,차대차 - 측면직각충돌,중앙선침범,건조,맑음,기타 - 기타,승용,남,56세,상해없음,승용,여,54세,경상
2014032900100452,2014년 3월 29일 17시,토요일,광주광역시 광산구 안청동,경상사고,0,0,1,0,차대차 - 측면직각충돌,안전운전불이행,습기,비,교차로 - 교차로안,승용,남,26세,상해없음,이륜,남,57세,경상
2014032900100453,2014년 3월 29일 17시,토요일,광주광역시 광산구 수완동,경상사고,0,0,3,0,차대차 - 추돌 - 주정차중,안전운전불이행,습기,비,단일로 - 기타,승용,남,27세,상해없음,승용,여,38세,경상
2014032900100489,2014년 3월 29일 18시,토요일,광주광역시 북구 용봉동,경상사고,0,0,3,0,차대차 - 정면충돌,중앙선침범,건조,맑음,단일로 - 기타,승용,여,48세,상해없음,승용,여,50세,경상
2014032900100534,2014년 3월 29일 19시,토요일,광주광역시 서구 화정동,중상사고,0,1,1,0,차대사람 - 횡단중,보행자보호의무위반,습기,흐림,단일로 - 횡단보도상,원동기,남,19세,경상,보행자,여,38세,중상
2014032900100535,2014년 3월 29일 19시,토요일,광주광역시 북구 두암동,경상사고,0,0,1,0,차대차 - 기타,안전운전불이행,건조,맑음,단일로 - 기타,승용,여,24세,상해없음,승합,남,50세,상해없음
2014032900100536,2014년 3월 29일 19시,토요일,광주광역시 광산구 우산동,경상사고,0,0,3,0,차대차 - 추돌 - 주정차중,안전운전불이행,습기,비,단일로 - 기타,화물,남,45세,상해없음,승용,남,41세,경상
2014032900100570,2014년 3월 29일 20시,토요일,광주광역시 남구 송하동,중상사고,0,1,3,0,차대차 - 추돌 - 진행중,안전운전불이행,건조,맑음,단일로 - 기타,승용,남,33세,상해없음,화물,남,30세,경상
2014032900100571,2014년 3월 29일 20시,토요일,광주광역시 광산구 우산동,경상사고,0,0,2,0,차대차 - 추돌 - 주정차중,안전운전불이행,습기,비,단일로 - 기타,승용,남,59세,상해없음,승용,여,30세,경상
2014032900100609,2014년 3월 29일 21시,토요일,광주광역시 북구 중흥동,경상사고,0,0,1,0,차대사람 - 횡단중,안전운전불이행,습기,비,교차로 - 교차로부근,승용,남,54세,상해없음,보행자,남,25세,경상
2014032900100649,2014년 3월 29일 22시,토요일,광주광역시 광산구 월곡동,경상사고,0,0,1,0,차대차 - 측면직각충돌,안전운전불이행,습기,비,단일로 - 기타,승용,여,31세,상해없음,자전거,남,34세,경상
2014032900100650,2014년 3월 29일 22시,토요일,광주광역시 광산구 우산동,경상사고,0,0,1,0,차대차 - 추돌 - 주정차중,안전운전불이행,건조,맑음,교차로 - 교차로부근,승용,여,38세,상해없음,승용,여,27세,경상
2014032900100707,2014년 3월 29일 23시,토요일,광주광역시 북구 우산동,중상사고,0,1,0,0,차대차 - 기타,안전운전불이행,습기,비,단일로 - 기타,승용,남,66세,상해없음,원동기,남,22세,중상
2014033000100029,2014년 3월 30일 00시,일요일,광주광역시 남구 백운동,경상사고,0,0,1,0,차대사람 - 횡단중,안전운전불이행,습기,흐림,교차로 - 교차로부근,승용,기타불명,기타불명,기타불명,보행자,남,22세,경상
2014033000100104,2014년 3월 30일 04시,일요일,광주광역시 광산구 신가동,경상사고,0,0,2,0,차대차 - 추돌 - 주정차중,안전운전불이행,건조,맑음,교차로 - 교차로부근,화물,남,41세,상해없음,승용,남,31세,경상
2014033000100115,2014년 3월 30일 05시,일요일,광주광역시 서구 쌍촌동,경상사고,0,0,1,0,차대차 - 측면직각충돌,안전운전불이행,건조,흐림,교차로 - 교차로부근,자전거,남,72세,경상,승용,남,32세,상해없음
2014033000100129,2014년 3월 30일 06시,일요일,광주광역시 광산구 월계동,중상사고,0,1,0,0,차량단독 - 기타,안전운전불이행,건조,맑음,단일로 - 기타,승용,남,36세,중상,,,,
2014033000100255,2014년 3월 30일 12시,일요일,광주광역시 서구 농성동,경상사고,0,0,1,0,차대사람 - 차도통행중,안전운전불이행,건조,맑음,단일로 - 기타,승합,남,60세,상해없음,보행자,여,49세,경상
2014033000100256,2014년 3월 30일 12시,일요일,광주광역시 남구 봉선동,부상신고사고,0,0,0,2,차대차 - 측면직각충돌,안전거리미확보,건조,맑음,단일로 - 기타,승용,남,44세,상해없음,승용,남,48세,부상신고
2014033000100283,2014년 3월 30일 13시,일요일,광주광역시 서구 금호동,경상사고,0,0,1,0,차대차 - 기타,안전운전불이행,건조,맑음,단일로 - 기타,승용,남,60세,상해없음,승용,남,37세,경상
2014033000100373,2014년 3월 30일 16시,일요일,광주광역시 남구 봉선동,부상신고사고,0,0,0,1,차대사람 - 횡단중,안전운전불이행,건조,맑음,단일로 - 횡단보도상,승용,여,31세,상해없음,보행자,남,16세,부상신고
2014033000100401,2014년 3월 30일 17시,일요일,광주광역시 서구 쌍촌동,경상사고,0,0,3,0,차대차 - 측면직각충돌,안전운전불이행,건조,맑음,단일로 - 기타,승용,남,42세,경상,승용,여,47세,경상
2014033000100402,2014년 3월 30일 17시,일요일,광주광역시 북구 운암동,경상사고,0,0,1,0,차대차 - 추돌 - 진행중,안전운전불이행,건조,맑음,미분류 - 미분류,기타불명,기타불명,기타불명,기타불명,승용,남,57세,상해없음
2014033000100403,2014년 3월 30일 17시,일요일,광주광역시 광산구 우산동,경상사고,0,0,2,0,차대차 - 측면직각충돌,안전거리미확보,건조,맑음,단일로 - 기타,기타불명,기타불명,기타불명,기타불명,승용,여,41세,경상
2014033000100467,2014년 3월 30일 19시,일요일,광주광역시 서구 농성동,중상사고,0,1,0,0,차대사람 - 기타,신호위반,건조,맑음,단일로 - 횡단보도부근,승용,남,55세,상해없음,보행자,여,57세,중상
2014033000100468,2014년 3월 30일 19시,일요일,광주광역시 남구 양림동,경상사고,0,0,1,0,차대사람 - 차도통행중,안전운전불이행,건조,맑음,단일로 - 기타,승용,남,61세,상해없음,보행자,남,42세,경상
2014033000100486,2014년 3월 30일 20시,일요일,광주광역시 동구 계림동,경상사고,0,0,1,0,차량단독 - 기타,안전운전불이행,건조,맑음,단일로 - 기타,자전거,남,72세,경상,,,,
2014033000100487,2014년 3월 30일 20시,일요일,광주광역시 서구 쌍촌동,부상신고사고,0,0,0,1,차대차 - 기타,교차로운행방법위반,건조,맑음,교차로 - 교차로안,원동기,남,31세,부상신고,승용,남,44세,상해없음
2014033000100488,2014년 3월 30일 20시,일요일,광주광역시 서구 금호동,경상사고,0,0,1,0,차대사람 - 기타,안전운전불이행,건조,맑음,단일로 - 기타,승용,남,44세,상해없음,보행자,여,31세,경상
2014033000100489,2014년 3월 30일 20시,일요일,광주광역시 광산구 산정동,경상사고,0,0,1,0,차대차 - 측면직각충돌,교차로운행방법위반,건조,맑음,교차로 - 교차로안,승용,남,45세,상해없음,승용,남,26세,경상
2014033000100490,2014년 3월 30일 20시,일요일,광주광역시 광산구 도천동,경상사고,0,0,1,0,차대차 - 측면직각충돌,신호위반,건조,맑음,교차로 - 교차로안,승용,남,28세,상해없음,승용,남,54세,경상