사고번호,사고일시,요일,시군구,사고내용,사망자수,중상자수,경상자수,부상신고자수,사고유형,법규위반,노면상태,기상상태,도로형태,가해운전자 차종,가해운전자 성별,가해운전자 연령,가해운전자 상해정도,피해운전자 차종,피해운전자 성별,피해운전자 연령,피해운전자 상해정도
2014033000100550,2014년 3월 30일 23시,일요일,광주광역시 광산구 수완동,경상사고,0,0,1,0,차대차 - 기타,신호위반,건조,맑음,교차로 - 교차로안,승용,여,36세,상해없음,승용,남,23세,경상
2014033100100063,2014년 3월 31일 06시,월요일,광주광역시 남구 방림동,경상사고,0,0,1,0,차대사람 - 횡단중,안전운전불이행,건조,맑음,교차로 - 교차로부근,승용,남,48세,상해없음,보행자,여,49세,경상
2014033100100064,2014년 3월 31일 06시,월요일,광주광역시 광산구 흑석동,경상사고,0,0,1,0,차대차 - 측면직각충돌,신호위반,건조,맑음,교차로 - 교차로안,승용,남,31세,상해없음,승용,여,64세,상해없음
2014033100100095,2014년 3월 31일 07시,월요일,광주광역시 남구 봉선동,경상사고,0,0,1,0,차대차 - 측면직각충돌,교차로운행방법위반,건조,맑음,교차로 - 교차로안,승용,남,42세,상해없음,승용,여,45세,경상
2014033100100123,2014년 3월 31일 08시,월요일,광주광역시 서구 내방동,경상사고,0,0,1,0,차대차 - 추돌 - 진행중,안전운전불이행,건조,맑음,단일로 - 기타,승용,남,29세,상해없음,승용,남,33세,경상
2014033100100221,2014년 3월 31일 12시,월요일,광주광역시 북구 문흥동,중상사고,0,1,0,0,차대사람 - 횡단중,보행자보호의무위반,건조,맑음,단일로 - 횡단보도상,승용,남,60세,상해없음,보행자,여,72세,중상
2014033100100222,2014년 3월 31일 12시,월요일,광주광역시 북구 문흥동,경상사고,0,0,1,0,차대차 - 측면직각충돌,교차로운행방법위반,건조,맑음,교차로 - 교차로안,승용,남,32세,상해없음,승용,여,36세,경상
2014033100100310,2014년 3월 31일 15시,월요일,광주광역시 서구 덕흥동,중상사고,0,1,1,0,차대차 - 추돌 - 진행중,안전거리미확보,건조,맑음,단일로 - 기타,승용,여,44세,경상,승용,여,34세,중상
2014033100100311,2014년 3월 31일 15시,월요일,광주광역시 북구 두암동,경상사고,0,0,1,0,차대차 - 기타,안전운전불이행,건조,맑음,교차로 - 교차로안,승용,남,38세,상해없음,승용,남,41세,경상
2014033100100346,2014년 3월 31일 16시,월요일,광주광역시 남구 봉선동,경상사고,0,0,1,0,차대사람 - 보도통행중,신호위반,건조,맑음,교차로 - 교차로안,승용,남,69세,상해없음,보행자,여,7세,경상
2014033100100347,2014년 3월 31일 16시,월요일,광주광역시 광산구 신촌동,중상사고,0,1,0,0,차대사람 - 기타,안전운전불이행,건조,맑음,단일로 - 기타,승용,남,63세,상해없음,보행자,남,2세,중상
2014033100100425,2014년 3월 31일 18시,월요일,광주광역시 서구 화정동,중상사고,0,1,0,0,차대사람 - 횡단중,보행자보호의무위반,건조,맑음,단일로 - 기타,승용,남,52세,상해없음,보행자,남,7세,중상
2014033100100426,2014년 3월 31일 18시,월요일,광주광역시 북구 신안동,부상신고사고,0,0,0,1,차대사람 - 기타,안전운전불이행,건조,맑음,단일로 - 기타,이륜,남,76세,상해없음,보행자,남,55세,부상신고
2014033100100475,2014년 3월 31일 20시,월요일,광주광역시 남구 진월동,경상사고,0,0,1,0,차대사람 - 기타,안전운전불이행,건조,맑음,단일로 - 기타,승용,남,53세,상해없음,보행자,남,55세,경상
2014033100100507,2014년 3월 31일 21시,월요일,광주광역시 서구 쌍촌동,경상사고,0,0,1,0,차대차 - 추돌 - 주정차중,불법유턴,건조,맑음,교차로 - 교차로안,승용,남,57세,상해없음,승용,여,23세,경상
2014033100100539,2014년 3월 31일 22시,월요일,광주광역시 남구 백운동,경상사고,0,0,2,1,차대차 - 기타,중앙선침범,건조,맑음,단일로 - 교량,원동기,남,43세,경상,승용,남,53세,부상신고
2014033100100569,2014년 3월 31일 23시,월요일,광주광역시 서구 내방동,경상사고,0,0,1,0,차대차 - 측면직각충돌,안전거리미확보,건조,맑음,교차로 - 교차로안,승용,남,51세,상해없음,승용,남,63세,경상
2014033100100570,2014년 3월 31일 23시,월요일,광주광역시 서구 치평동,경상사고,0,0,1,0,차대차 - 추돌 - 주정차중,안전운전불이행,건조,맑음,단일로 - 기타,승용,남,29세,상해없음,승용,여,25세,경상
2014033100100571,2014년 3월 31일 23시,월요일,광주광역시 서구 유촌동,경상사고,0,0,1,0,차대차 - 추돌 - 주정차중,안전운전불이행,건조,맑음,단일로 - 기타,승용,남,32세,상해없음,승용,남,28세,경상
2014033100100572,2014년 3월 31일 23시,월요일,광주광역시 광산구 송정동,중상사고,0,1,0,0,차대차 - 기타,안전운전불이행,건조,맑음,단일로 - 기타,승용,남,48세,상해없음,이륜,남,27세,중상
2014040100100017,2014년 4월 1일 00시,화요일,광주광역시 서구 치평동,중상사고,0,1,0,0,차대사람 - 횡단중,안전운전불이행,건조,맑음,교차로 - 교차로부근,승용,남,33세,상해없음,보행자,남,33세,중상
2014040100100018,2014년 4월 1일 00시,화요일,광주광역시 북구 신용동,경상사고,0,0,1,0,차대차 - 추돌 - 주정차중,안전운전불이행,건조,맑음,단일로 - 기타,승용,남,37세,상해없음,승용,남,29세,상해없음
2014040100100071,2014년 4월 1일 05시,화요일,광주광역시 광산구 산정동,중상사고,0,1,0,0,차대차 - 측면직각충돌,신호위반,건조,맑음,교차로 - 교차로부근,자전거,남,62세,중상,승용,남,32세,상해없음
2014040100100151,2014년 4월 1일 08시,화요일,광주광역시 서구 동천동,경상사고,0,0,1,0,차대차 - 측면직각충돌,차로위반,건조,맑음,단일로 - 기타,화물,남,47세,상해없음,승용,여,42세,경상
2014040100100177,2014년 4월 1일 09시,화요일,광주광역시 서구 쌍촌동,경상사고,0,0,1,0,차대차 - 추돌 - 진행중,안전거리미확보,건조,맑음,교차로 - 교차로부근,승용,남,58세,상해없음,승용,남,25세,경상
2014040100100178,2014년 4월 1일 09시,화요일,광주광역시 북구 누문동,경상사고,0,0,1,0,차량단독 - 기타,안전운전불이행,건조,맑음,단일로 - 기타,승합,남,54세,상해없음,,,,
2014040100100232,2014년 4월 1일 11시,화요일,광주광역시 북구 신안동,경상사고,0,0,2,0,차대차 - 측면직각충돌,교차로운행방법위반,건조,맑음,교차로 - 교차로안,승용,여,25세,경상,화물,여,63세,경상
2014040100100260,2014년 4월 1일 12시,화요일,광주광역시 광산구 도천동,경상사고,0,0,3,0,차대차 - 추돌 - 주정차중,안전거리미확보,건조,맑음,단일로 - 기타,화물,남,35세,상해없음,화물,남,39세,경상
2014040100100324,2014년 4월 1일 14시,화요일,광주광역시 서구 금호동,중상사고,0,1,1,0,차대차 - 측면직각충돌,교차로운행방법위반,건조,맑음,교차로 - 교차로안,승용,남,36세,중상,승용,남,57세,경상
2014040100100325,2014년 4월 1일 14시,화요일,광주광역시 남구 방림동,경상사고,0,0,1,0,차대차 - 측면직각충돌,안전운전불이행,건조,맑음,교차로 - 교차로안,건설기계,남,46세,상해없음,자전거,여,62세,경상
2014040100100450,2014년 4월 1일 17시,화요일,광주광역시 서구 동천동,경상사고,0,0,3,0,차대차 - 추돌 - 주정차중,안전운전불이행,건조,맑음,단일로 - 기타,승용,남,50세,상해없음,승용,남,39세,경상
2014040100100451,2014년 4월 1일 17시,화요일,광주광역시 북구 풍향동,경상사고,0,0,1,0,차대차 - 기타,중앙선침범,건조,맑음,단일로 - 기타,자전거,남,16세,경상,기타불명,기타불명,기타불명,기타불명
2014040100100484,2014년 4월 1일 18시,화요일,광주광역시 서구 광천동,중상사고,0,1,0,0,차대사람 - 횡단중,안전운전불이행,건조,맑음,교차로 - 교차로안,승합,남,58세,상해없음,보행자,남,5세,중상
2014040100100485,2014년 4월 1일 18시,화요일,광주광역시 서구 풍암동,경상사고,0,0,1,0,차대차 - 기타,교차로운행방법위반,건조,맑음,교차로 - 교차로부근,자전거,남,13세,경상,화물,남,59세,상해없음
2014040100100486,2014년 4월 1일 18시,화요일,광주광역시 북구 신안동,경상사고,0,0,1,0,차대차 - 측면직각충돌,중앙선침범,건조,맑음,단일로 - 기타,승용,남,49세,상해없음,승용,남,33세,경상
2014040100100520,2014년 4월 1일 19시,화요일,광주광역시 서구 금호동,경상사고,0,0,1,0,차대차 - 기타,안전운전불이행,건조,맑음,교차로 - 교차로안,승용,남,36세,상해없음,이륜,남,22세,경상
2014040100100560,2014년 4월 1일 20시,화요일,광주광역시 남구 봉선동,경상사고,0,0,1,0,차대차 - 기타,불법유턴,건조,맑음,단일로 - 기타,승용,여,33세,상해없음,이륜,남,40세,경상
2014040100100610,2014년 4월 1일 22시,화요일,광주광역시 서구 금호동,중상사고,0,1,0,0,차대차 - 기타,안전운전불이행,건조,맑음,교차로 - 교차로부근,승용,여,40세,상해없음,승합,남,55세,상해없음
2014040100100611,2014년 4월 1일 22시,화요일,광주광역시 광산구 신촌동,중상사고,0,1,0,0,차대사람 - 횡단중,안전운전불이행,건조,맑음,단일로 - 기타,승용,남,54세,상해없음,보행자,남,64세,중상
2014040200100011,2014년 4월 2일 00시,수요일,광주광역시 북구 운암동,경상사고,0,0,2,0,차대차 - 추돌 - 주정차중,안전운전불이행,건조,맑음,교차로 - 교차로부근,승용,남,31세,상해없음,승용,남,62세,경상
2014040200100098,2014년 4월 2일 07시,수요일,광주광역시 북구 동림동,경상사고,0,0,1,0,차대차 - 추돌 - 주정차중,안전거리미확보,건조,맑음,단일로 - 기타,승용,남,60세,상해없음,승용,남,29세,상해없음
2014040200100134,2014년 4월 2일 08시,수요일,광주광역시 동구 계림동,경상사고,0,0,1,0,차대차 - 추돌 - 진행중,안전운전불이행,건조,맑음,단일로 - 기타,이륜,남,18세,경상,승용,남,56세,상해없음
2014040200100161,2014년 4월 2일 09시,수요일,광주광역시 북구 중흥동,경상사고,0,0,7,0,차대차 - 측면직각충돌,직진우회전진행방해,건조,맑음,교차로 - 교차로안,승용,여,41세,경상,화물,남,52세,경상
2014040200100194,2014년 4월 2일 10시,수요일,광주광역시 동구 금남로5가,경상사고,0,0,1,0,차대사람 - 기타,안전운전불이행,건조,맑음,기타 - 기타,승용,남,52세,상해없음,보행자,남,62세,경상
2014040200100216,2014년 4월 2일 11시,수요일,광주광역시 서구 치평동,경상사고,0,0,1,0,차대차 - 기타,안전거리미확보,건조,맑음,교차로 - 교차로부근,승용,남,40세,상해없음,이륜,남,38세,경상
2014040200100243,2014년 4월 2일 12시,수요일,광주광역시 남구 송하동,중상사고,0,3,2,0,차대차 - 측면직각충돌,안전운전불이행,건조,맑음,교차로 - 교차로부근,승용,남,61세,상해없음,승용,여,56세,중상
2014040200100244,2014년 4월 2일 12시,수요일,광주광역시 북구 유동,경상사고,0,0,1,0,차대사람 - 기타,안전운전불이행,건조,맑음,단일로 - 기타,화물,남,67세,상해없음,보행자,여,41세,경상
2014040200100308,2014년 4월 2일 14시,수요일,광주광역시 광산구 우산동,경상사고,0,0,2,0,차대차 - 추돌 - 진행중,안전거리미확보,건조,맑음,단일로 - 기타,화물,남,27세,상해없음,승용,남,39세,경상
2014040200100373,2014년 4월 2일 16시,수요일,광주광역시 북구 양산동,경상사고,0,0,1,0,차대차 - 기타,중앙선침범,건조,맑음,단일로 - 기타,승용,여,55세,상해없음,화물,남,65세,경상
2014040200100447,2014년 4월 2일 18시,수요일,광주광역시 동구 지산동,경상사고,0,0,1,0,차대차 - 측면직각충돌,교차로운행방법위반,건조,맑음,교차로 - 교차로안,승용,남,43세,상해없음,이륜,남,24세,경상
2014040200100448,2014년 4월 2일 18시,수요일,광주광역시 광산구 하남동,경상사고,0,0,5,0,차대차 - 측면직각충돌,신호위반,건조,맑음,교차로 - 교차로안,승용,남,54세,경상,승용,남,53세,경상
2014040200100541,2014년 4월 2일 20시,수요일,광주광역시 광산구 도천동,경상사고,0,0,2,0,차대차 - 측면직각충돌,신호위반,건조,맑음,교차로 - 교차로안,승용,남,27세,상해없음,승용,여,47세,경상
2014040200100582,2014년 4월 2일 21시,수요일,광주광역시 북구 우산동,경상사고,0,0,1,0,차대차 - 추돌 - 진행중,안전운전불이행,건조,맑음,교차로 - 교차로부근,승용,남,27세,상해없음,원동기,남,44세,경상
2014040200100606,2014년 4월 2일 22시,수요일,광주광역시 서구 풍암동,중상사고,0,1,0,0,차대사람 - 보도통행중,보행자보호의무위반,건조,맑음,단일로 - 횡단보도상,승용,남,55세,상해없음,보행자,남,46세,중상
2014040200100634,2014년 4월 2일 23시,수요일,광주광역시 남구 월산동,경상사고,0,0,3,0,차대차 - 기타,안전운전불이행,건조,맑음,교차로 - 교차로부근,승용,여,62세,상해없음,승용,남,35세,상해없음
2014040200100635,2014년 4월 2일 23시,수요일,광주광역시 광산구 도천동,경상사고,0,0,4,0,차대차 - 측면직각충돌,안전거리미확보,건조,맑음,단일로 - 기타,승합,남,32세,경상,승용,남,49세,상해없음
2014040300100017,2014년 4월 3일 00시,목요일,광주광역시 남구 주월동,경상사고,0,0,1,0,차대차 - 측면직각충돌,교차로운행방법위반,건조,맑음,교차로 - 교차로안,승용,남,54세,상해없음,승용,남,28세,상해없음
2014040300100035,2014년 4월 3일 01시,목요일,광주광역시 북구 운암동,경상사고,0,0,1,0,차대차 - 측면직각충돌,신호위반,건조,맑음,교차로 - 교차로안,승용,남,48세,상해없음,승용,남,40세,상해없음
2014040300100046,2014년 4월 3일 02시,목요일,광주광역시 남구 월산동,사망사고,1,0,0,0,차대사람 - 횡단중,보행자보호의무위반,건조,맑음,단일로 - 기타,승합,남,64세,상해없음,보행자,남,58세,사망
2014040300100103,2014년 4월 3일 07시,목요일,광주광역시 서구 덕흥동,경상사고,0,0,1,0,차대차 - 기타,안전운전불이행,건조,맑음,단일로 - 기타,기타불명,기타불명,기타불명,기타불명,자전거,여,65세,경상
2014040300100144,2014년 4월 3일 08시,목요일,광주광역시 서구 유촌동,경상사고,0,0,1,0,차대차 - 추돌 - 주정차중,차로위반,건조,맑음,단일로 - 기타,승용,남,53세,상해없음,승용,남,34세,경상
2014040300100145,2014년 4월 3일 08시,목요일,광주광역시 북구 대촌동,경상사고,0,0,1,0,차대차 - 측면직각충돌,신호위반,건조,맑음,교차로 - 교차로안,승용,남,66세,상해없음,승용,남,47세,경상
2014040300100256,2014년 4월 3일 12시,목요일,광주광역시 광산구 신창동,경상사고,0,0,1,0,차대차 - 측면직각충돌,안전운전불이행,건조,맑음,교차로 - 교차로부근,승용,남,58세,상해없음,승용,남,57세,경상
2014040300100282,2014년 4월 3일 13시,목요일,광주광역시 서구 광천동,중상사고,0,1,0,0,차대사람 - 횡단중,신호위반,건조,맑음,단일로 - 기타,승용,남,40세,상해없음,보행자,남,13세,중상
2014040300100283,2014년 4월 3일 13시,목요일,광주광역시 광산구 쌍암동,경상사고,0,0,1,0,차대차 - 측면직각충돌,신호위반,건조,맑음,단일로 - 기타,승용,여,51세,상해없음,자전거,남,52세,경상
2014040300100393,2014년 4월 3일 17시,목요일,광주광역시 남구 진월동,경상사고,0,0,1,0,차대차 - 측면직각충돌,신호위반,건조,맑음,교차로 - 교차로안,승용,여,43세,상해없음,승용,여,47세,경상
2014040300100429,2014년 4월 3일 18시,목요일,광주광역시 남구 봉선동,중상사고,0,1,0,0,차대사람 - 차도통행중,안전운전불이행,건조,맑음,교차로 - 교차로안,화물,남,27세,상해없음,보행자,여,71세,중상
2014040300100430,2014년 4월 3일 18시,목요일,광주광역시 광산구 신가동,중상사고,0,1,0,0,차대차 - 기타,불법유턴,건조,맑음,단일로 - 기타,화물,기타불명,기타불명,기타불명,원동기,남,54세,중상
2014040300100464,2014년 4월 3일 19시,목요일,광주광역시 북구 오치동,경상사고,0,0,1,0,차대차 - 측면직각충돌,교차로운행방법위반,건조,맑음,교차로 - 교차로안,승용,남,49세,상해없음,화물,남,41세,경상
2014040300100465,2014년 4월 3일 19시,목요일,광주광역시 광산구 산정동,경상사고,0,0,1,0,차대차 - 기타,안전운전불이행,건조,맑음,교차로 - 교차로부근,자전거,남,15세,경상,승용,남,50세,상해없음
2014040300100503,2014년 4월 3일 20시,목요일,광주광역시 북구 운암동,경상사고,0,0,1,0,차대사람 - 차도통행중,안전운전불이행,건조,맑음,단일로 - 기타,승용,여,45세,상해없음,보행자,남,52세,경상
2014040300100542,2014년 4월 3일 21시,목요일,광주광역시 광산구 월곡동,중상사고,0,1,0,0,차량단독 - 공작물충돌,안전운전불이행,건조,맑음,교차로 - 교차로부근,승용,남,28세,중상,,,,
2014040300100620,2014년 4월 3일 23시,목요일,광주광역시 남구 구동,경상사고,0,0,1,0,차대차 - 측면직각충돌,교차로운행방법위반,건조,맑음,교차로 - 교차로안,승용,남,44세,상해없음,원동기,남,16세,경상
2014040300100621,2014년 4월 3일 23시,목요일,광주광역시 북구 용봉동,경상사고,0,0,1,1,차대차 - 기타,안전거리미확보,건조,맑음,단일로 - 기타,승용,여,58세,부상신고,이륜,남,17세,경상
2014040300100622,2014년 4월 3일 23시,목요일,광주광역시 광산구 쌍암동,경상사고,0,0,1,0,차대사람 - 기타,중앙선침범,건조,맑음,단일로 - 기타,승용,남,29세,기타불명,보행자,남,45세,경상
2014040400100023,2014년 4월 4일 00시,금요일,광주광역시 서구 금호동,중상사고,0,1,0,0,차대차 - 측면직각충돌,차로위반,건조,맑음,단일로 - 기타,원동기,남,20세,중상,승용,여,43세,상해없음
2014040400100024,2014년 4월 4일 00시,금요일,광주광역시 북구 신안동,중상사고,0,1,1,0,차대차 - 기타,안전운전불이행,건조,맑음,단일로 - 기타,승용,남,45세,상해없음,원동기,남,26세,중상
2014040400100052,2014년 4월 4일 01시,금요일,광주광역시 서구 쌍촌동,경상사고,0,0,1,0,차대차 - 측면직각충돌,차로위반,건조,맑음,단일로 - 기타,승용,남,43세,상해없음,이륜,남,35세,경상
2014040400100092,2014년 4월 4일 05시,금요일,광주광역시 서구 치평동,중상사고,0,1,3,0,차대사람 - 횡단중,안전운전불이행,건조,맑음,교차로 - 교차로부근,승용,남,50세,상해없음,보행자,여,54세,중상
2014040400100102,2014년 4월 4일 06시,금요일,광주광역시 북구 용전동,경상사고,0,0,2,0,차대차 - 측면직각충돌,신호위반,건조,맑음,단일로 - 기타,화물,남,63세,경상,승용,남,63세,경상
2014040400100189,2014년 4월 4일 09시,금요일,광주광역시 서구 내방동,경상사고,0,0,1,0,차대차 - 기타,직진우회전진행방해,건조,맑음,교차로 - 교차로안,화물,남,28세,기타불명,승용,남,72세,경상
2014040400100344,2014년 4월 4일 14시,금요일,광주광역시 서구 쌍촌동,경상사고,0,0,1,0,차대차 - 측면직각충돌,안전운전불이행,건조,맑음,교차로 - 교차로안,화물,남,33세,상해없음,승용,여,28세,경상
2014040400100345,2014년 4월 4일 14시,금요일,광주광역시 북구 두암동,경상사고,0,0,4,0,차대차 - 측면직각충돌,안전거리미확보,건조,맑음,교차로 - 교차로부근,승합,남,61세,상해없음,승용,여,61세,경상
2014040400100386,2014년 4월 4일 15시,금요일,광주광역시 서구 내방동,경상사고,0,0,1,0,차대차 - 기타,안전거리미확보,건조,맑음,교차로 - 교차로부근,승용,남,29세,상해없음,원동기,남,28세,경상
2014040400100387,2014년 4월 4일 15시,금요일,광주광역시 광산구 흑석동,경상사고,0,0,2,0,차대차 - 추돌 - 진행중,안전거리미확보,건조,맑음,단일로 - 기타,승용,남,39세,상해없음,승용,남,43세,경상
2014040400100469,2014년 4월 4일 17시,금요일,광주광역시 동구 계림동,중상사고,0,1,0,0,차대차 - 측면직각충돌,안전거리미확보,건조,맑음,단일로 - 기타,화물,남,49세,상해없음,이륜,남,17세,중상
2014040400100512,2014년 4월 4일 18시,금요일,광주광역시 서구 광천동,경상사고,0,0,1,0,차대차 - 기타,안전거리미확보,건조,맑음,교차로 - 교차로부근,승용,남,60세,상해없음,승용,여,27세,경상
2014040400100513,2014년 4월 4일 18시,금요일,광주광역시 남구 백운동,경상사고,0,0,1,0,차대사람 - 보도통행중,기타,건조,맑음,단일로 - 기타,이륜,남,38세,상해없음,보행자,남,14세,경상
2014040400100514,2014년 4월 4일 18시,금요일,광주광역시 북구 우산동,경상사고,0,0,3,0,차대차 - 추돌 - 진행중,안전운전불이행,건조,맑음,단일로 - 기타,승용,여,47세,상해없음,승용,남,43세,경상
2014040400100548,2014년 4월 4일 19시,금요일,광주광역시 북구 양산동,경상사고,0,0,2,0,차대차 - 추돌 - 진행중,안전운전불이행,건조,맑음,단일로 - 기타,승용,남,59세,상해없음,승용,여,47세,경상
2014040400100586,2014년 4월 4일 20시,금요일,광주광역시 광산구 송정동,경상사고,0,0,1,0,차대차 - 추돌 - 진행중,안전운전불이행,건조,맑음,교차로 - 교차로부근,승용,남,18세,상해없음,승용,남,48세,상해없음
2014040400100587,2014년 4월 4일 20시,금요일,광주광역시 광산구 쌍암동,경상사고,0,0,1,0,차대차 - 추돌 - 주정차중,안전운전불이행,건조,맑음,단일로 - 기타,승용,남,42세,상해없음,승용,남,48세,상해없음
2014040400100654,2014년 4월 4일 22시,금요일,광주광역시 동구 학동,경상사고,0,0,2,0,차대차 - 추돌 - 진행중,안전거리미확보,건조,맑음,단일로 - 기타,승합,남,43세,상해없음,승용,남,28세,경상
2014040400100655,2014년 4월 4일 22시,금요일,광주광역시 북구 용봉동,경상사고,0,0,2,0,차대차 - 기타,안전운전불이행,건조,맑음,단일로 - 기타,승용,남,52세,상해없음,승용,남,36세,경상
2014040400100684,2014년 4월 4일 23시,금요일,광주광역시 서구 쌍촌동,경상사고,0,0,1,0,차대차 - 추돌 - 주정차중,안전운전불이행,건조,맑음,교차로 - 교차로부근,승용,남,25세,상해없음,승용,여,49세,경상
2014040400100685,2014년 4월 4일 23시,금요일,광주광역시 북구 동림동,경상사고,0,0,2,0,차대차 - 정면충돌,중앙선침범,건조,맑음,교차로 - 교차로안,승용,남,26세,상해없음,승용,남,25세,경상
2014040500100022,2014년 4월 5일 00시,토요일,광주광역시 북구 신용동,경상사고,0,0,2,0,차대차 - 추돌 - 주정차중,안전운전불이행,건조,맑음,단일로 - 기타,승용,남,24세,상해없음,승용,남,28세,경상
2014040500100023,2014년 4월 5일 00시,토요일,광주광역시 광산구 신가동,경상사고,0,0,4,0,차대차 - 측면직각충돌,차로위반,건조,맑음,교차로 - 교차로부근,승용,남,49세,상해없음,승용,남,51세,경상
2014040500100116,2014년 4월 5일 06시,토요일,광주광역시 동구 서석동,경상사고,0,0,1,0,차대차 - 측면직각충돌,신호위반,건조,맑음,교차로 - 교차로안,승용,남,75세,상해없음,승용,여,59세,경상
2014040500100117,2014년 4월 5일 06시,토요일,광주광역시 서구 쌍촌동,중상사고,0,1,1,0,차대차 - 기타,중앙선침범,건조,맑음,단일로 - 기타,승용,남,29세,기타불명,승용,남,43세,중상
2014040500100126,2014년 4월 5일 07시,토요일,광주광역시 서구 화정동,중상사고,0,1,0,0,차대사람 - 기타,안전운전불이행,건조,맑음,기타 - 기타,화물,남,36세,상해없음,보행자,남,44세,중상
2014040500100144,2014년 4월 5일 08시,토요일,광주광역시 서구 화정동,경상사고,0,0,3,0,차대차 - 추돌 - 진행중,안전운전불이행,건조,맑음,단일로 - 기타,승용,남,18세,상해없음,승용,여,55세,경상
2014040500100145,2014년 4월 5일 08시,토요일,광주광역시 광산구 월곡동,경상사고,0,0,1,0,차대차 - 측면직각충돌,차로위반,건조,맑음,단일로 - 기타,승용,남,49세,상해없음,승용,여,41세,경상
2014040500100146,2014년 4월 5일 08시,토요일,광주광역시 광산구 도천동,경상사고,0,0,3,0,차대차 - 추돌 - 진행중,중앙선침범,건조,맑음,교차로 - 교차로부근,승용,여,32세,상해없음,화물,남,44세,경상
2014040500100172,2014년 4월 5일 09시,토요일,광주광역시 남구 지석동,중상사고,0,1,0,0,차대차 - 측면직각충돌,중앙선침범,건조,맑음,단일로 - 기타,승용,남,61세,상해없음,원동기,남,74세,중상
2014040500100234,2014년 4월 5일 11시,토요일,광주광역시 서구 광천동,경상사고,0,0,1,0,차대사람 - 횡단중,안전운전불이행,건조,맑음,단일로 - 기타,승용,남,62세,상해없음,보행자,남,31세,경상
2014040500100235,2014년 4월 5일 11시,토요일,광주광역시 북구 운암동,부상신고사고,0,0,0,1,차대차 - 추돌 - 진행중,안전운전불이행,건조,맑음,교차로 - 교차로부근,기타불명,기타불명,기타불명,기타불명,이륜,남,71세,부상신고
2014040500100264,2014년 4월 5일 12시,토요일,광주광역시 북구 용봉동,경상사고,0,0,2,0,차대차 - 측면직각충돌,신호위반,건조,맑음,교차로 - 교차로안,승용,남,54세,상해없음,승용,남,59세,경상
2014040500100326,2014년 4월 5일 14시,토요일,광주광역시 서구 쌍촌동,경상사고,0,0,2,0,차대차 - 측면직각충돌,안전운전불이행,건조,맑음,단일로 - 기타,승용,남,52세,상해없음,승용,남,25세,경상
2014040500100327,2014년 4월 5일 14시,토요일,광주광역시 서구 치평동,경상사고,0,0,1,0,차대사람 - 횡단중,신호위반,건조,맑음,단일로 - 기타,승용,남,52세,상해없음,보행자,여,8세,경상
2014040500100328,2014년 4월 5일 14시,토요일,광주광역시 북구 각화동,경상사고,0,0,1,0,차대차 - 측면직각충돌,안전운전불이행,건조,맑음,교차로 - 교차로안,승용,남,59세,상해없음,이륜,남,24세,경상
2014040500100457,2014년 4월 5일 18시,토요일,광주광역시 남구 진월동,경상사고,0,0,1,0,차대사람 - 기타,안전운전불이행,건조,맑음,단일로 - 기타,화물,남,54세,상해없음,보행자,남,61세,경상
2014040500100458,2014년 4월 5일 18시,토요일,광주광역시 북구 용봉동,중상사고,0,1,0,0,차대사람 - 기타,안전운전불이행,건조,맑음,단일로 - 기타,승용,남,23세,상해없음,보행자,남,24세,중상
2014040500100459,2014년 4월 5일 18시,토요일,광주광역시 북구 용봉동,경상사고,0,0,4,1,차대차 - 측면직각충돌,안전운전불이행,건조,맑음,교차로 - 교차로안,승용,남,24세,부상신고,승용,남,31세,경상
2014040500100546,2014년 4월 5일 20시,토요일,광주광역시 남구 진월동,경상사고,0,0,4,0,차대차 - 추돌 - 주정차중,안전운전불이행,건조,맑음,단일로 - 기타,승용,여,32세,기타불명,승용,남,54세,경상
2014040500100547,2014년 4월 5일 20시,토요일,광주광역시 북구 오치동,중상사고,0,1,5,0,차대차 - 추돌 - 주정차중,안전거리미확보,건조,맑음,단일로 - 기타,승용,남,56세,상해없음,승용,남,53세,경상
2014040500100548,2014년 4월 5일 20시,토요일,광주광역시 북구 운암동,경상사고,0,0,1,0,차대사람 - 횡단중,안전운전불이행,건조,맑음,단일로 - 기타,승용,남,54세,상해없음,보행자,여,58세,경상
2014040500100586,2014년 4월 5일 21시,토요일,광주광역시 북구 신안동,경상사고,0,0,1,0,차대차 - 측면직각충돌,안전운전불이행,건조,맑음,교차로 - 교차로부근,승용,남,50세,상해없음,승용,남,59세,경상
2014040500100638,2014년 4월 5일 23시,토요일,광주광역시 북구 문흥동,경상사고,0,0,1,0,차대차 - 추돌 - 진행중,안전운전불이행,건조,맑음,교차로 - 교차로안,승용,남,38세,기타불명,승용,남,28세,경상
2014040600100022,2014년 4월 6일 01시,일요일,광주광역시 서구 쌍촌동,경상사고,0,0,1,0,차대차 - 추돌 - 진행중,안전거리미확보,건조,맑음,단일로 - 기타,승용,남,45세,상해없음,승용,남,24세,경상
2014040600100038,2014년 4월 6일 02시,일요일,광주광역시 북구 양산동,경상사고,0,0,2,0,차대차 - 추돌 - 진행중,안전운전불이행,건조,맑음,단일로 - 기타,기타불명,기타불명,기타불명,기타불명,승용,남,51세,경상
2014040600100098,2014년 4월 6일 08시,일요일,광주광역시 북구 용두동,경상사고,0,0,5,0,차대차 - 측면직각충돌,안전운전불이행,건조,맑음,교차로 - 교차로안,승용,여,56세,경상,승용,남,19세,경상
2014040600100151,2014년 4월 6일 10시,일요일,광주광역시 서구 벽진동,경상사고,0,0,2,0,차대차 - 측면직각충돌,중앙선침범,건조,맑음,단일로 - 기타,승용,남,30세,상해없음,승용,남,40세,경상