사고번호,사고일시,요일,시군구,사고내용,사망자수,중상자수,경상자수,부상신고자수,사고유형,법규위반,노면상태,기상상태,도로형태,가해운전자 차종,가해운전자 성별,가해운전자 연령,가해운전자 상해정도,피해운전자 차종,피해운전자 성별,피해운전자 연령,피해운전자 상해정도
2014040600100197,2014년 4월 6일 12시,일요일,광주광역시 북구 망월동,경상사고,0,0,1,0,차대차 - 측면직각충돌,신호위반,건조,맑음,교차로 - 교차로안,이륜,남,67세,상해없음,승용,여,53세,경상
2014040600100198,2014년 4월 6일 12시,일요일,광주광역시 북구 운암동,경상사고,0,0,1,0,차대차 - 측면직각충돌,신호위반,건조,맑음,교차로 - 교차로안,승용,남,40세,상해없음,승용,여,57세,경상
2014040600100383,2014년 4월 6일 18시,일요일,광주광역시 광산구 도천동,경상사고,0,0,1,0,차대차 - 기타,불법유턴,건조,맑음,교차로 - 교차로부근,승용,남,73세,상해없음,승용,남,70세,상해없음
2014040600100415,2014년 4월 6일 19시,일요일,광주광역시 북구 두암동,경상사고,0,0,1,0,차대차 - 측면직각충돌,교차로운행방법위반,건조,맑음,교차로 - 교차로안,승용,남,25세,상해없음,이륜,남,17세,경상
2014040600100448,2014년 4월 6일 20시,일요일,광주광역시 서구 농성동,경상사고,0,0,3,0,차대차 - 측면직각충돌,안전거리미확보,건조,맑음,단일로 - 기타,승용,기타불명,기타불명,기타불명,승용,여,52세,경상
2014040600100449,2014년 4월 6일 20시,일요일,광주광역시 남구 월산동,중상사고,0,1,0,0,차대차 - 측면직각충돌,안전운전불이행,건조,맑음,교차로 - 교차로안,승용,여,36세,상해없음,이륜,남,19세,중상
2014040600100498,2014년 4월 6일 22시,일요일,광주광역시 북구 중흥동,경상사고,0,0,1,0,차대사람 - 횡단중,안전운전불이행,건조,맑음,단일로 - 기타,승용,남,24세,상해없음,보행자,남,28세,경상
2014040700100014,2014년 4월 7일 00시,월요일,광주광역시 동구 학동,경상사고,0,0,1,0,차대사람 - 기타,안전운전불이행,건조,맑음,기타 - 기타,승용,남,59세,상해없음,보행자,여,39세,경상
2014040700100130,2014년 4월 7일 08시,월요일,광주광역시 남구 주월동,경상사고,0,0,1,0,차대차 - 기타,안전운전불이행,건조,맑음,단일로 - 기타,승용,여,31세,상해없음,승용,여,30세,경상
2014040700100131,2014년 4월 7일 08시,월요일,광주광역시 광산구 산정동,중상사고,0,2,8,0,차대차 - 측면직각충돌,교차로운행방법위반,건조,맑음,교차로 - 교차로안,승용,여,49세,상해없음,승용,여,35세,경상
2014040700100181,2014년 4월 7일 10시,월요일,광주광역시 광산구 운수동,경상사고,0,0,2,0,차대차 - 추돌 - 주정차중,안전운전불이행,건조,맑음,단일로 - 기타,화물,남,51세,상해없음,승용,여,43세,경상
2014040700100295,2014년 4월 7일 14시,월요일,광주광역시 북구 오치동,경상사고,0,0,1,0,차대사람 - 기타,안전운전불이행,건조,맑음,단일로 - 기타,승용,여,45세,상해없음,보행자,남,41세,경상
2014040700100361,2014년 4월 7일 16시,월요일,광주광역시 북구 각화동,경상사고,0,0,1,0,차대차 - 기타,안전운전불이행,건조,맑음,교차로 - 교차로안,자전거,남,67세,경상,승용,남,42세,상해없음
2014040700100362,2014년 4월 7일 16시,월요일,광주광역시 광산구 신창동,중상사고,0,1,0,0,차대차 - 정면충돌,중앙선침범,건조,맑음,교차로 - 교차로부근,자전거,남,19세,중상,승용,남,39세,상해없음
2014040700100484,2014년 4월 7일 19시,월요일,광주광역시 서구 매월동,경상사고,0,0,1,0,차대차 - 기타,차로위반,건조,흐림,단일로 - 기타,승용,남,32세,상해없음,이륜,남,64세,경상
2014040700100485,2014년 4월 7일 19시,월요일,광주광역시 남구 진월동,부상신고사고,0,0,0,1,차대차 - 측면직각충돌,안전거리미확보,건조,맑음,단일로 - 기타,승합,남,63세,상해없음,승용,남,60세,부상신고
2014040700100486,2014년 4월 7일 19시,월요일,광주광역시 남구 백운동,중상사고,0,1,1,0,차대차 - 측면직각충돌,안전운전불이행,건조,맑음,교차로 - 교차로안,승용,남,50세,상해없음,승용,남,44세,경상
2014040700100487,2014년 4월 7일 19시,월요일,광주광역시 북구 운암동,경상사고,0,0,2,0,차대차 - 측면직각충돌,안전운전불이행,건조,맑음,교차로 - 교차로안,화물,남,54세,상해없음,승용,남,66세,경상
2014040700100511,2014년 4월 7일 20시,월요일,광주광역시 북구 신안동,경상사고,0,0,1,0,차대차 - 측면직각충돌,안전운전불이행,건조,맑음,단일로 - 횡단보도부근,원동기,남,57세,경상,승용,남,55세,상해없음
2014040700100543,2014년 4월 7일 21시,월요일,광주광역시 북구 두암동,경상사고,0,0,1,0,차대차 - 추돌 - 주정차중,안전운전불이행,건조,맑음,단일로 - 기타,승용,여,46세,상해없음,승용,남,56세,경상
2014040700100575,2014년 4월 7일 22시,월요일,광주광역시 북구 신안동,경상사고,0,0,1,0,차대사람 - 길가장자리구역통행중,안전운전불이행,건조,맑음,단일로 - 기타,승용,남,52세,상해없음,보행자,남,38세,경상
2014040700100576,2014년 4월 7일 22시,월요일,광주광역시 북구 일곡동,경상사고,0,0,1,0,차대차 - 정면충돌,중앙선침범,건조,맑음,단일로 - 기타,승용,여,48세,경상,승합,남,37세,상해없음
2014040700100577,2014년 4월 7일 22시,월요일,광주광역시 광산구 비아동,경상사고,0,0,1,0,차대차 - 추돌 - 진행중,안전운전불이행,건조,맑음,교차로 - 교차로안,승용,남,44세,상해없음,승용,남,52세,경상
2014040700100593,2014년 4월 7일 23시,월요일,광주광역시 서구 화정동,경상사고,0,0,1,0,차대차 - 측면직각충돌,교차로운행방법위반,건조,맑음,교차로 - 교차로안,승용,남,42세,상해없음,이륜,남,19세,경상
2014040700100594,2014년 4월 7일 23시,월요일,광주광역시 북구 동림동,중상사고,0,1,1,0,차대차 - 측면직각충돌,신호위반,건조,맑음,교차로 - 교차로안,승용,남,36세,상해없음,이륜,남,19세,경상
2014040800100016,2014년 4월 8일 00시,화요일,광주광역시 서구 내방동,경상사고,0,0,1,0,차대사람 - 기타,안전운전불이행,건조,맑음,단일로 - 기타,화물,남,43세,상해없음,보행자,남,34세,경상
2014040800100017,2014년 4월 8일 00시,화요일,광주광역시 광산구 우산동,경상사고,0,0,1,0,차량단독 - 공작물충돌,안전운전불이행,건조,맑음,단일로 - 기타,승용,여,38세,경상,,,,
2014040800100101,2014년 4월 8일 07시,화요일,광주광역시 서구 화정동,경상사고,0,0,4,0,차대차 - 추돌 - 진행중,안전운전불이행,건조,맑음,교차로 - 교차로부근,승용,남,28세,상해없음,승용,남,46세,경상
2014040800100102,2014년 4월 8일 07시,화요일,광주광역시 남구 봉선동,경상사고,0,0,1,0,차대사람 - 차도통행중,안전운전불이행,건조,맑음,단일로 - 기타,승용,여,23세,상해없음,보행자,여,35세,경상
2014040800100103,2014년 4월 8일 07시,화요일,광주광역시 북구 오치동,중상사고,0,1,0,0,차대사람 - 기타,안전운전불이행,건조,맑음,단일로 - 기타,화물,남,67세,상해없음,보행자,여,82세,중상
2014040800100203,2014년 4월 8일 10시,화요일,광주광역시 동구 장동,경상사고,0,0,1,0,차대차 - 정면충돌,신호위반,건조,맑음,교차로 - 교차로안,승용,남,61세,상해없음,이륜,남,45세,경상
2014040800100225,2014년 4월 8일 11시,화요일,광주광역시 서구 치평동,경상사고,0,0,2,0,차대차 - 기타,신호위반,건조,맑음,교차로 - 교차로안,승용,남,52세,경상,화물,남,36세,경상
2014040800100254,2014년 4월 8일 12시,화요일,광주광역시 북구 신안동,경상사고,0,0,4,0,차대차 - 추돌 - 주정차중,안전운전불이행,건조,맑음,교차로 - 교차로부근,승용,여,55세,상해없음,승용,남,35세,경상
2014040800100282,2014년 4월 8일 13시,화요일,광주광역시 서구 광천동,경상사고,0,0,2,0,차대차 - 측면직각충돌,신호위반,건조,맑음,교차로 - 교차로안,승용,여,26세,상해없음,승용,남,41세,경상
2014040800100283,2014년 4월 8일 13시,화요일,광주광역시 서구 유촌동,경상사고,0,0,1,0,차량단독 - 공작물충돌,안전운전불이행,건조,맑음,단일로 - 기타,승용,여,35세,경상,,,,
2014040800100313,2014년 4월 8일 14시,화요일,광주광역시 동구 금남로5가,부상신고사고,0,0,0,1,차대차 - 측면직각충돌,중앙선침범,건조,맑음,단일로 - 횡단보도상,이륜,남,69세,부상신고,승용,남,43세,상해없음
2014040800100354,2014년 4월 8일 15시,화요일,광주광역시 동구 산수동,경상사고,0,0,1,0,차대차 - 추돌 - 주정차중,안전운전불이행,건조,맑음,교차로 - 교차로부근,승용,남,44세,상해없음,승용,여,38세,경상
2014040800100355,2014년 4월 8일 15시,화요일,광주광역시 서구 광천동,경상사고,0,0,3,0,차대차 - 추돌 - 주정차중,불법유턴,건조,맑음,단일로 - 기타,승용,여,54세,상해없음,승용,여,28세,경상
2014040800100404,2014년 4월 8일 16시,화요일,광주광역시 남구 방림동,중상사고,0,1,0,0,차대사람 - 길가장자리구역통행중,안전운전불이행,건조,맑음,교차로 - 교차로부근,화물,남,46세,상해없음,보행자,남,66세,중상
2014040800100441,2014년 4월 8일 17시,화요일,광주광역시 동구 계림동,중상사고,0,1,0,0,차대사람 - 횡단중,보행자보호의무위반,건조,맑음,단일로 - 기타,승용,남,30세,상해없음,보행자,남,66세,중상
2014040800100442,2014년 4월 8일 17시,화요일,광주광역시 서구 금호동,경상사고,0,0,1,0,차대차 - 추돌 - 진행중,신호위반,건조,맑음,교차로 - 교차로안,자전거,남,22세,경상,승용,남,56세,상해없음
2014040800100443,2014년 4월 8일 17시,화요일,광주광역시 북구 두암동,중상사고,0,1,0,0,차대사람 - 횡단중,신호위반,건조,맑음,교차로 - 교차로안,화물,남,33세,상해없음,보행자,남,8세,중상
2014040800100478,2014년 4월 8일 18시,화요일,광주광역시 북구 매곡동,경상사고,0,0,1,0,차대사람 - 기타,보행자보호의무위반,건조,맑음,단일로 - 기타,원동기,여,31세,상해없음,보행자,남,10세,경상
2014040800100479,2014년 4월 8일 18시,화요일,광주광역시 광산구 산월동,경상사고,0,0,1,0,차대사람 - 횡단중,보행자보호의무위반,건조,맑음,단일로 - 기타,승용,기타불명,기타불명,기타불명,보행자,남,12세,경상
2014040800100524,2014년 4월 8일 19시,화요일,광주광역시 서구 세하동,경상사고,0,0,1,0,차량단독 - 공작물충돌,안전운전불이행,건조,맑음,기타 - 기타,승용,여,48세,경상,,,,
2014040800100619,2014년 4월 8일 22시,화요일,광주광역시 북구 우산동,중상사고,0,1,0,0,차대차 - 측면직각충돌,안전운전불이행,건조,맑음,단일로 - 기타,화물,남,46세,상해없음,자전거,남,17세,중상
2014040800100620,2014년 4월 8일 22시,화요일,광주광역시 광산구 산정동,경상사고,0,0,1,0,차대차 - 측면직각충돌,교차로운행방법위반,건조,맑음,교차로 - 교차로안,승용,여,51세,상해없음,이륜,남,18세,경상
2014040900100020,2014년 4월 9일 00시,수요일,광주광역시 북구 일곡동,경상사고,0,0,2,0,차대차 - 추돌 - 주정차중,안전운전불이행,건조,맑음,교차로 - 교차로부근,승용,남,35세,상해없음,승용,남,46세,경상
2014040900100034,2014년 4월 9일 01시,수요일,광주광역시 광산구 수완동,경상사고,0,0,1,0,차대차 - 측면직각충돌,안전운전불이행,건조,맑음,단일로 - 기타,승용,여,43세,상해없음,승용,남,56세,경상
2014040900100079,2014년 4월 9일 06시,수요일,광주광역시 남구 진월동,사망사고,1,0,0,0,차대차 - 기타,안전운전불이행,건조,맑음,교차로 - 교차로안,화물,남,52세,상해없음,자전거,남,67세,사망
2014040900100142,2014년 4월 9일 08시,수요일,광주광역시 동구 금남로1가,경상사고,0,0,1,0,차대차 - 측면직각충돌,신호위반,건조,맑음,교차로 - 교차로안,승용,남,46세,기타불명,승용,남,69세,경상
2014040900100143,2014년 4월 9일 08시,수요일,광주광역시 서구 광천동,중상사고,0,1,0,0,차대차 - 기타,안전운전불이행,건조,맑음,기타 - 기타,자전거,여,53세,중상,승합,남,38세,상해없음
2014040900100179,2014년 4월 9일 09시,수요일,광주광역시 동구 대인동,경상사고,0,0,1,0,차대차 - 추돌 - 주정차중,안전운전불이행,건조,맑음,교차로 - 교차로부근,승용,남,35세,상해없음,화물,남,46세,경상
2014040900100180,2014년 4월 9일 09시,수요일,광주광역시 북구 신안동,경상사고,0,0,1,0,차대차 - 측면직각충돌,교차로운행방법위반,건조,맑음,교차로 - 교차로안,승용,여,44세,상해없음,승용,남,28세,경상
2014040900100226,2014년 4월 9일 11시,수요일,광주광역시 서구 쌍촌동,경상사고,0,0,1,0,차대사람 - 기타,안전운전불이행,건조,맑음,교차로 - 교차로안,승용,남,65세,상해없음,보행자,여,20세,경상
2014040900100248,2014년 4월 9일 12시,수요일,광주광역시 북구 두암동,경상사고,0,0,1,0,차대사람 - 기타,안전운전불이행,건조,맑음,단일로 - 기타,승용,여,31세,상해없음,보행자,여,66세,경상
2014040900100249,2014년 4월 9일 12시,수요일,광주광역시 북구 문흥동,경상사고,0,0,1,0,차대사람 - 보도통행중,보행자보호의무위반,건조,맑음,단일로 - 기타,승용,여,51세,상해없음,보행자,여,18세,경상
2014040900100250,2014년 4월 9일 12시,수요일,광주광역시 광산구 신창동,경상사고,0,0,3,0,차대차 - 추돌 - 진행중,안전거리미확보,건조,맑음,교차로 - 교차로안,승용,남,52세,상해없음,승용,여,30세,경상
2014040900100296,2014년 4월 9일 14시,수요일,광주광역시 남구 주월동,중상사고,0,1,0,0,차대사람 - 기타,안전운전불이행,건조,맑음,단일로 - 기타,승용,여,50세,상해없음,보행자,남,79세,중상
2014040900100332,2014년 4월 9일 15시,수요일,광주광역시 동구 계림동,경상사고,0,0,1,0,차대사람 - 기타,안전운전불이행,건조,맑음,기타 - 기타,승용,남,51세,상해없음,보행자,여,56세,경상
2014040900100333,2014년 4월 9일 15시,수요일,광주광역시 북구 중흥동,경상사고,0,0,2,0,차대차 - 추돌 - 진행중,안전운전불이행,건조,맑음,단일로 - 기타,특수,남,52세,상해없음,승용,남,44세,경상
2014040900100376,2014년 4월 9일 16시,수요일,광주광역시 북구 중흥동,부상신고사고,0,0,0,1,차대사람 - 길가장자리구역통행중,안전운전불이행,건조,맑음,단일로 - 기타,승용,여,61세,상해없음,보행자,여,53세,부상신고
2014040900100377,2014년 4월 9일 16시,수요일,광주광역시 북구 운암동,경상사고,0,0,1,0,차대차 - 측면직각충돌,안전거리미확보,건조,맑음,단일로 - 기타,화물,남,68세,상해없음,승용,여,25세,경상
2014040900100412,2014년 4월 9일 17시,수요일,광주광역시 북구 동림동,경상사고,0,0,1,0,차량단독 - 공작물충돌,기타,건조,맑음,단일로 - 기타,승합,남,54세,상해없음,,,,
2014040900100455,2014년 4월 9일 18시,수요일,광주광역시 동구 금동,경상사고,0,0,2,0,차대차 - 측면직각충돌,안전운전불이행,건조,맑음,교차로 - 교차로안,승용,남,48세,상해없음,화물,남,27세,경상
2014040900100535,2014년 4월 9일 20시,수요일,광주광역시 남구 진월동,중상사고,0,1,0,0,차대차 - 측면직각충돌,안전운전불이행,건조,맑음,단일로 - 기타,승용,여,52세,상해없음,이륜,남,18세,중상
2014040900100536,2014년 4월 9일 20시,수요일,광주광역시 북구 임동,경상사고,0,0,1,0,차대차 - 정면충돌,신호위반,건조,맑음,교차로 - 교차로안,이륜,남,31세,상해없음,승용,남,49세,경상
2014040900100537,2014년 4월 9일 20시,수요일,광주광역시 광산구 월곡동,경상사고,0,0,1,0,차대차 - 측면직각충돌,안전거리미확보,건조,맑음,단일로 - 기타,승용,여,46세,상해없음,이륜,남,18세,경상
2014040900100602,2014년 4월 9일 22시,수요일,광주광역시 서구 금호동,경상사고,0,0,1,0,차대차 - 기타,교차로운행방법위반,건조,맑음,교차로 - 교차로안,승용,남,29세,상해없음,자전거,남,45세,경상
2014040900100603,2014년 4월 9일 22시,수요일,광주광역시 서구 화정동,경상사고,0,0,1,0,차대차 - 측면직각충돌,안전운전불이행,건조,맑음,교차로 - 교차로안,화물,남,45세,상해없음,이륜,남,24세,경상
2014040900100604,2014년 4월 9일 22시,수요일,광주광역시 북구 일곡동,경상사고,0,0,1,0,차대차 - 측면직각충돌,교차로운행방법위반,건조,맑음,교차로 - 교차로안,승용,남,44세,상해없음,원동기,남,18세,경상
2014040900100605,2014년 4월 9일 22시,수요일,광주광역시 북구 동림동,경상사고,0,0,1,0,차대차 - 기타,안전운전불이행,건조,맑음,단일로 - 기타,승용,여,52세,상해없음,자전거,남,31세,경상
2014040900100606,2014년 4월 9일 22시,수요일,광주광역시 광산구 흑석동,중상사고,0,1,0,0,차대차 - 측면직각충돌,안전거리미확보,건조,맑음,단일로 - 기타,승용,남,52세,상해없음,이륜,남,19세,중상
2014040900100607,2014년 4월 9일 22시,수요일,광주광역시 광산구 월곡동,경상사고,0,0,1,0,차대차 - 기타,안전운전불이행,건조,맑음,단일로 - 기타,승용,남,51세,상해없음,승용,남,40세,상해없음
2014040900100628,2014년 4월 9일 23시,수요일,광주광역시 광산구 수완동,경상사고,0,0,1,0,차대차 - 측면직각충돌,안전운전불이행,건조,맑음,교차로 - 교차로안,승용,남,18세,상해없음,승용,남,41세,경상
2014041000100017,2014년 4월 10일 00시,목요일,광주광역시 동구 서석동,경상사고,0,0,1,0,차대사람 - 차도통행중,안전운전불이행,건조,맑음,교차로 - 교차로안,승용,남,57세,상해없음,보행자,남,22세,경상
2014041000100018,2014년 4월 10일 00시,목요일,광주광역시 서구 마륵동,경상사고,0,0,1,0,차대차 - 측면직각충돌,안전운전불이행,건조,맑음,교차로 - 교차로안,승용,남,24세,상해없음,승용,남,52세,경상
2014041000100031,2014년 4월 10일 01시,목요일,광주광역시 북구 두암동,경상사고,0,0,2,1,차대차 - 추돌 - 진행중,안전거리미확보,건조,맑음,단일로 - 기타,승용,남,36세,상해없음,승용,남,24세,경상
2014041000100043,2014년 4월 10일 03시,목요일,광주광역시 북구 신안동,경상사고,0,0,1,0,차대사람 - 기타,안전운전불이행,건조,맑음,단일로 - 기타,승용,남,36세,상해없음,보행자,남,31세,경상
2014041000100057,2014년 4월 10일 05시,목요일,광주광역시 광산구 신가동,경상사고,0,0,2,0,차대차 - 추돌 - 주정차중,안전운전불이행,건조,맑음,교차로 - 교차로부근,승용,남,28세,상해없음,승용,남,46세,경상
2014041000100058,2014년 4월 10일 05시,목요일,광주광역시 광산구 산정동,경상사고,0,0,3,0,차대차 - 측면직각충돌,안전운전불이행,건조,맑음,교차로 - 교차로안,승용,남,78세,경상,승용,여,59세,경상
2014041000100070,2014년 4월 10일 06시,목요일,광주광역시 광산구 송정동,중상사고,0,1,0,0,차대사람 - 횡단중,과속,건조,맑음,단일로 - 기타,화물,남,46세,상해없음,보행자,여,77세,중상
2014041000100095,2014년 4월 10일 07시,목요일,광주광역시 서구 치평동,중상사고,0,1,0,0,차대사람 - 기타,안전운전불이행,건조,맑음,단일로 - 기타,승용,남,27세,상해없음,보행자,여,37세,중상
2014041000100096,2014년 4월 10일 07시,목요일,광주광역시 북구 일곡동,경상사고,0,0,3,0,차대차 - 추돌 - 주정차중,안전운전불이행,건조,맑음,단일로 - 기타,승용,남,39세,경상,화물,남,46세,경상
2014041000100142,2014년 4월 10일 08시,목요일,광주광역시 북구 운암동,경상사고,0,0,1,0,차대차 - 추돌 - 진행중,안전운전불이행,건조,맑음,단일로 - 기타,승용,여,31세,상해없음,승용,여,30세,경상
2014041000100267,2014년 4월 10일 13시,목요일,광주광역시 동구 계림동,중상사고,0,1,0,0,차대사람 - 횡단중,보행자보호의무위반,건조,맑음,교차로 - 교차로안,화물,남,59세,상해없음,보행자,여,67세,중상
2014041000100268,2014년 4월 10일 13시,목요일,광주광역시 북구 삼각동,경상사고,0,0,1,0,차대사람 - 기타,안전운전불이행,건조,맑음,단일로 - 기타,승용,남,67세,상해없음,보행자,남,15세,경상
2014041000100325,2014년 4월 10일 15시,목요일,광주광역시 북구 오치동,경상사고,0,0,1,0,차대차 - 측면직각충돌,신호위반,건조,맑음,교차로 - 교차로안,승용,남,41세,상해없음,승용,남,35세,경상
2014041000100326,2014년 4월 10일 15시,목요일,광주광역시 북구 동림동,경상사고,0,0,1,0,차대차 - 추돌 - 진행중,안전운전불이행,건조,맑음,단일로 - 기타,승용,남,55세,상해없음,승용,남,42세,경상
2014041000100327,2014년 4월 10일 15시,목요일,광주광역시 광산구 신창동,경상사고,0,0,4,0,차대차 - 측면직각충돌,신호위반,건조,맑음,단일로 - 기타,승용,여,33세,상해없음,승용,남,20세,경상
2014041000100352,2014년 4월 10일 16시,목요일,광주광역시 동구 충장로5가,경상사고,0,0,1,0,차대사람 - 기타,안전운전불이행,건조,맑음,단일로 - 기타,승용,여,51세,상해없음,보행자,여,17세,경상
2014041000100353,2014년 4월 10일 16시,목요일,광주광역시 남구 월산동,경상사고,0,0,1,0,차대차 - 기타,안전운전불이행,건조,맑음,단일로 - 기타,기타불명,기타불명,기타불명,기타불명,자전거,남,14세,경상
2014041000100387,2014년 4월 10일 17시,목요일,광주광역시 서구 금호동,경상사고,0,0,1,0,차대사람 - 횡단중,안전운전불이행,건조,맑음,단일로 - 기타,이륜,남,50세,상해없음,보행자,남,17세,경상
2014041000100388,2014년 4월 10일 17시,목요일,광주광역시 광산구 산정동,경상사고,0,0,1,0,차대차 - 측면직각충돌,안전운전불이행,건조,맑음,교차로 - 교차로부근,승용,남,60세,상해없음,승용,남,29세,경상
2014041000100417,2014년 4월 10일 18시,목요일,광주광역시 광산구 장덕동,경상사고,0,0,4,0,차대차 - 측면직각충돌,안전거리미확보,건조,맑음,단일로 - 기타,승용,여,41세,기타불명,승용,남,24세,경상
2014041000100452,2014년 4월 10일 19시,목요일,광주광역시 광산구 산월동,경상사고,0,0,1,0,차대차 - 기타,중앙선침범,건조,맑음,교차로 - 교차로부근,승용,남,47세,상해없음,승용,남,33세,경상
2014041000100527,2014년 4월 10일 21시,목요일,광주광역시 북구 운암동,경상사고,0,0,1,0,차대차 - 추돌 - 진행중,안전거리미확보,건조,맑음,단일로 - 기타,승용,남,39세,상해없음,승용,남,58세,경상
2014041000100556,2014년 4월 10일 22시,목요일,광주광역시 북구 동림동,경상사고,0,0,1,0,차대차 - 측면직각충돌,안전거리미확보,건조,맑음,단일로 - 기타,승용,여,51세,상해없음,원동기,남,17세,경상
2014041000100557,2014년 4월 10일 22시,목요일,광주광역시 북구 용봉동,경상사고,0,0,2,0,차대차 - 추돌 - 주정차중,안전운전불이행,건조,맑음,교차로 - 교차로부근,승용,남,39세,상해없음,승용,남,31세,경상
2014041000100558,2014년 4월 10일 22시,목요일,광주광역시 북구 운암동,경상사고,0,0,2,0,차대차 - 추돌 - 진행중,안전운전불이행,건조,맑음,교차로 - 교차로부근,승용,남,34세,상해없음,승용,여,33세,경상
2014041000100559,2014년 4월 10일 22시,목요일,광주광역시 광산구 신창동,경상사고,0,0,1,0,차대사람 - 보도통행중,보행자보호의무위반,건조,맑음,단일로 - 기타,승합,남,46세,상해없음,보행자,남,41세,경상
2014041000100583,2014년 4월 10일 23시,목요일,광주광역시 남구 월산동,경상사고,0,0,1,0,차대차 - 추돌 - 주정차중,안전운전불이행,건조,맑음,단일로 - 기타,승용,남,30세,상해없음,승용,남,27세,경상
2014041100100072,2014년 4월 11일 06시,금요일,광주광역시 북구 중흥동,경상사고,0,0,2,0,차대차 - 측면직각충돌,신호위반,건조,맑음,교차로 - 교차로안,승용,남,67세,경상,승용,여,38세,경상
2014041100100099,2014년 4월 11일 07시,금요일,광주광역시 서구 광천동,경상사고,0,0,1,0,차대차 - 측면직각충돌,교차로운행방법위반,건조,맑음,교차로 - 교차로안,자전거,남,75세,경상,승용,여,48세,상해없음
2014041100100153,2014년 4월 11일 09시,금요일,광주광역시 동구 광산동,경상사고,0,0,1,0,차대사람 - 기타,안전운전불이행,건조,맑음,기타 - 기타,이륜,기타불명,기타불명,기타불명,보행자,여,31세,경상
2014041100100198,2014년 4월 11일 11시,금요일,광주광역시 광산구 소촌동,중상사고,0,1,0,0,차대차 - 측면직각충돌,교차로운행방법위반,건조,맑음,교차로 - 교차로안,화물,남,49세,상해없음,이륜,남,63세,중상
2014041100100233,2014년 4월 11일 12시,금요일,광주광역시 북구 각화동,경상사고,0,0,1,0,차대차 - 추돌 - 주정차중,안전운전불이행,건조,맑음,교차로 - 교차로안,승용,남,37세,기타불명,승용,남,31세,경상
2014041100100265,2014년 4월 11일 13시,금요일,광주광역시 광산구 신가동,경상사고,0,0,2,0,차대차 - 추돌 - 주정차중,안전운전불이행,건조,맑음,교차로 - 교차로부근,승용,남,49세,경상,승용,남,59세,상해없음
2014041100100298,2014년 4월 11일 14시,금요일,광주광역시 서구 덕흥동,중상사고,0,1,0,0,차대차 - 기타,차로위반,건조,맑음,단일로 - 기타,화물,남,41세,상해없음,승용,여,51세,중상
2014041100100299,2014년 4월 11일 14시,금요일,광주광역시 광산구 도산동,경상사고,0,0,2,0,차대차 - 측면직각충돌,안전운전불이행,건조,맑음,교차로 - 교차로안,승용,여,57세,경상,승용,남,44세,경상
2014041100100329,2014년 4월 11일 15시,금요일,광주광역시 서구 농성동,경상사고,0,0,4,0,차대차 - 기타,안전운전불이행,건조,맑음,교차로 - 교차로부근,승용,남,29세,상해없음,승용,남,31세,경상
2014041100100330,2014년 4월 11일 15시,금요일,광주광역시 북구 동림동,경상사고,0,0,1,0,차대차 - 측면직각충돌,안전거리미확보,건조,맑음,단일로 - 기타,승용,여,52세,상해없음,승합,남,45세,상해없음
2014041100100372,2014년 4월 11일 16시,금요일,광주광역시 북구 일곡동,경상사고,0,0,1,0,차대사람 - 횡단중,안전운전불이행,건조,맑음,단일로 - 기타,화물,남,48세,상해없음,보행자,여,6세,경상
2014041100100443,2014년 4월 11일 18시,금요일,광주광역시 동구 동명동,경상사고,0,0,1,0,차대사람 - 길가장자리구역통행중,안전운전불이행,건조,맑음,단일로 - 기타,승용,남,67세,상해없음,보행자,여,71세,경상
2014041100100444,2014년 4월 11일 18시,금요일,광주광역시 서구 양동,경상사고,0,0,1,0,차대차 - 측면직각충돌,안전거리미확보,건조,맑음,단일로 - 교량,승용,여,41세,상해없음,승용,남,48세,경상
2014041100100445,2014년 4월 11일 18시,금요일,광주광역시 남구 월산동,경상사고,0,0,1,0,차대사람 - 차도통행중,안전운전불이행,건조,맑음,단일로 - 기타,승용,남,59세,상해없음,보행자,여,62세,경상
2014041100100446,2014년 4월 11일 18시,금요일,광주광역시 북구 오치동,경상사고,0,0,1,0,차대차 - 추돌 - 진행중,안전거리미확보,건조,맑음,단일로 - 기타,이륜,남,56세,경상,승합,남,44세,상해없음
2014041100100447,2014년 4월 11일 18시,금요일,광주광역시 북구 두암동,경상사고,0,0,1,0,차대사람 - 횡단중,보행자보호의무위반,건조,맑음,단일로 - 기타,승용,남,39세,상해없음,보행자,남,4세,경상
2014041100100448,2014년 4월 11일 18시,금요일,광주광역시 광산구 소촌동,경상사고,0,0,2,0,차대차 - 추돌 - 진행중,안전거리미확보,건조,맑음,단일로 - 기타,승용,남,19세,상해없음,승합,남,34세,경상
2014041100100449,2014년 4월 11일 18시,금요일,광주광역시 광산구 산정동,중상사고,0,1,0,0,차대사람 - 횡단중,안전운전불이행,건조,맑음,단일로 - 횡단보도상,승용,남,40세,상해없음,보행자,여,38세,중상
2014041100100497,2014년 4월 11일 19시,금요일,광주광역시 서구 벽진동,경상사고,0,0,1,0,차대차 - 기타,안전운전불이행,건조,맑음,단일로 - 기타,승용,남,61세,상해없음,승용,남,24세,경상
2014041100100533,2014년 4월 11일 20시,금요일,광주광역시 서구 광천동,경상사고,0,0,1,0,차대차 - 추돌 - 주정차중,안전운전불이행,건조,맑음,단일로 - 기타,승용,남,48세,기타불명,승용,여,44세,경상
2014041100100534,2014년 4월 11일 20시,금요일,광주광역시 서구 매월동,중상사고,0,1,0,0,차대차 - 정면충돌,중앙선침범,건조,맑음,교차로 - 교차로안,승용,여,34세,상해없음,이륜,남,50세,중상