사고번호,사고일시,요일,시군구,사고내용,사망자수,중상자수,경상자수,부상신고자수,사고유형,법규위반,노면상태,기상상태,도로형태,가해운전자 차종,가해운전자 성별,가해운전자 연령,가해운전자 상해정도,피해운전자 차종,피해운전자 성별,피해운전자 연령,피해운전자 상해정도
2014041600100244,2014년 4월 16일 12시,수요일,광주광역시 북구 양산동,부상신고사고,0,0,0,1,차대사람 - 보도통행중,안전운전불이행,건조,맑음,단일로 - 기타,승용,기타불명,기타불명,기타불명,보행자,여,44세,부상신고
2014041600100295,2014년 4월 16일 14시,수요일,광주광역시 북구 용봉동,경상사고,0,0,1,0,차대사람 - 길가장자리구역통행중,안전운전불이행,건조,맑음,단일로 - 기타,승용,남,59세,상해없음,보행자,여,19세,경상
2014041600100364,2014년 4월 16일 16시,수요일,광주광역시 남구 월산동,중상사고,0,1,1,0,차대차 - 기타,교차로운행방법위반,건조,맑음,교차로 - 교차로안,승용,남,57세,상해없음,원동기,남,46세,경상
2014041600100365,2014년 4월 16일 16시,수요일,광주광역시 북구 북동,경상사고,0,0,1,0,차대차 - 측면직각충돌,안전운전불이행,건조,맑음,교차로 - 교차로부근,화물,남,45세,상해없음,자전거,남,91세,경상
2014041600100366,2014년 4월 16일 16시,수요일,광주광역시 북구 동림동,경상사고,0,0,1,0,차대차 - 측면직각충돌,기타,건조,맑음,단일로 - 기타,원동기,남,36세,상해없음,자전거,남,10세,경상
2014041600100404,2014년 4월 16일 17시,수요일,광주광역시 동구 금남로4가,중상사고,0,1,0,0,차대사람 - 보도통행중,안전운전불이행,건조,맑음,기타 - 기타,승용,남,75세,상해없음,보행자,남,65세,중상
2014041600100405,2014년 4월 16일 17시,수요일,광주광역시 광산구 장덕동,경상사고,0,0,3,0,차대차 - 기타,안전운전불이행,건조,맑음,교차로 - 교차로안,승용,남,29세,경상,승용,남,40세,경상
2014041600100406,2014년 4월 16일 17시,수요일,광주광역시 광산구 옥동,중상사고,0,1,0,0,차대사람 - 횡단중,신호위반,건조,맑음,교차로 - 교차로안,화물,남,57세,상해없음,보행자,남,31세,중상
2014041600100474,2014년 4월 16일 19시,수요일,광주광역시 북구 동림동,경상사고,0,0,4,0,차대차 - 추돌 - 주정차중,안전운전불이행,건조,맑음,단일로 - 기타,승합,남,58세,상해없음,승용,여,23세,경상
2014041600100487,2014년 4월 16일 19시,수요일,광주광역시 광산구 산월동,경상사고,0,0,1,0,차대차 - 측면직각충돌,안전운전불이행,건조,맑음,단일로 - 기타,승용,남,49세,상해없음,승용,남,35세,경상
2014041600100526,2014년 4월 16일 20시,수요일,광주광역시 서구 금호동,경상사고,0,0,2,0,차대차 - 기타,교차로운행방법위반,건조,맑음,교차로 - 교차로안,승용,남,49세,기타불명,승용,여,42세,경상
2014041600100527,2014년 4월 16일 20시,수요일,광주광역시 북구 두암동,경상사고,0,0,1,0,차대사람 - 횡단중,안전운전불이행,건조,맑음,단일로 - 기타,승용,여,45세,상해없음,보행자,여,12세,경상
2014041600100559,2014년 4월 16일 21시,수요일,광주광역시 북구 용두동,경상사고,0,0,3,0,차대차 - 추돌 - 진행중,안전거리미확보,건조,맑음,단일로 - 횡단보도부근,승용,남,44세,상해없음,승용,남,55세,경상
2014041600100560,2014년 4월 16일 21시,수요일,광주광역시 북구 일곡동,경상사고,0,0,1,1,차대차 - 측면직각충돌,교차로운행방법위반,건조,맑음,교차로 - 교차로안,승용,여,52세,부상신고,이륜,남,55세,경상
2014041600100561,2014년 4월 16일 21시,수요일,광주광역시 광산구 신창동,경상사고,0,0,1,0,차대차 - 기타,안전운전불이행,건조,맑음,교차로 - 교차로안,승용,여,43세,상해없음,자전거,남,14세,경상
2014041600100586,2014년 4월 16일 22시,수요일,광주광역시 북구 문흥동,중상사고,0,1,0,0,차대사람 - 차도통행중,안전운전불이행,건조,맑음,단일로 - 기타,승용,여,56세,상해없음,보행자,남,13세,중상
2014041600100587,2014년 4월 16일 22시,수요일,광주광역시 북구 각화동,경상사고,0,0,1,0,차대사람 - 횡단중,안전운전불이행,건조,맑음,단일로 - 기타,화물,여,58세,상해없음,보행자,여,79세,경상
2014041600100610,2014년 4월 16일 23시,수요일,광주광역시 서구 유촌동,경상사고,0,0,2,0,차대차 - 측면직각충돌,안전운전불이행,건조,맑음,교차로 - 교차로부근,승용,남,18세,경상,승용,남,33세,경상
2014041600100611,2014년 4월 16일 23시,수요일,광주광역시 북구 두암동,중상사고,0,1,0,0,차대사람 - 횡단중,안전운전불이행,건조,맑음,교차로 - 교차로부근,승용,남,61세,상해없음,보행자,남,43세,중상
2014041700100016,2014년 4월 17일 00시,목요일,광주광역시 동구 소태동,경상사고,0,0,4,1,차대차 - 측면직각충돌,신호위반,건조,흐림,교차로 - 교차로안,승용,남,27세,부상신고,승용,남,49세,경상
2014041700100052,2014년 4월 17일 04시,목요일,광주광역시 서구 광천동,중상사고,0,1,0,0,차대사람 - 횡단중,안전운전불이행,건조,맑음,교차로 - 교차로부근,승용,여,50세,상해없음,보행자,여,72세,중상
2014041700100076,2014년 4월 17일 06시,목요일,광주광역시 광산구 신가동,경상사고,0,0,2,0,차량단독 - 공작물충돌,안전운전불이행,건조,맑음,단일로 - 기타,승용,여,20세,경상,,,,
2014041700100096,2014년 4월 17일 07시,목요일,광주광역시 서구 화정동,경상사고,0,0,1,0,차대차 - 측면직각충돌,교차로운행방법위반,습기,흐림,교차로 - 교차로안,승용,남,65세,상해없음,자전거,남,16세,경상
2014041700100097,2014년 4월 17일 07시,목요일,광주광역시 광산구 하남동,중상사고,0,1,0,0,차대차 - 정면충돌,불법유턴,건조,맑음,교차로 - 교차로부근,이륜,남,27세,중상,승합,남,30세,상해없음
2014041700100139,2014년 4월 17일 08시,목요일,광주광역시 서구 금호동,경상사고,0,0,1,0,차대차 - 추돌 - 주정차중,안전거리미확보,건조,맑음,교차로 - 교차로안,승용,여,49세,상해없음,승용,여,30세,경상
2014041700100196,2014년 4월 17일 10시,목요일,광주광역시 동구 소태동,중상사고,0,1,1,0,차대차 - 기타,교차로운행방법위반,건조,맑음,교차로 - 교차로안,승용,남,49세,경상,승용,남,49세,중상
2014041700100277,2014년 4월 17일 13시,목요일,광주광역시 북구 신안동,경상사고,0,0,1,0,차대차 - 측면직각충돌,직진우회전진행방해,습기,맑음,교차로 - 교차로안,승용,남,44세,상해없음,승용,남,57세,경상
2014041700100304,2014년 4월 17일 14시,목요일,광주광역시 광산구 월전동,경상사고,0,0,2,0,차대차 - 측면직각충돌,안전거리미확보,습기,비,단일로 - 기타,승용,남,53세,상해없음,화물,남,39세,경상
2014041700100337,2014년 4월 17일 15시,목요일,광주광역시 서구 금호동,경상사고,0,0,2,0,차대차 - 측면직각충돌,신호위반,건조,맑음,교차로 - 교차로안,승합,남,60세,기타불명,승용,여,34세,경상
2014041700100338,2014년 4월 17일 15시,목요일,광주광역시 북구 동림동,경상사고,0,0,2,0,차대차 - 추돌 - 주정차중,안전거리미확보,습기,비,단일로 - 기타,승용,남,34세,상해없음,승용,남,74세,경상
2014041700100339,2014년 4월 17일 15시,목요일,광주광역시 광산구 운남동,경상사고,0,0,1,0,차대사람 - 횡단중,신호위반,습기,비,교차로 - 교차로부근,승용,남,63세,상해없음,보행자,남,6세,경상
2014041700100413,2014년 4월 17일 17시,목요일,광주광역시 서구 동천동,경상사고,0,0,1,0,차대차 - 추돌 - 진행중,안전운전불이행,습기,비,단일로 - 기타,승용,남,48세,상해없음,이륜,남,17세,경상
2014041700100414,2014년 4월 17일 17시,목요일,광주광역시 남구 백운동,경상사고,0,0,1,0,차대차 - 측면직각충돌,안전거리미확보,습기,비,단일로 - 기타,화물,남,59세,상해없음,승용,남,49세,경상
2014041700100415,2014년 4월 17일 17시,목요일,광주광역시 광산구 송정동,경상사고,0,0,1,0,차량단독 - 기타,안전운전불이행,건조,맑음,교차로 - 교차로안,승합,남,36세,상해없음,,,,
2014041700100468,2014년 4월 17일 18시,목요일,광주광역시 북구 운암동,경상사고,0,0,7,0,차대차 - 측면직각충돌,중앙선침범,습기,비,단일로 - 기타,승용,남,33세,상해없음,승용,여,39세,경상
2014041700100469,2014년 4월 17일 18시,목요일,광주광역시 북구 운암동,부상신고사고,0,0,0,1,차대차 - 기타,교차로운행방법위반,습기,비,교차로 - 교차로안,승용,기타불명,기타불명,기타불명,원동기,남,26세,부상신고
2014041700100470,2014년 4월 17일 18시,목요일,광주광역시 광산구 산월동,경상사고,0,0,1,0,차대사람 - 기타,보행자보호의무위반,건조,맑음,단일로 - 기타,승용,남,45세,상해없음,보행자,여,9세,경상
2014041700100471,2014년 4월 17일 18시,목요일,광주광역시 광산구 신가동,경상사고,0,0,1,0,차대사람 - 차도통행중,보행자보호의무위반,습기,비,단일로 - 횡단보도상,기타불명,기타불명,기타불명,기타불명,보행자,남,14세,경상
2014041700100535,2014년 4월 17일 19시,목요일,광주광역시 서구 농성동,중상사고,0,1,1,0,차대차 - 추돌 - 주정차중,안전운전불이행,건조,맑음,단일로 - 기타,승용,남,45세,상해없음,승용,남,20세,중상
2014041700100536,2014년 4월 17일 19시,목요일,광주광역시 서구 양동,경상사고,0,0,1,0,차대차 - 측면직각충돌,안전거리미확보,습기,비,단일로 - 기타,화물,남,44세,상해없음,승용,여,35세,경상
2014041700100537,2014년 4월 17일 19시,목요일,광주광역시 서구 쌍촌동,경상사고,0,0,1,0,차대차 - 측면직각충돌,신호위반,건조,맑음,교차로 - 교차로안,자전거,남,11세,경상,승용,남,63세,상해없음
2014041700100538,2014년 4월 17일 19시,목요일,광주광역시 남구 봉선동,경상사고,0,0,1,0,차대사람 - 횡단중,보행자보호의무위반,습기,비,단일로 - 횡단보도상,승용,남,29세,상해없음,보행자,여,84세,경상
2014041700100539,2014년 4월 17일 19시,목요일,광주광역시 북구 용두동,경상사고,0,0,1,0,차대사람 - 횡단중,신호위반,습기,비,단일로 - 횡단보도상,승용,여,39세,상해없음,보행자,남,32세,경상
2014041700100603,2014년 4월 17일 20시,목요일,광주광역시 서구 금호동,경상사고,0,0,1,0,차대차 - 측면직각충돌,차로위반,습기,흐림,단일로 - 기타,승용,여,24세,상해없음,화물,남,44세,상해없음
2014041700100604,2014년 4월 17일 20시,목요일,광주광역시 북구 신안동,경상사고,0,0,1,0,차대사람 - 기타,안전운전불이행,습기,비,교차로 - 교차로안,승용,남,46세,상해없음,보행자,남,16세,경상
2014041700100605,2014년 4월 17일 20시,목요일,광주광역시 북구 삼각동,경상사고,0,0,6,0,차대차 - 추돌 - 주정차중,안전거리미확보,습기,비,단일로 - 기타,승용,여,43세,상해없음,승용,남,45세,경상
2014041700100606,2014년 4월 17일 20시,목요일,광주광역시 광산구 신촌동,경상사고,0,0,1,0,차대차 - 측면직각충돌,교차로운행방법위반,습기,비,교차로 - 교차로부근,승용,남,68세,상해없음,승용,남,24세,경상
2014041700100669,2014년 4월 17일 21시,목요일,광주광역시 서구 금호동,중상사고,0,1,0,0,차대사람 - 횡단중,안전운전불이행,건조,맑음,단일로 - 횡단보도상,승용,남,70세,상해없음,보행자,남,43세,중상
2014041700100670,2014년 4월 17일 21시,목요일,광주광역시 서구 치평동,경상사고,0,0,2,0,차대차 - 추돌 - 주정차중,안전운전불이행,건조,맑음,교차로 - 교차로부근,승용,남,31세,상해없음,승용,여,54세,경상
2014041700100721,2014년 4월 17일 22시,목요일,광주광역시 북구 두암동,경상사고,0,0,3,0,차대차 - 추돌 - 주정차중,안전운전불이행,습기,비,단일로 - 기타,승용,남,27세,상해없음,화물,남,55세,경상
2014041700100722,2014년 4월 17일 22시,목요일,광주광역시 북구 용봉동,경상사고,0,0,1,0,차대차 - 측면직각충돌,안전운전불이행,건조,맑음,교차로 - 교차로부근,승용,남,60세,상해없음,승용,남,35세,상해없음
2014041700100723,2014년 4월 17일 22시,목요일,광주광역시 광산구 송정동,경상사고,0,0,2,0,차대차 - 측면직각충돌,차로위반,건조,맑음,교차로 - 교차로부근,화물,남,37세,상해없음,승용,남,51세,경상
2014041800100056,2014년 4월 18일 03시,금요일,광주광역시 서구 화정동,경상사고,0,0,3,0,차대차 - 측면직각충돌,신호위반,습기,흐림,교차로 - 교차로안,승용,남,29세,경상,승용,남,24세,경상
2014041800100088,2014년 4월 18일 06시,금요일,광주광역시 서구 풍암동,경상사고,0,0,2,0,차대차 - 추돌 - 진행중,안전거리미확보,건조,흐림,단일로 - 기타,승용,여,38세,상해없음,승용,남,64세,경상
2014041800100155,2014년 4월 18일 08시,금요일,광주광역시 서구 농성동,경상사고,0,0,2,0,차대차 - 기타,중앙선침범,건조,맑음,단일로 - 기타,승용,여,49세,기타불명,승용,남,68세,경상
2014041800100178,2014년 4월 18일 09시,금요일,광주광역시 광산구 산정동,중상사고,0,1,0,0,차대차 - 기타,신호위반,건조,맑음,교차로 - 교차로안,승용,남,43세,상해없음,승용,여,26세,중상
2014041800100179,2014년 4월 18일 09시,금요일,광주광역시 광산구 장덕동,중상사고,0,2,2,0,차대차 - 측면직각충돌,신호위반,습기,비,교차로 - 교차로안,승용,남,68세,상해없음,승용,여,33세,중상
2014041800100202,2014년 4월 18일 10시,금요일,광주광역시 북구 각화동,경상사고,0,0,1,0,차대사람 - 횡단중,안전운전불이행,습기,흐림,교차로 - 교차로부근,화물,남,51세,상해없음,보행자,남,62세,경상
2014041800100228,2014년 4월 18일 11시,금요일,광주광역시 광산구 쌍암동,중상사고,0,1,0,0,차대사람 - 기타,안전운전불이행,습기,흐림,단일로 - 기타,승용,여,39세,상해없음,보행자,여,53세,중상
2014041800100259,2014년 4월 18일 12시,금요일,광주광역시 북구 용봉동,중상사고,0,1,0,0,차대차 - 기타,안전운전불이행,건조,맑음,단일로 - 횡단보도상,화물,남,61세,상해없음,자전거,여,44세,중상
2014041800100291,2014년 4월 18일 13시,금요일,광주광역시 서구 풍암동,경상사고,0,0,1,0,차대차 - 측면직각충돌,교차로운행방법위반,건조,맑음,단일로 - 기타,승용,여,39세,상해없음,승용,남,31세,경상
2014041800100329,2014년 4월 18일 14시,금요일,광주광역시 동구 지산동,경상사고,0,0,1,0,차대차 - 기타,중앙선침범,건조,맑음,기타 - 기타,승용,남,32세,상해없음,승용,남,36세,경상
2014041800100423,2014년 4월 18일 17시,금요일,광주광역시 북구 매곡동,경상사고,0,0,1,0,차대차 - 정면충돌,안전운전불이행,건조,맑음,교차로 - 교차로안,화물,남,28세,상해없음,자전거,남,12세,경상
2014041800100449,2014년 4월 18일 18시,금요일,광주광역시 서구 쌍촌동,경상사고,0,0,1,0,차대차 - 기타,안전운전불이행,건조,맑음,교차로 - 교차로안,승용,남,53세,상해없음,승용,남,68세,상해없음
2014041800100450,2014년 4월 18일 18시,금요일,광주광역시 광산구 월계동,경상사고,0,0,1,0,차대사람 - 횡단중,안전운전불이행,건조,맑음,단일로 - 기타,승용,여,43세,상해없음,보행자,여,7세,경상
2014041800100451,2014년 4월 18일 18시,금요일,광주광역시 광산구 월계동,경상사고,0,0,1,0,차대차 - 측면직각충돌,안전운전불이행,건조,맑음,교차로 - 교차로안,기타불명,기타불명,기타불명,기타불명,자전거,남,13세,경상
2014041800100492,2014년 4월 18일 19시,금요일,광주광역시 서구 치평동,경상사고,0,0,2,0,차대차 - 측면직각충돌,교차로운행방법위반,건조,맑음,교차로 - 교차로안,승용,남,48세,상해없음,승용,남,49세,경상
2014041800100547,2014년 4월 18일 21시,금요일,광주광역시 동구 동명동,중상사고,0,1,0,0,차대차 - 기타,교차로운행방법위반,건조,맑음,교차로 - 교차로안,승용,남,24세,상해없음,이륜,남,46세,중상
2014041800100548,2014년 4월 18일 21시,금요일,광주광역시 서구 화정동,경상사고,0,0,1,0,차대차 - 측면직각충돌,안전거리미확보,건조,맑음,교차로 - 교차로부근,기타불명,기타불명,기타불명,기타불명,화물,남,48세,경상
2014041800100575,2014년 4월 18일 22시,금요일,광주광역시 광산구 운남동,경상사고,0,0,1,0,차대사람 - 기타,기타,건조,맑음,교차로 - 교차로안,승용,남,75세,상해없음,보행자,남,39세,경상
2014041800100607,2014년 4월 18일 23시,금요일,광주광역시 서구 마륵동,경상사고,0,0,1,0,차대차 - 측면직각충돌,차로위반,건조,맑음,단일로 - 기타,승용,남,56세,상해없음,화물,남,37세,상해없음
2014041800100608,2014년 4월 18일 23시,금요일,광주광역시 서구 화정동,경상사고,0,0,1,0,차대차 - 기타,안전운전불이행,건조,맑음,교차로 - 교차로안,승용,남,51세,상해없음,승용,여,56세,경상
2014041800100609,2014년 4월 18일 23시,금요일,광주광역시 북구 운암동,경상사고,0,0,1,0,차대차 - 추돌 - 주정차중,안전운전불이행,건조,맑음,단일로 - 기타,승용,남,44세,상해없음,승용,남,31세,경상
2014041900100036,2014년 4월 19일 01시,토요일,광주광역시 광산구 신창동,경상사고,0,0,1,0,차량단독 - 공작물충돌,안전운전불이행,건조,맑음,교차로 - 교차로안,승용,여,25세,경상,,,,
2014041900100081,2014년 4월 19일 05시,토요일,광주광역시 북구 문흥동,경상사고,0,0,1,0,차대차 - 추돌 - 주정차중,중앙선침범,건조,맑음,단일로 - 기타,승용,남,38세,상해없음,승합,남,49세,경상
2014041900100095,2014년 4월 19일 06시,토요일,광주광역시 북구 신용동,경상사고,0,0,3,0,차대차 - 추돌 - 주정차중,중앙선침범,건조,맑음,교차로 - 교차로부근,승용,남,29세,상해없음,승용,남,35세,경상
2014041900100212,2014년 4월 19일 11시,토요일,광주광역시 북구 중흥동,경상사고,0,0,3,0,차대차 - 기타,교차로운행방법위반,건조,맑음,교차로 - 교차로안,승용,남,19세,상해없음,승용,남,29세,경상
2014041900100268,2014년 4월 19일 13시,토요일,광주광역시 서구 양동,경상사고,0,0,1,0,차대차 - 추돌 - 주정차중,안전운전불이행,건조,맑음,교차로 - 교차로부근,승용,남,27세,상해없음,승용,남,31세,경상
2014041900100299,2014년 4월 19일 14시,토요일,광주광역시 서구 치평동,경상사고,0,0,1,0,차대차 - 측면직각충돌,안전거리미확보,건조,맑음,교차로 - 교차로부근,승용,남,30세,상해없음,승용,남,55세,상해없음
2014041900100300,2014년 4월 19일 14시,토요일,광주광역시 광산구 월곡동,경상사고,0,0,3,0,차대차 - 추돌 - 주정차중,안전운전불이행,건조,맑음,교차로 - 교차로부근,승합,여,36세,상해없음,승용,남,38세,경상
2014041900100360,2014년 4월 19일 16시,토요일,광주광역시 북구 각화동,경상사고,0,0,1,0,차대차 - 추돌 - 진행중,차로위반,건조,맑음,단일로 - 기타,승합,남,67세,상해없음,승용,남,47세,경상
2014041900100423,2014년 4월 19일 18시,토요일,광주광역시 서구 광천동,경상사고,0,0,4,0,차대차 - 추돌 - 주정차중,안전거리미확보,건조,맑음,단일로 - 기타,화물,남,54세,상해없음,승용,남,30세,경상
2014041900100424,2014년 4월 19일 18시,토요일,광주광역시 북구 동림동,중상사고,0,1,0,0,차대차 - 기타,차로위반,건조,맑음,단일로 - 기타,화물,남,56세,상해없음,이륜,남,52세,중상
2014041900100461,2014년 4월 19일 19시,토요일,광주광역시 북구 동림동,경상사고,0,0,4,0,차대차 - 측면직각충돌,안전운전불이행,건조,맑음,단일로 - 기타,승용,여,56세,경상,승용,남,36세,경상
2014041900100495,2014년 4월 19일 20시,토요일,광주광역시 서구 동천동,중상사고,0,1,0,0,차대사람 - 기타,안전운전불이행,건조,맑음,교차로 - 교차로부근,승용,여,33세,상해없음,보행자,남,46세,중상
2014041900100496,2014년 4월 19일 20시,토요일,광주광역시 남구 방림동,중상사고,0,1,0,0,차대차 - 측면직각충돌,차로위반,건조,맑음,단일로 - 기타,승용,남,29세,상해없음,원동기,남,20세,중상
2014041900100497,2014년 4월 19일 20시,토요일,광주광역시 남구 백운동,경상사고,0,0,3,0,차대차 - 추돌 - 주정차중,안전거리미확보,건조,맑음,교차로 - 교차로부근,승용,남,55세,상해없음,승용,남,22세,경상
2014041900100498,2014년 4월 19일 20시,토요일,광주광역시 남구 진월동,경상사고,0,0,2,0,차대차 - 측면직각충돌,안전운전불이행,건조,맑음,단일로 - 기타,화물,남,63세,상해없음,승용,남,60세,경상
2014041900100499,2014년 4월 19일 20시,토요일,광주광역시 광산구 도산동,경상사고,0,0,1,0,차대차 - 측면직각충돌,교차로운행방법위반,건조,맑음,교차로 - 교차로안,화물,남,67세,상해없음,승용,남,51세,경상
2014041900100528,2014년 4월 19일 21시,토요일,광주광역시 서구 화정동,경상사고,0,0,1,0,차대차 - 측면직각충돌,교차로운행방법위반,건조,맑음,교차로 - 교차로안,승용,남,50세,상해없음,이륜,남,39세,경상
2014041900100558,2014년 4월 19일 22시,토요일,광주광역시 북구 매곡동,경상사고,0,0,1,0,차대사람 - 길가장자리구역통행중,안전운전불이행,건조,맑음,단일로 - 기타,기타불명,기타불명,기타불명,기타불명,보행자,남,45세,경상
2014041900100583,2014년 4월 19일 23시,토요일,광주광역시 동구 궁동,중상사고,0,1,1,0,차대차 - 측면직각충돌,신호위반,건조,맑음,교차로 - 교차로안,승용,남,48세,상해없음,이륜,남,25세,중상
2014042000100037,2014년 4월 20일 01시,일요일,광주광역시 동구 내남동,경상사고,0,0,2,0,차대차 - 추돌 - 진행중,안전거리미확보,건조,맑음,교차로 - 교차로부근,화물,남,51세,상해없음,화물,남,23세,경상
2014042000100051,2014년 4월 20일 02시,일요일,광주광역시 북구 용봉동,중상사고,0,1,2,0,차대사람 - 횡단중,안전운전불이행,건조,맑음,단일로 - 횡단보도상,이륜,남,19세,경상,보행자,여,17세,중상
2014042000100066,2014년 4월 20일 03시,일요일,광주광역시 북구 용봉동,경상사고,0,0,1,0,차대차 - 추돌 - 주정차중,안전운전불이행,건조,맑음,단일로 - 기타,승용,남,31세,상해없음,승용,남,54세,경상
2014042000100078,2014년 4월 20일 04시,일요일,광주광역시 북구 운암동,경상사고,0,0,3,0,차대차 - 기타,차로위반,건조,맑음,단일로 - 기타,승용,남,24세,상해없음,승용,남,78세,경상
2014042000100140,2014년 4월 20일 09시,일요일,광주광역시 서구 광천동,경상사고,0,0,1,0,차대차 - 추돌 - 진행중,안전운전불이행,건조,맑음,교차로 - 교차로안,이륜,남,21세,경상,승용,남,56세,상해없음
2014042000100161,2014년 4월 20일 10시,일요일,광주광역시 광산구 신가동,경상사고,0,0,1,0,차대차 - 추돌 - 주정차중,안전운전불이행,건조,맑음,교차로 - 교차로부근,승합,남,38세,상해없음,승용,남,44세,경상
2014042000100188,2014년 4월 20일 11시,일요일,광주광역시 서구 치평동,경상사고,0,0,1,0,차대차 - 측면직각충돌,신호위반,건조,맑음,교차로 - 교차로안,승용,남,51세,상해없음,승용,남,28세,경상
2014042000100212,2014년 4월 20일 12시,일요일,광주광역시 서구 화정동,중상사고,0,1,0,0,차대사람 - 횡단중,보행자보호의무위반,건조,맑음,단일로 - 횡단보도상,승합,남,33세,상해없음,보행자,여,37세,중상
2014042000100213,2014년 4월 20일 12시,일요일,광주광역시 서구 화정동,경상사고,0,0,1,0,차대사람 - 기타,안전운전불이행,건조,맑음,단일로 - 기타,승용,남,64세,기타불명,보행자,남,48세,경상
2014042000100241,2014년 4월 20일 13시,일요일,광주광역시 광산구 월전동,중상사고,0,1,2,0,차대차 - 측면직각충돌,신호위반,건조,맑음,교차로 - 교차로안,승용,남,54세,상해없음,승용,남,49세,경상
2014042000100266,2014년 4월 20일 14시,일요일,광주광역시 서구 동천동,경상사고,0,0,1,0,차대사람 - 길가장자리구역통행중,안전운전불이행,건조,맑음,단일로 - 기타,승용,여,32세,상해없음,보행자,여,31세,경상
2014042000100267,2014년 4월 20일 14시,일요일,광주광역시 남구 노대동,중상사고,0,1,1,0,차대차 - 기타,안전거리미확보,건조,맑음,교차로 - 교차로안,승용,여,43세,경상,승용,여,39세,중상
2014042000100299,2014년 4월 20일 15시,일요일,광주광역시 남구 방림동,경상사고,0,0,3,0,차대차 - 추돌 - 주정차중,안전운전불이행,건조,맑음,교차로 - 교차로부근,승용,여,53세,경상,승용,남,43세,경상
2014042000100325,2014년 4월 20일 16시,일요일,광주광역시 광산구 장덕동,경상사고,0,0,2,0,차대차 - 추돌 - 주정차중,안전거리미확보,건조,맑음,교차로 - 교차로부근,승용,남,30세,상해없음,승용,여,41세,경상
2014042000100362,2014년 4월 20일 17시,일요일,광주광역시 서구 풍암동,경상사고,0,0,2,0,차대차 - 기타,안전운전불이행,건조,맑음,단일로 - 기타,승용,여,51세,상해없음,승용,남,32세,경상
2014042000100363,2014년 4월 20일 17시,일요일,광주광역시 광산구 송정동,경상사고,0,0,1,0,차대차 - 측면직각충돌,안전운전불이행,건조,맑음,교차로 - 교차로부근,승용,남,55세,상해없음,원동기,남,56세,경상
2014042000100392,2014년 4월 20일 18시,일요일,광주광역시 서구 서창동,경상사고,0,0,1,0,차대차 - 측면직각충돌,중앙선침범,건조,맑음,단일로 - 기타,승용,남,31세,상해없음,승용,남,36세,경상
2014042000100393,2014년 4월 20일 18시,일요일,광주광역시 광산구 월곡동,부상신고사고,0,0,0,1,차대차 - 추돌 - 진행중,기타,건조,맑음,단일로 - 기타,승용,남,42세,상해없음,원동기,남,27세,부상신고
2014042000100432,2014년 4월 20일 19시,일요일,광주광역시 서구 쌍촌동,경상사고,0,0,1,0,차대차 - 측면직각충돌,신호위반,건조,맑음,교차로 - 교차로안,화물,남,53세,상해없음,자전거,남,36세,경상
2014042000100433,2014년 4월 20일 19시,일요일,광주광역시 광산구 우산동,부상신고사고,0,0,0,1,차대사람 - 횡단중,안전운전불이행,건조,맑음,단일로 - 기타,기타불명,기타불명,기타불명,기타불명,보행자,남,37세,부상신고
2014042000100452,2014년 4월 20일 20시,일요일,광주광역시 북구 임동,경상사고,0,0,1,0,차대차 - 측면직각충돌,안전거리미확보,건조,맑음,단일로 - 기타,승용,남,27세,상해없음,승용,여,54세,경상
2014042000100479,2014년 4월 20일 21시,일요일,광주광역시 서구 유촌동,경상사고,0,0,1,0,차대차 - 추돌 - 주정차중,안전운전불이행,건조,맑음,단일로 - 기타,승용,남,33세,상해없음,승용,남,42세,경상
2014042100100119,2014년 4월 21일 08시,월요일,광주광역시 광산구 도천동,경상사고,0,0,1,0,차대차 - 측면직각충돌,안전운전불이행,건조,맑음,교차로 - 교차로안,화물,남,39세,경상,화물,남,45세,상해없음
2014042100100157,2014년 4월 21일 09시,월요일,광주광역시 동구 서석동,중상사고,0,1,0,0,차대차 - 측면직각충돌,안전운전불이행,건조,맑음,교차로 - 교차로안,자전거,남,20세,중상,승용,남,62세,상해없음
2014042100100158,2014년 4월 21일 09시,월요일,광주광역시 광산구 수완동,경상사고,0,0,1,0,차대차 - 추돌 - 주정차중,안전거리미확보,건조,맑음,교차로 - 교차로부근,승용,남,70세,상해없음,승용,여,39세,경상
2014042100100241,2014년 4월 21일 12시,월요일,광주광역시 북구 용봉동,경상사고,0,0,1,0,차대사람 - 차도통행중,안전운전불이행,건조,맑음,단일로 - 기타,승용,여,39세,상해없음,보행자,남,19세,경상
2014042100100271,2014년 4월 21일 13시,월요일,광주광역시 서구 풍암동,경상사고,0,0,3,0,차대차 - 추돌 - 주정차중,안전운전불이행,건조,맑음,단일로 - 기타,승용,남,55세,상해없음,승용,여,45세,경상
2014042100100272,2014년 4월 21일 13시,월요일,광주광역시 북구 중흥동,중상사고,0,1,0,0,차대차 - 측면직각충돌,중앙선침범,건조,맑음,교차로 - 교차로안,승합,남,64세,상해없음,원동기,남,59세,중상
2014042100100297,2014년 4월 21일 14시,월요일,광주광역시 북구 두암동,경상사고,0,0,2,0,차대차 - 측면직각충돌,안전거리미확보,건조,맑음,단일로 - 기타,승용,남,64세,상해없음,승용,여,49세,경상