사고번호,사고일시,요일,시군구,사고내용,사망자수,중상자수,경상자수,부상신고자수,사고유형,법규위반,노면상태,기상상태,도로형태,가해운전자 차종,가해운전자 성별,가해운전자 연령,가해운전자 상해정도,피해운전자 차종,피해운전자 성별,피해운전자 연령,피해운전자 상해정도
2014042100100325,2014년 4월 21일 15시,월요일,광주광역시 남구 월산동,경상사고,0,0,2,0,차대사람 - 차도통행중,안전운전불이행,건조,맑음,단일로 - 기타,승용,남,50세,경상,보행자,남,6세,경상
2014042100100326,2014년 4월 21일 15시,월요일,광주광역시 남구 봉선동,경상사고,0,0,2,0,차대차 - 기타,안전운전불이행,건조,맑음,단일로 - 기타,승용,남,60세,상해없음,승용,여,37세,경상
2014042100100327,2014년 4월 21일 15시,월요일,광주광역시 북구 운암동,경상사고,0,0,1,0,차대차 - 추돌 - 주정차중,안전운전불이행,건조,맑음,단일로 - 기타,승용,여,59세,상해없음,승용,여,47세,경상
2014042100100328,2014년 4월 21일 15시,월요일,광주광역시 북구 운암동,경상사고,0,0,1,1,차대차 - 추돌 - 진행중,안전운전불이행,건조,맑음,단일로 - 기타,승용,여,49세,부상신고,승용,남,49세,경상
2014042100100329,2014년 4월 21일 15시,월요일,광주광역시 광산구 신가동,경상사고,0,0,4,0,차대차 - 기타,차로위반,건조,맑음,단일로 - 기타,승용,남,63세,상해없음,승용,남,48세,상해없음
2014042100100361,2014년 4월 21일 16시,월요일,광주광역시 남구 방림동,중상사고,0,1,2,0,차대차 - 측면직각충돌,교차로운행방법위반,건조,맑음,교차로 - 교차로안,승용,남,52세,경상,승용,남,60세,중상
2014042100100396,2014년 4월 21일 17시,월요일,광주광역시 북구 두암동,중상사고,0,1,1,0,차대차 - 측면직각충돌,신호위반,건조,맑음,교차로 - 교차로안,이륜,남,54세,중상,승용,여,46세,경상
2014042100100397,2014년 4월 21일 17시,월요일,광주광역시 북구 매곡동,중상사고,0,1,0,0,차대사람 - 차도통행중,안전운전불이행,건조,맑음,단일로 - 기타,승용,여,49세,상해없음,보행자,여,7세,중상
2014042100100398,2014년 4월 21일 17시,월요일,광주광역시 광산구 수완동,경상사고,0,0,1,0,차대사람 - 횡단중,안전운전불이행,건조,맑음,단일로 - 기타,승용,기타불명,기타불명,기타불명,보행자,남,8세,경상
2014042100100451,2014년 4월 21일 19시,월요일,광주광역시 서구 내방동,경상사고,0,0,1,0,차대차 - 기타,중앙선침범,건조,맑음,단일로 - 기타,승용,여,26세,상해없음,이륜,남,30세,경상
2014042100100452,2014년 4월 21일 19시,월요일,광주광역시 서구 농성동,경상사고,0,0,1,0,차대차 - 추돌 - 진행중,안전거리미확보,건조,맑음,단일로 - 기타,승합,남,47세,상해없음,승용,여,53세,경상
2014042100100453,2014년 4월 21일 19시,월요일,광주광역시 광산구 운남동,경상사고,0,0,1,0,차대차 - 측면직각충돌,안전거리미확보,건조,맑음,단일로 - 기타,승합,남,53세,기타불명,원동기,남,28세,경상
2014042100100454,2014년 4월 21일 19시,월요일,광주광역시 광산구 하남동,경상사고,0,0,8,0,차대차 - 추돌 - 주정차중,안전거리미확보,건조,맑음,단일로 - 기타,승용,여,52세,경상,승용,여,37세,경상
2014042100100480,2014년 4월 21일 20시,월요일,광주광역시 광산구 도산동,부상신고사고,0,0,0,1,차대차 - 측면직각충돌,안전운전불이행,건조,맑음,교차로 - 교차로부근,승용,남,27세,상해없음,화물,남,37세,상해없음
2014042100100533,2014년 4월 21일 22시,월요일,광주광역시 동구 금남로4가,경상사고,0,0,2,0,차대차 - 추돌 - 주정차중,안전운전불이행,건조,흐림,교차로 - 교차로부근,승용,남,51세,상해없음,승용,남,48세,경상
2014042100100534,2014년 4월 21일 22시,월요일,광주광역시 북구 신안동,중상사고,0,1,0,0,차량단독 - 공작물충돌,안전운전불이행,건조,맑음,교차로 - 교차로안,이륜,남,17세,중상,,,,
2014042100100554,2014년 4월 21일 23시,월요일,광주광역시 서구 쌍촌동,경상사고,0,0,1,0,차대차 - 기타,안전운전불이행,건조,맑음,단일로 - 기타,승용,남,28세,상해없음,이륜,남,34세,경상
2014042100100555,2014년 4월 21일 23시,월요일,광주광역시 북구 용봉동,경상사고,0,0,2,0,차대차 - 측면직각충돌,교차로운행방법위반,건조,맑음,교차로 - 교차로안,승용,남,33세,상해없음,이륜,남,17세,경상
2014042100100556,2014년 4월 21일 23시,월요일,광주광역시 북구 운암동,경상사고,0,0,2,0,차대차 - 측면직각충돌,차로위반,건조,맑음,교차로 - 교차로안,승용,남,56세,상해없음,승용,남,51세,경상
2014042200100025,2014년 4월 22일 02시,화요일,광주광역시 서구 풍암동,중상사고,0,1,0,0,차대사람 - 기타,안전운전불이행,건조,맑음,단일로 - 기타,승용,남,48세,상해없음,보행자,여,20세,중상
2014042200100047,2014년 4월 22일 04시,화요일,광주광역시 서구 쌍촌동,경상사고,0,0,1,0,차대차 - 측면직각충돌,신호위반,건조,맑음,교차로 - 교차로안,기타불명,기타불명,기타불명,기타불명,승용,남,52세,경상
2014042200100149,2014년 4월 22일 08시,화요일,광주광역시 서구 금호동,경상사고,0,0,2,0,차대차 - 측면직각충돌,교차로운행방법위반,건조,맑음,교차로 - 교차로안,승용,여,32세,상해없음,승용,여,44세,경상
2014042200100150,2014년 4월 22일 08시,화요일,광주광역시 북구 신안동,경상사고,0,0,1,0,차대차 - 측면직각충돌,안전운전불이행,건조,맑음,단일로 - 횡단보도상,승용,여,47세,상해없음,자전거,남,33세,경상
2014042200100188,2014년 4월 22일 09시,화요일,광주광역시 광산구 송정동,경상사고,0,0,1,0,차대차 - 측면직각충돌,교차로운행방법위반,건조,맑음,교차로 - 교차로부근,화물,남,63세,상해없음,승용,남,63세,상해없음
2014042200100209,2014년 4월 22일 10시,화요일,광주광역시 광산구 산정동,중상사고,0,1,0,0,차대차 - 측면직각충돌,신호위반,건조,맑음,교차로 - 교차로안,이륜,남,82세,중상,화물,여,45세,상해없음
2014042200100238,2014년 4월 22일 11시,화요일,광주광역시 북구 북동,경상사고,0,0,1,0,차대사람 - 횡단중,안전운전불이행,건조,맑음,단일로 - 기타,이륜,남,22세,상해없음,보행자,여,39세,경상
2014042200100239,2014년 4월 22일 11시,화요일,광주광역시 광산구 장덕동,경상사고,0,0,1,0,차대차 - 기타,안전운전불이행,건조,맑음,단일로 - 기타,특수,남,40세,상해없음,건설기계,남,42세,상해없음
2014042200100274,2014년 4월 22일 13시,화요일,광주광역시 광산구 장덕동,경상사고,0,0,1,0,차대차 - 측면직각충돌,신호위반,건조,맑음,교차로 - 교차로안,승용,남,33세,상해없음,화물,남,33세,경상
2014042200100299,2014년 4월 22일 14시,화요일,광주광역시 동구 불로동,경상사고,0,0,1,0,차대차 - 측면직각충돌,교차로운행방법위반,건조,맑음,교차로 - 교차로안,승용,남,66세,상해없음,승용,여,27세,경상
2014042200100300,2014년 4월 22일 14시,화요일,광주광역시 서구 광천동,중상사고,0,1,0,0,차대차 - 기타,안전거리미확보,건조,맑음,단일로 - 기타,승용,여,46세,기타불명,승합,남,59세,상해없음
2014042200100301,2014년 4월 22일 14시,화요일,광주광역시 남구 백운동,부상신고사고,0,0,0,1,차대차 - 측면직각충돌,신호위반,건조,맑음,교차로 - 교차로안,이륜,남,74세,부상신고,승용,여,32세,상해없음
2014042200100362,2014년 4월 22일 16시,화요일,광주광역시 동구 동명동,경상사고,0,0,4,0,차대차 - 기타,안전거리미확보,건조,맑음,기타 - 기타,승용,남,61세,상해없음,승합,남,55세,경상
2014042200100363,2014년 4월 22일 16시,화요일,광주광역시 서구 광천동,중상사고,0,1,0,0,차대차 - 기타,안전운전불이행,건조,맑음,교차로 - 교차로부근,승용,여,43세,상해없음,자전거,남,55세,중상
2014042200100402,2014년 4월 22일 17시,화요일,광주광역시 남구 월산동,경상사고,0,0,1,0,차대사람 - 길가장자리구역통행중,안전운전불이행,건조,맑음,단일로 - 기타,승용,여,25세,상해없음,보행자,여,12세,경상
2014042200100403,2014년 4월 22일 17시,화요일,광주광역시 남구 주월동,중상사고,0,1,0,0,차대사람 - 횡단중,안전운전불이행,건조,맑음,교차로 - 교차로부근,승용,여,30세,상해없음,보행자,여,21세,중상
2014042200100447,2014년 4월 22일 18시,화요일,광주광역시 남구 방림동,중상사고,0,1,0,0,차대사람 - 차도통행중,안전운전불이행,건조,맑음,교차로 - 교차로안,승용,남,52세,상해없음,보행자,남,75세,중상
2014042200100448,2014년 4월 22일 18시,화요일,광주광역시 광산구 월계동,경상사고,0,0,2,0,차대차 - 추돌 - 주정차중,안전운전불이행,건조,맑음,단일로 - 기타,승용,남,45세,상해없음,승용,여,41세,경상
2014042200100516,2014년 4월 22일 20시,화요일,광주광역시 동구 동명동,경상사고,0,0,1,0,차대차 - 기타,안전운전불이행,건조,기타,단일로 - 기타,화물,남,60세,상해없음,자전거,남,61세,경상
2014042200100517,2014년 4월 22일 20시,화요일,광주광역시 광산구 장록동,중상사고,0,1,0,0,차대차 - 추돌 - 진행중,안전운전불이행,건조,맑음,단일로 - 기타,승용,남,62세,기타불명,이륜,남,65세,중상
2014042200100544,2014년 4월 22일 21시,화요일,광주광역시 서구 치평동,중상사고,0,1,0,0,차대사람 - 횡단중,신호위반,건조,맑음,단일로 - 횡단보도상,승용,남,46세,상해없음,보행자,남,11세,중상
2014042200100545,2014년 4월 22일 21시,화요일,광주광역시 북구 삼각동,경상사고,0,0,1,0,차대차 - 측면직각충돌,중앙선침범,건조,맑음,단일로 - 기타,승용,남,34세,상해없음,승용,남,37세,경상
2014042300100022,2014년 4월 23일 00시,수요일,광주광역시 북구 용봉동,경상사고,0,0,1,0,차대차 - 추돌 - 진행중,안전운전불이행,건조,맑음,단일로 - 기타,승용,남,39세,상해없음,원동기,남,57세,경상
2014042300100050,2014년 4월 23일 03시,수요일,광주광역시 서구 화정동,경상사고,0,0,3,0,차대차 - 측면직각충돌,차로위반,건조,흐림,단일로 - 기타,승용,남,53세,상해없음,승용,남,20세,경상
2014042300100086,2014년 4월 23일 06시,수요일,광주광역시 북구 신안동,경상사고,0,0,1,0,차대차 - 측면직각충돌,신호위반,건조,맑음,교차로 - 교차로안,승용,남,60세,상해없음,승용,여,41세,경상
2014042300100110,2014년 4월 23일 07시,수요일,광주광역시 북구 두암동,경상사고,0,0,1,0,차대차 - 측면직각충돌,교차로운행방법위반,건조,맑음,교차로 - 교차로안,승용,남,56세,상해없음,자전거,남,28세,경상
2014042300100152,2014년 4월 23일 08시,수요일,광주광역시 광산구 소촌동,경상사고,0,0,2,0,차대차 - 추돌 - 진행중,안전거리미확보,건조,맑음,단일로 - 기타,승용,남,39세,경상,승용,여,32세,상해없음
2014042300100198,2014년 4월 23일 10시,수요일,광주광역시 남구 월산동,경상사고,0,0,1,0,차대사람 - 횡단중,안전운전불이행,건조,맑음,단일로 - 기타,승용,남,43세,상해없음,보행자,남,2세,경상
2014042300100199,2014년 4월 23일 10시,수요일,광주광역시 북구 오치동,경상사고,0,0,1,0,차대사람 - 차도통행중,안전운전불이행,건조,맑음,단일로 - 기타,승용,남,50세,상해없음,보행자,여,49세,경상
2014042300100225,2014년 4월 23일 11시,수요일,광주광역시 북구 두암동,경상사고,0,0,1,0,차대차 - 기타,신호위반,건조,맑음,교차로 - 교차로안,승용,남,68세,상해없음,승용,남,57세,경상
2014042300100226,2014년 4월 23일 11시,수요일,광주광역시 북구 연제동,경상사고,0,0,3,0,차대차 - 측면직각충돌,신호위반,건조,맑음,교차로 - 교차로안,승용,여,42세,경상,승용,여,40세,경상
2014042300100301,2014년 4월 23일 14시,수요일,광주광역시 동구 내남동,경상사고,0,0,1,0,차대차 - 측면직각충돌,안전운전불이행,건조,맑음,단일로 - 기타,승용,여,43세,상해없음,승용,남,31세,경상
2014042300100302,2014년 4월 23일 14시,수요일,광주광역시 남구 봉선동,경상사고,0,0,1,0,차대사람 - 보도통행중,안전운전불이행,건조,맑음,단일로 - 기타,자전거,남,11세,상해없음,보행자,여,71세,경상
2014042300100303,2014년 4월 23일 14시,수요일,광주광역시 광산구 고룡동,경상사고,0,0,2,0,차대차 - 추돌 - 진행중,안전운전불이행,건조,맑음,교차로 - 교차로부근,승용,기타불명,기타불명,기타불명,승용,여,36세,경상
2014042300100357,2014년 4월 23일 16시,수요일,광주광역시 서구 치평동,부상신고사고,0,0,0,1,차대차 - 기타,안전운전불이행,건조,맑음,교차로 - 교차로부근,승용,여,48세,기타불명,승용,여,31세,부상신고
2014042300100396,2014년 4월 23일 17시,수요일,광주광역시 광산구 도산동,중상사고,0,1,1,0,차대차 - 정면충돌,안전운전불이행,건조,맑음,단일로 - 기타,자전거,남,15세,경상,원동기,여,64세,중상
2014042300100409,2014년 4월 23일 18시,수요일,광주광역시 광산구 소촌동,경상사고,0,0,3,0,차대차 - 추돌 - 진행중,안전운전불이행,건조,맑음,단일로 - 기타,승용,남,34세,경상,승용,남,50세,경상
2014042300100419,2014년 4월 23일 18시,수요일,광주광역시 서구 풍암동,경상사고,0,0,1,0,차대사람 - 기타,보행자보호의무위반,건조,맑음,교차로 - 교차로부근,승용,여,48세,기타불명,보행자,남,36세,경상
2014042300100484,2014년 4월 23일 20시,수요일,광주광역시 서구 화정동,경상사고,0,0,1,0,차대차 - 기타,안전거리미확보,건조,맑음,교차로 - 교차로안,승용,남,32세,상해없음,승용,남,30세,경상
2014042300100485,2014년 4월 23일 20시,수요일,광주광역시 북구 용봉동,경상사고,0,0,1,0,차대사람 - 기타,안전운전불이행,건조,맑음,교차로 - 교차로부근,승용,남,25세,상해없음,보행자,남,37세,경상
2014042300100486,2014년 4월 23일 20시,수요일,광주광역시 북구 신안동,경상사고,0,0,1,0,차대차 - 기타,안전운전불이행,건조,맑음,단일로 - 기타,자전거,남,68세,경상,승용,남,22세,상해없음
2014042300100515,2014년 4월 23일 21시,수요일,광주광역시 광산구 하남동,경상사고,0,0,3,0,차대차 - 추돌 - 주정차중,안전운전불이행,건조,맑음,단일로 - 기타,승용,남,58세,상해없음,승용,남,31세,경상
2014042300100544,2014년 4월 23일 22시,수요일,광주광역시 북구 일곡동,경상사고,0,0,1,0,차대차 - 추돌 - 주정차중,안전운전불이행,건조,맑음,단일로 - 기타,승용,남,52세,상해없음,승합,남,56세,경상
2014042400100026,2014년 4월 24일 01시,목요일,광주광역시 서구 치평동,경상사고,0,0,1,0,차대차 - 측면직각충돌,안전운전불이행,건조,맑음,교차로 - 교차로안,승용,남,35세,상해없음,승용,남,51세,경상
2014042400100058,2014년 4월 24일 05시,목요일,광주광역시 광산구 월계동,경상사고,0,0,1,0,차대차 - 측면직각충돌,교차로운행방법위반,건조,맑음,교차로 - 교차로안,승용,남,48세,상해없음,승용,여,53세,상해없음
2014042400100155,2014년 4월 24일 09시,목요일,광주광역시 북구 우산동,경상사고,0,0,1,0,차대사람 - 횡단중,안전운전불이행,건조,맑음,단일로 - 기타,승용,남,41세,상해없음,보행자,여,50세,경상
2014042400100156,2014년 4월 24일 09시,목요일,광주광역시 북구 용봉동,중상사고,0,1,0,0,차대사람 - 기타,신호위반,건조,맑음,교차로 - 교차로안,이륜,남,59세,상해없음,보행자,여,71세,중상
2014042400100249,2014년 4월 24일 12시,목요일,광주광역시 광산구 수완동,중상사고,0,1,0,0,차대사람 - 횡단중,안전운전불이행,건조,맑음,교차로 - 교차로부근,승합,남,59세,상해없음,보행자,여,69세,중상
2014042400100270,2014년 4월 24일 13시,목요일,광주광역시 북구 중흥동,경상사고,0,0,1,0,차대차 - 추돌 - 진행중,안전운전불이행,건조,맑음,교차로 - 교차로부근,승용,남,52세,상해없음,원동기,남,28세,경상
2014042400100271,2014년 4월 24일 13시,목요일,광주광역시 광산구 송정동,경상사고,0,0,3,0,차대차 - 추돌 - 진행중,안전운전불이행,건조,맑음,교차로 - 교차로안,승용,남,77세,상해없음,승용,여,43세,경상
2014042400100304,2014년 4월 24일 14시,목요일,광주광역시 북구 오치동,경상사고,0,0,1,0,차대차 - 측면직각충돌,교차로운행방법위반,건조,맑음,교차로 - 교차로안,승용,남,43세,상해없음,원동기,남,33세,경상
2014042400100379,2014년 4월 24일 16시,목요일,광주광역시 광산구 장덕동,경상사고,0,0,1,0,차대차 - 기타,안전운전불이행,건조,맑음,교차로 - 교차로안,승용,남,27세,상해없음,자전거,남,9세,경상
2014042400100416,2014년 4월 24일 17시,목요일,광주광역시 서구 화정동,경상사고,0,0,1,0,차대차 - 추돌 - 주정차중,안전거리미확보,건조,맑음,교차로 - 교차로안,화물,남,54세,상해없음,승용,남,33세,경상
2014042400100417,2014년 4월 24일 17시,목요일,광주광역시 북구 양산동,경상사고,0,0,4,0,차대차 - 기타,안전거리미확보,건조,맑음,교차로 - 교차로부근,승용,여,45세,경상,승용,여,33세,경상
2014042400100418,2014년 4월 24일 17시,목요일,광주광역시 광산구 진곡동,경상사고,0,0,2,0,차대차 - 측면직각충돌,교차로운행방법위반,건조,맑음,교차로 - 교차로안,승용,남,18세,상해없음,승용,남,53세,경상
2014042400100419,2014년 4월 24일 17시,목요일,광주광역시 광산구 월계동,경상사고,0,0,1,0,차대사람 - 횡단중,보행자보호의무위반,건조,맑음,교차로 - 교차로안,승용,여,47세,상해없음,보행자,남,9세,경상
2014042400100465,2014년 4월 24일 18시,목요일,광주광역시 광산구 우산동,경상사고,0,0,1,0,차대차 - 추돌 - 진행중,안전운전불이행,건조,맑음,교차로 - 교차로부근,승용,여,35세,상해없음,승용,남,45세,경상
2014042400100502,2014년 4월 24일 19시,목요일,광주광역시 동구 계림동,경상사고,0,0,1,0,차대차 - 측면직각충돌,신호위반,건조,맑음,교차로 - 교차로안,승용,남,62세,상해없음,승용,남,55세,상해없음
2014042400100503,2014년 4월 24일 19시,목요일,광주광역시 서구 화정동,경상사고,0,0,2,0,차대차 - 기타,안전거리미확보,건조,맑음,교차로 - 교차로부근,승용,남,66세,기타불명,승용,남,42세,경상
2014042400100531,2014년 4월 24일 20시,목요일,광주광역시 서구 화정동,경상사고,0,0,2,0,차대차 - 기타,안전운전불이행,건조,맑음,단일로 - 기타,승용,남,50세,상해없음,승용,여,25세,경상
2014042400100596,2014년 4월 24일 22시,목요일,광주광역시 북구 문흥동,경상사고,0,0,2,0,차대차 - 기타,안전거리미확보,건조,맑음,단일로 - 기타,승용,남,56세,경상,승용,여,38세,경상
2014042400100597,2014년 4월 24일 22시,목요일,광주광역시 광산구 우산동,경상사고,0,0,1,0,차대차 - 추돌 - 주정차중,안전운전불이행,건조,맑음,교차로 - 교차로안,승용,남,24세,상해없음,승용,여,40세,경상
2014042400100624,2014년 4월 24일 23시,목요일,광주광역시 남구 송하동,경상사고,0,0,1,0,차대차 - 기타,안전거리미확보,건조,맑음,단일로 - 기타,승용,여,36세,상해없음,승용,남,52세,상해없음
2014042500100062,2014년 4월 25일 04시,금요일,광주광역시 북구 문흥동,경상사고,0,0,1,0,차대사람 - 차도통행중,교차로운행방법위반,건조,맑음,교차로 - 교차로안,승용,남,34세,상해없음,보행자,여,22세,경상
2014042500100146,2014년 4월 25일 08시,금요일,광주광역시 서구 화정동,경상사고,0,0,1,0,차대차 - 추돌 - 주정차중,안전운전불이행,건조,맑음,단일로 - 기타,승용,남,46세,상해없음,승용,여,42세,경상
2014042500100147,2014년 4월 25일 08시,금요일,광주광역시 남구 백운동,경상사고,0,0,1,0,차대사람 - 횡단중,신호위반,건조,맑음,단일로 - 횡단보도상,승용,여,49세,상해없음,보행자,여,60세,경상
2014042500100148,2014년 4월 25일 08시,금요일,광주광역시 동구 산수동,경상사고,0,0,1,0,차대차 - 추돌 - 주정차중,안전거리미확보,건조,맑음,단일로 - 기타,승용,남,34세,상해없음,승용,남,65세,경상
2014042500100149,2014년 4월 25일 08시,금요일,광주광역시 북구 오치동,경상사고,0,0,1,0,차대차 - 측면직각충돌,교차로운행방법위반,건조,맑음,교차로 - 교차로안,승용,여,41세,상해없음,승용,남,28세,경상
2014042500100226,2014년 4월 25일 11시,금요일,광주광역시 북구 누문동,경상사고,0,0,2,0,차대차 - 추돌 - 진행중,안전운전불이행,건조,맑음,단일로 - 기타,승용,남,59세,상해없음,승용,남,28세,경상
2014042500100253,2014년 4월 25일 12시,금요일,광주광역시 광산구 장록동,경상사고,0,0,3,0,차대차 - 추돌 - 주정차중,안전운전불이행,건조,맑음,교차로 - 교차로부근,승용,남,68세,상해없음,승용,남,26세,경상
2014042500100312,2014년 4월 25일 14시,금요일,광주광역시 광산구 수완동,경상사고,0,0,1,0,차대차 - 추돌 - 주정차중,안전거리미확보,건조,맑음,교차로 - 교차로부근,승용,남,58세,상해없음,승용,여,46세,경상
2014042500100349,2014년 4월 25일 15시,금요일,광주광역시 서구 동천동,경상사고,0,0,1,0,차대사람 - 횡단중,안전운전불이행,건조,맑음,단일로 - 기타,승용,남,39세,상해없음,보행자,남,7세,경상
2014042500100350,2014년 4월 25일 15시,금요일,광주광역시 서구 유촌동,중상사고,0,1,1,0,차대차 - 기타,안전운전불이행,건조,맑음,기타 - 기타,자전거,여,58세,중상,자전거,남,47세,경상
2014042500100351,2014년 4월 25일 15시,금요일,광주광역시 남구 봉선동,중상사고,0,1,0,0,차대사람 - 횡단중,안전운전불이행,건조,맑음,단일로 - 기타,승용,남,55세,상해없음,보행자,여,13세,중상
2014042500100352,2014년 4월 25일 15시,금요일,광주광역시 북구 신안동,경상사고,0,0,1,0,차대사람 - 횡단중,안전운전불이행,건조,맑음,단일로 - 기타,승용,여,51세,상해없음,보행자,남,10세,경상
2014042500100394,2014년 4월 25일 16시,금요일,광주광역시 남구 주월동,경상사고,0,0,1,0,차대차 - 기타,교차로운행방법위반,건조,맑음,교차로 - 교차로부근,자전거,남,17세,경상,승용,남,25세,상해없음
2014042500100440,2014년 4월 25일 17시,금요일,광주광역시 북구 양산동,경상사고,0,0,1,0,차대차 - 기타,안전거리미확보,건조,맑음,단일로 - 기타,승용,남,26세,상해없음,이륜,남,26세,경상
2014042500100518,2014년 4월 25일 19시,금요일,광주광역시 서구 금호동,경상사고,0,0,2,0,차대차 - 추돌 - 주정차중,안전운전불이행,건조,맑음,단일로 - 기타,승용,여,47세,상해없음,승용,여,63세,경상
2014042500100519,2014년 4월 25일 19시,금요일,광주광역시 남구 백운동,경상사고,0,0,1,0,차대사람 - 횡단중,안전운전불이행,건조,맑음,단일로 - 횡단보도상,승용,여,36세,상해없음,보행자,여,68세,경상
2014042500100520,2014년 4월 25일 19시,금요일,광주광역시 남구 진월동,경상사고,0,0,1,0,차대차 - 측면직각충돌,안전거리미확보,건조,맑음,기타 - 기타,승용,여,64세,상해없음,화물,남,62세,상해없음
2014042500100559,2014년 4월 25일 20시,금요일,광주광역시 서구 쌍촌동,경상사고,0,0,1,0,차대차 - 추돌 - 주정차중,안전운전불이행,건조,맑음,단일로 - 기타,승용,남,41세,상해없음,승용,남,65세,경상
2014042500100634,2014년 4월 25일 22시,금요일,광주광역시 서구 금호동,경상사고,0,0,1,0,차대차 - 기타,안전운전불이행,건조,맑음,단일로 - 기타,승용,남,21세,상해없음,승용,남,28세,상해없음
2014042500100635,2014년 4월 25일 22시,금요일,광주광역시 남구 봉선동,경상사고,0,0,1,0,차대차 - 기타,신호위반,건조,맑음,교차로 - 교차로안,승용,남,31세,기타불명,자전거,남,14세,경상
2014042500100657,2014년 4월 25일 23시,금요일,광주광역시 서구 벽진동,중상사고,0,1,1,0,차량단독 - 공작물충돌,안전운전불이행,건조,맑음,단일로 - 기타,승용,여,51세,경상,,,,
2014042600100025,2014년 4월 26일 00시,토요일,광주광역시 동구 용연동,경상사고,0,0,3,0,차대차 - 추돌 - 진행중,과속,건조,맑음,단일로 - 기타,승용,남,32세,경상,승용,남,59세,경상
2014042600100101,2014년 4월 26일 05시,토요일,광주광역시 광산구 수완동,중상사고,0,1,2,0,차량단독 - 공작물충돌,안전운전불이행,건조,맑음,교차로 - 교차로부근,승용,남,21세,경상,,,,
2014042600100108,2014년 4월 26일 06시,토요일,광주광역시 서구 치평동,경상사고,0,0,4,0,차대차 - 추돌 - 주정차중,안전운전불이행,건조,맑음,단일로 - 기타,승용,남,25세,상해없음,승용,남,23세,경상
2014042600100109,2014년 4월 26일 06시,토요일,광주광역시 광산구 수완동,경상사고,0,0,1,0,차대차 - 측면직각충돌,신호위반,건조,맑음,교차로 - 교차로안,승용,남,42세,상해없음,승용,남,41세,경상
2014042600100124,2014년 4월 26일 07시,토요일,광주광역시 남구 봉선동,경상사고,0,0,1,0,차대차 - 기타,안전운전불이행,건조,맑음,기타 - 기타,화물,남,41세,상해없음,승용,남,25세,경상
2014042600100167,2014년 4월 26일 09시,토요일,광주광역시 동구 서석동,경상사고,0,0,1,0,차대차 - 기타,안전거리미확보,건조,흐림,단일로 - 기타,이륜,남,19세,경상,승용,여,40세,상해없음
2014042600100168,2014년 4월 26일 09시,토요일,광주광역시 광산구 월곡동,경상사고,0,0,1,0,차대사람 - 횡단중,안전운전불이행,건조,맑음,단일로 - 기타,승용,남,60세,기타불명,보행자,남,13세,경상
2014042600100194,2014년 4월 26일 10시,토요일,광주광역시 북구 신안동,경상사고,0,0,1,0,차대차 - 측면직각충돌,교차로운행방법위반,건조,맑음,교차로 - 교차로부근,승용,남,73세,상해없음,이륜,남,32세,경상
2014042600100254,2014년 4월 26일 12시,토요일,광주광역시 북구 유동,경상사고,0,0,2,0,차대차 - 측면직각충돌,안전거리미확보,건조,맑음,단일로 - 기타,승용,남,25세,상해없음,승합,남,50세,경상
2014042600100255,2014년 4월 26일 12시,토요일,광주광역시 광산구 비아동,경상사고,0,0,2,0,차대차 - 측면직각충돌,교차로운행방법위반,건조,맑음,교차로 - 교차로안,승용,남,27세,경상,승용,남,32세,경상
2014042600100292,2014년 4월 26일 13시,토요일,광주광역시 서구 금호동,중상사고,0,1,0,0,차대차 - 기타,안전거리미확보,건조,맑음,단일로 - 기타,승용,남,60세,상해없음,승합,남,63세,상해없음
2014042600100293,2014년 4월 26일 13시,토요일,광주광역시 남구 봉선동,경상사고,0,0,1,0,차대차 - 추돌 - 주정차중,안전운전불이행,건조,맑음,교차로 - 교차로부근,승용,남,57세,상해없음,승용,남,39세,상해없음
2014042600100326,2014년 4월 26일 14시,토요일,광주광역시 서구 용두동,경상사고,0,0,1,0,차량단독 - 기타,안전운전불이행,건조,맑음,단일로 - 기타,화물,남,55세,경상,,,,
2014042600100327,2014년 4월 26일 14시,토요일,광주광역시 광산구 우산동,경상사고,0,0,2,0,차대차 - 기타,중앙선침범,건조,맑음,단일로 - 기타,화물,남,50세,상해없음,승용,여,28세,경상
2014042600100328,2014년 4월 26일 14시,토요일,광주광역시 광산구 송정동,경상사고,0,0,7,0,차대차 - 측면직각충돌,직진우회전진행방해,건조,맑음,교차로 - 교차로안,승용,남,31세,경상,승용,남,54세,경상
2014042600100359,2014년 4월 26일 15시,토요일,광주광역시 북구 오치동,경상사고,0,0,3,0,차대차 - 측면직각충돌,안전운전불이행,건조,맑음,교차로 - 교차로부근,승용,남,17세,상해없음,승용,여,39세,경상
2014042600100404,2014년 4월 26일 16시,토요일,광주광역시 동구 금동,경상사고,0,0,1,0,차대차 - 측면직각충돌,안전운전불이행,건조,맑음,단일로 - 기타,승용,남,50세,상해없음,승용,여,31세,경상
2014042600100405,2014년 4월 26일 16시,토요일,광주광역시 북구 운암동,경상사고,0,0,1,0,차대차 - 측면직각충돌,안전운전불이행,건조,맑음,교차로 - 교차로부근,승용,남,50세,상해없음,자전거,남,16세,경상
2014042600100481,2014년 4월 26일 18시,토요일,광주광역시 서구 풍암동,경상사고,0,0,1,0,차대차 - 추돌 - 진행중,안전운전불이행,건조,맑음,교차로 - 교차로안,승합,남,40세,상해없음,승용,남,61세,경상
2014042600100482,2014년 4월 26일 18시,토요일,광주광역시 광산구 월곡동,중상사고,0,1,0,0,차대차 - 측면직각충돌,교차로운행방법위반,건조,맑음,교차로 - 교차로안,승용,남,58세,상해없음,이륜,남,69세,중상