사고번호,사고일시,요일,시군구,사고내용,사망자수,중상자수,경상자수,부상신고자수,사고유형,법규위반,노면상태,기상상태,도로형태,가해운전자 차종,가해운전자 성별,가해운전자 연령,가해운전자 상해정도,피해운전자 차종,피해운전자 성별,피해운전자 연령,피해운전자 상해정도
2014050100100116,2014년 5월 1일 07시,목요일,광주광역시 광산구 옥동,경상사고,0,0,2,0,차대차 - 측면직각충돌,교차로운행방법위반,건조,맑음,교차로 - 교차로안,승용,여,56세,경상,승용,남,32세,경상
2014050100100152,2014년 5월 1일 08시,목요일,광주광역시 북구 신안동,중상사고,0,1,0,0,차대차 - 측면직각충돌,교차로운행방법위반,건조,맑음,교차로 - 교차로안,승용,여,44세,상해없음,원동기,남,26세,중상
2014050100100174,2014년 5월 1일 09시,목요일,광주광역시 남구 봉선동,중상사고,0,1,2,0,차대차 - 추돌 - 진행중,안전거리미확보,건조,맑음,단일로 - 기타,화물,남,42세,상해없음,승용,남,62세,경상
2014050100100175,2014년 5월 1일 09시,목요일,광주광역시 북구 신안동,경상사고,0,0,1,0,차대사람 - 횡단중,안전운전불이행,건조,맑음,단일로 - 기타,승용,여,40세,상해없음,보행자,남,18세,경상
2014050100100176,2014년 5월 1일 09시,목요일,광주광역시 북구 임동,중상사고,0,1,2,0,차대차 - 측면직각충돌,신호위반,건조,맑음,교차로 - 교차로안,승용,여,53세,중상,승용,여,49세,경상
2014050100100221,2014년 5월 1일 11시,목요일,광주광역시 북구 오치동,경상사고,0,0,1,0,차대차 - 추돌 - 주정차중,안전운전불이행,건조,맑음,교차로 - 교차로안,승용,여,34세,상해없음,승용,남,38세,경상
2014050100100276,2014년 5월 1일 13시,목요일,광주광역시 서구 덕흥동,경상사고,0,0,1,0,차대차 - 기타,안전거리미확보,건조,맑음,단일로 - 기타,화물,남,57세,상해없음,승용,여,46세,경상
2014050100100277,2014년 5월 1일 13시,목요일,광주광역시 광산구 신창동,경상사고,0,0,3,0,차대차 - 추돌 - 진행중,안전운전불이행,건조,맑음,교차로 - 교차로부근,승용,남,64세,상해없음,승용,남,36세,경상
2014050100100395,2014년 5월 1일 16시,목요일,광주광역시 서구 화정동,중상사고,0,1,0,0,차대사람 - 기타,안전운전불이행,건조,맑음,기타 - 기타,승합,남,58세,상해없음,보행자,여,71세,중상
2014050100100396,2014년 5월 1일 16시,목요일,광주광역시 북구 누문동,경상사고,0,0,1,0,차대차 - 기타,안전운전불이행,건조,맑음,교차로 - 교차로부근,승용,남,55세,경상,화물,기타불명,기타불명,기타불명
2014050100100474,2014년 5월 1일 18시,목요일,광주광역시 서구 유촌동,경상사고,0,0,1,0,차대차 - 추돌 - 진행중,안전운전불이행,건조,맑음,단일로 - 기타,승용,남,23세,상해없음,승용,남,52세,경상
2014050100100475,2014년 5월 1일 18시,목요일,광주광역시 북구 운암동,경상사고,0,0,1,0,차대차 - 기타,안전거리미확보,건조,맑음,단일로 - 기타,승용,남,39세,상해없음,이륜,남,22세,경상
2014050100100512,2014년 5월 1일 19시,목요일,광주광역시 북구 망월동,경상사고,0,0,1,0,차대차 - 추돌 - 진행중,안전운전불이행,건조,맑음,단일로 - 기타,승용,남,74세,상해없음,승용,남,59세,경상
2014050100100572,2014년 5월 1일 21시,목요일,광주광역시 동구 대인동,중상사고,0,1,0,0,차대사람 - 횡단중,보행자보호의무위반,건조,맑음,단일로 - 기타,승용,여,40세,상해없음,보행자,여,61세,중상
2014050100100605,2014년 5월 1일 22시,목요일,광주광역시 서구 쌍촌동,경상사고,0,0,2,0,차대차 - 측면직각충돌,신호위반,습기,맑음,교차로 - 교차로안,승용,남,26세,상해없음,승용,남,45세,경상
2014050100100606,2014년 5월 1일 22시,목요일,광주광역시 광산구 수완동,중상사고,0,1,0,0,차대차 - 측면직각충돌,신호위반,건조,맑음,교차로 - 교차로안,이륜,남,25세,중상,승용,남,36세,상해없음
2014050100100635,2014년 5월 1일 23시,목요일,광주광역시 서구 치평동,중상사고,0,2,1,0,차대차 - 기타,신호위반,건조,맑음,교차로 - 교차로안,승용,여,34세,경상,승용,남,56세,중상
2014050100100636,2014년 5월 1일 23시,목요일,광주광역시 북구 용봉동,경상사고,0,0,1,0,차대차 - 측면직각충돌,안전운전불이행,건조,맑음,단일로 - 기타,기타불명,기타불명,기타불명,기타불명,승용,남,33세,경상
2014050200100024,2014년 5월 2일 00시,금요일,광주광역시 북구 각화동,경상사고,0,0,2,0,차대차 - 측면직각충돌,신호위반,건조,맑음,교차로 - 교차로안,승용,남,55세,상해없음,승용,남,54세,경상
2014050200100036,2014년 5월 2일 01시,금요일,광주광역시 북구 운암동,경상사고,0,0,1,0,차대사람 - 길가장자리구역통행중,안전운전불이행,건조,맑음,단일로 - 기타,승용,남,24세,상해없음,보행자,여,47세,경상
2014050200100071,2014년 5월 2일 05시,금요일,광주광역시 북구 신안동,경상사고,0,0,2,0,차대차 - 측면직각충돌,안전운전불이행,건조,맑음,단일로 - 기타,승용,남,58세,상해없음,승용,남,62세,경상
2014050200100114,2014년 5월 2일 07시,금요일,광주광역시 북구 우산동,경상사고,0,0,1,0,차대사람 - 길가장자리구역통행중,안전운전불이행,건조,맑음,단일로 - 기타,기타불명,기타불명,기타불명,기타불명,보행자,남,24세,경상
2014050200100148,2014년 5월 2일 08시,금요일,광주광역시 북구 두암동,경상사고,0,0,2,0,차대차 - 추돌 - 진행중,교차로운행방법위반,건조,맑음,교차로 - 교차로안,승용,남,45세,상해없음,승용,여,37세,경상
2014050200100181,2014년 5월 2일 09시,금요일,광주광역시 동구 호남동,중상사고,0,1,0,0,차대차 - 측면직각충돌,안전거리미확보,건조,맑음,단일로 - 기타,승용,남,75세,상해없음,이륜,남,57세,중상
2014050200100218,2014년 5월 2일 10시,금요일,광주광역시 동구 대인동,중상사고,0,1,0,0,차대차 - 측면직각충돌,교차로운행방법위반,건조,맑음,교차로 - 교차로안,이륜,남,64세,중상,승용,여,48세,상해없음
2014050200100275,2014년 5월 2일 12시,금요일,광주광역시 서구 풍암동,경상사고,0,0,1,0,차대차 - 기타,안전거리미확보,건조,맑음,단일로 - 기타,승용,여,46세,상해없음,화물,남,57세,경상
2014050200100276,2014년 5월 2일 12시,금요일,광주광역시 북구 양산동,경상사고,0,0,2,0,차대차 - 추돌 - 주정차중,안전운전불이행,건조,맑음,단일로 - 기타,승용,남,36세,상해없음,승용,남,38세,경상
2014050200100310,2014년 5월 2일 13시,금요일,광주광역시 동구 호남동,경상사고,0,0,2,0,차대차 - 추돌 - 주정차중,안전운전불이행,건조,맑음,단일로 - 기타,승용,남,60세,상해없음,승용,남,48세,상해없음
2014050200100311,2014년 5월 2일 13시,금요일,광주광역시 남구 월산동,중상사고,0,1,0,0,차대사람 - 차도통행중,안전운전불이행,건조,맑음,교차로 - 교차로안,승용,남,62세,상해없음,보행자,남,88세,중상
2014050200100355,2014년 5월 2일 14시,금요일,광주광역시 서구 농성동,경상사고,0,0,1,0,차대차 - 측면직각충돌,안전운전불이행,건조,맑음,교차로 - 교차로부근,승용,남,65세,상해없음,승용,남,43세,상해없음
2014050200100401,2014년 5월 2일 15시,금요일,광주광역시 서구 치평동,중상사고,0,1,3,0,차대차 - 측면직각충돌,신호위반,건조,맑음,교차로 - 교차로안,승용,여,43세,경상,승용,남,38세,경상
2014050200100402,2014년 5월 2일 15시,금요일,광주광역시 광산구 월곡동,경상사고,0,0,1,0,차대사람 - 차도통행중,안전운전불이행,건조,맑음,단일로 - 기타,승용,여,49세,상해없음,보행자,남,21세,경상
2014050200100500,2014년 5월 2일 17시,금요일,광주광역시 서구 금호동,경상사고,0,0,2,0,차대차 - 추돌 - 진행중,안전거리미확보,건조,맑음,단일로 - 기타,승용,여,35세,상해없음,승용,여,31세,경상
2014050200100501,2014년 5월 2일 17시,금요일,광주광역시 남구 월산동,경상사고,0,0,1,0,차대차 - 추돌 - 진행중,안전거리미확보,건조,맑음,단일로 - 기타,승용,남,30세,상해없음,승용,남,69세,상해없음
2014050200100502,2014년 5월 2일 17시,금요일,광주광역시 북구 용봉동,경상사고,0,0,1,0,차대차 - 측면직각충돌,안전운전불이행,건조,맑음,단일로 - 기타,승합,남,25세,상해없음,자전거,남,55세,경상
2014050200100545,2014년 5월 2일 18시,금요일,광주광역시 서구 유촌동,경상사고,0,0,2,0,차대차 - 기타,안전운전불이행,건조,맑음,단일로 - 기타,승용,여,47세,상해없음,승용,남,29세,경상
2014050200100546,2014년 5월 2일 18시,금요일,광주광역시 북구 용두동,경상사고,0,0,1,0,차대차 - 추돌 - 진행중,안전거리미확보,건조,맑음,단일로 - 기타,화물,남,51세,상해없음,화물,남,69세,경상
2014050200100547,2014년 5월 2일 18시,금요일,광주광역시 광산구 하남동,경상사고,0,0,1,0,차대차 - 추돌 - 주정차중,안전운전불이행,건조,흐림,교차로 - 교차로부근,승용,남,42세,상해없음,승용,남,39세,경상
2014050200100580,2014년 5월 2일 19시,금요일,광주광역시 북구 신안동,경상사고,0,0,3,0,차대차 - 추돌 - 진행중,안전거리미확보,건조,맑음,단일로 - 기타,승용,남,57세,상해없음,승용,남,35세,경상
2014050200100581,2014년 5월 2일 19시,금요일,광주광역시 광산구 도산동,경상사고,0,0,1,0,차대사람 - 횡단중,보행자보호의무위반,건조,맑음,교차로 - 교차로부근,승용,남,68세,상해없음,보행자,남,49세,경상
2014050200100618,2014년 5월 2일 20시,금요일,광주광역시 광산구 산정동,중상사고,0,1,1,0,차대차 - 추돌 - 주정차중,안전운전불이행,건조,맑음,단일로 - 기타,화물,남,52세,상해없음,승용,남,31세,중상
2014050200100645,2014년 5월 2일 21시,금요일,광주광역시 광산구 월계동,경상사고,0,0,1,0,차대차 - 추돌 - 주정차중,안전운전불이행,건조,맑음,교차로 - 교차로부근,승용,남,48세,상해없음,승용,남,57세,상해없음
2014050200100671,2014년 5월 2일 22시,금요일,광주광역시 광산구 쌍암동,경상사고,0,0,6,0,차대차 - 추돌 - 주정차중,안전운전불이행,건조,맑음,단일로 - 기타,승용,남,40세,경상,승용,여,28세,경상
2014050200100703,2014년 5월 2일 23시,금요일,광주광역시 북구 신용동,경상사고,0,0,2,0,차대차 - 추돌 - 주정차중,안전운전불이행,건조,맑음,교차로 - 교차로부근,승용,남,32세,상해없음,승용,여,31세,경상
2014050200100704,2014년 5월 2일 23시,금요일,광주광역시 광산구 쌍암동,경상사고,0,0,5,0,차대차 - 측면직각충돌,직진우회전진행방해,건조,맑음,교차로 - 교차로안,승용,남,32세,상해없음,승용,남,44세,경상
2014050300100022,2014년 5월 3일 00시,토요일,광주광역시 광산구 송정동,경상사고,0,0,2,0,차대차 - 기타,신호위반,건조,맑음,교차로 - 교차로부근,승용,남,33세,상해없음,승용,여,29세,경상
2014050300100106,2014년 5월 3일 05시,토요일,광주광역시 서구 광천동,경상사고,0,0,4,0,차대차 - 기타,중앙선침범,건조,맑음,단일로 - 기타,승용,남,24세,상해없음,승용,남,51세,경상
2014050300100184,2014년 5월 3일 09시,토요일,광주광역시 남구 지석동,경상사고,0,0,8,0,차대차 - 추돌 - 진행중,안전운전불이행,건조,맑음,단일로 - 기타,화물,남,54세,상해없음,승용,여,33세,경상
2014050300100224,2014년 5월 3일 10시,토요일,광주광역시 남구 송하동,중상사고,0,1,0,0,차대사람 - 횡단중,안전운전불이행,건조,맑음,단일로 - 기타,화물,남,29세,상해없음,보행자,남,53세,중상
2014050300100225,2014년 5월 3일 10시,토요일,광주광역시 광산구 송정동,경상사고,0,0,1,0,차대차 - 측면직각충돌,중앙선침범,건조,맑음,교차로 - 교차로부근,승용,남,68세,상해없음,승용,여,45세,경상
2014050300100263,2014년 5월 3일 11시,토요일,광주광역시 동구 불로동,경상사고,0,0,1,0,차대차 - 기타,안전운전불이행,건조,맑음,단일로 - 기타,승용,남,27세,상해없음,승용,남,29세,경상
2014050300100264,2014년 5월 3일 11시,토요일,광주광역시 광산구 비아동,중상사고,0,1,0,0,차대차 - 측면직각충돌,안전운전불이행,건조,맑음,단일로 - 기타,원동기,남,84세,중상,승용,남,38세,상해없음
2014050300100306,2014년 5월 3일 12시,토요일,광주광역시 동구 내남동,중상사고,0,1,3,0,차대차 - 추돌 - 진행중,안전운전불이행,건조,맑음,단일로 - 기타,승용,남,39세,상해없음,승용,남,32세,경상
2014050300100307,2014년 5월 3일 12시,토요일,광주광역시 북구 양산동,경상사고,0,0,1,0,차대차 - 기타,안전운전불이행,건조,맑음,단일로 - 기타,승용,기타불명,기타불명,기타불명,화물,남,51세,경상
2014050300100308,2014년 5월 3일 12시,토요일,광주광역시 광산구 월곡동,경상사고,0,0,1,0,차대사람 - 횡단중,보행자보호의무위반,건조,맑음,단일로 - 횡단보도상,승용,남,31세,상해없음,보행자,남,7세,경상
2014050300100309,2014년 5월 3일 12시,토요일,광주광역시 광산구 우산동,중상사고,0,1,0,0,차대사람 - 차도통행중,안전운전불이행,건조,맑음,교차로 - 교차로부근,승용,여,28세,상해없음,보행자,여,72세,중상
2014050300100351,2014년 5월 3일 13시,토요일,광주광역시 북구 신용동,경상사고,0,0,1,0,차량단독 - 전도전복,안전운전불이행,기타,맑음,단일로 - 기타,원동기,남,20세,경상,,,,
2014050300100487,2014년 5월 3일 16시,토요일,광주광역시 서구 화정동,경상사고,0,0,1,0,차대사람 - 기타,안전운전불이행,건조,맑음,단일로 - 기타,기타불명,기타불명,기타불명,기타불명,보행자,남,44세,경상
2014050300100488,2014년 5월 3일 16시,토요일,광주광역시 서구 마륵동,중상사고,0,1,0,0,차대사람 - 기타,보행자보호의무위반,건조,맑음,단일로 - 횡단보도상,화물,남,58세,상해없음,보행자,여,48세,중상
2014050300100530,2014년 5월 3일 17시,토요일,광주광역시 남구 주월동,중상사고,0,1,1,1,차대차 - 기타,신호위반,건조,맑음,교차로 - 교차로안,승용,여,31세,상해없음,승용,남,34세,경상
2014050300100531,2014년 5월 3일 17시,토요일,광주광역시 광산구 수완동,중상사고,0,1,0,0,차대차 - 측면직각충돌,안전운전불이행,건조,맑음,단일로 - 기타,승용,남,45세,상해없음,자전거,남,16세,중상
2014050300100614,2014년 5월 3일 19시,토요일,광주광역시 북구 임동,경상사고,0,0,1,0,차대차 - 추돌 - 진행중,안전운전불이행,건조,맑음,교차로 - 교차로안,승용,기타불명,기타불명,기타불명,승용,기타불명,기타불명,기타불명
2014050300100649,2014년 5월 3일 20시,토요일,광주광역시 동구 산수동,경상사고,0,0,2,0,차대차 - 기타,교차로운행방법위반,건조,맑음,교차로 - 교차로부근,승용,남,55세,상해없음,이륜,남,23세,경상
2014050300100697,2014년 5월 3일 22시,토요일,광주광역시 동구 계림동,중상사고,0,1,0,0,차대차 - 측면직각충돌,불법유턴,건조,맑음,교차로 - 교차로부근,승용,남,63세,상해없음,이륜,남,41세,중상
2014050300100698,2014년 5월 3일 22시,토요일,광주광역시 광산구 흑석동,경상사고,0,0,1,0,차량단독 - 전도전복,안전운전불이행,건조,맑음,단일로 - 기타,원동기,남,27세,경상,,,,
2014050300100699,2014년 5월 3일 22시,토요일,광주광역시 광산구 운남동,경상사고,0,0,2,0,차대차 - 추돌 - 진행중,안전거리미확보,건조,맑음,단일로 - 기타,승용,남,33세,경상,승용,남,42세,경상
2014050300100722,2014년 5월 3일 23시,토요일,광주광역시 북구 연제동,중상사고,0,1,0,0,차대차 - 기타,안전운전불이행,건조,맑음,교차로 - 교차로부근,승용,남,38세,상해없음,이륜,남,16세,중상
2014050400100019,2014년 5월 4일 00시,일요일,광주광역시 서구 쌍촌동,경상사고,0,0,1,0,차대차 - 추돌 - 진행중,안전운전불이행,건조,맑음,단일로 - 기타,승용,남,48세,상해없음,승용,남,29세,경상
2014050400100068,2014년 5월 4일 04시,일요일,광주광역시 서구 풍암동,중상사고,0,1,2,0,차대차 - 측면직각충돌,교차로운행방법위반,건조,맑음,교차로 - 교차로부근,승용,남,64세,경상,승용,남,38세,경상
2014050400100080,2014년 5월 4일 05시,일요일,광주광역시 남구 월산동,경상사고,0,0,1,0,차대차 - 측면직각충돌,신호위반,건조,맑음,교차로 - 교차로안,승용,남,31세,상해없음,승용,여,48세,경상
2014050400100081,2014년 5월 4일 05시,일요일,광주광역시 광산구 하남동,경상사고,0,0,2,0,차대차 - 측면직각충돌,신호위반,건조,맑음,교차로 - 교차로안,승용,남,25세,상해없음,화물,남,47세,경상
2014050400100096,2014년 5월 4일 06시,일요일,광주광역시 서구 농성동,경상사고,0,0,1,0,차대사람 - 차도통행중,안전운전불이행,건조,맑음,단일로 - 기타,승용,여,30세,상해없음,보행자,여,60세,경상
2014050400100136,2014년 5월 4일 09시,일요일,광주광역시 북구 임동,경상사고,0,0,2,0,차대차 - 추돌 - 진행중,신호위반,건조,맑음,교차로 - 교차로안,승용,남,24세,상해없음,승용,남,31세,경상
2014050400100155,2014년 5월 4일 10시,일요일,광주광역시 서구 금호동,경상사고,0,0,1,0,차대차 - 기타,안전거리미확보,건조,맑음,단일로 - 기타,승용,여,24세,기타불명,승용,남,61세,기타불명
2014050400100156,2014년 5월 4일 10시,일요일,광주광역시 북구 누문동,중상사고,0,1,0,0,차대차 - 측면직각충돌,안전운전불이행,건조,맑음,단일로 - 기타,원동기,남,76세,상해없음,승용,여,27세,상해없음
2014050400100219,2014년 5월 4일 13시,일요일,광주광역시 서구 농성동,중상사고,0,1,0,0,차대차 - 측면직각충돌,안전운전불이행,건조,맑음,단일로 - 기타,승합,남,48세,상해없음,자전거,남,63세,중상
2014050400100298,2014년 5월 4일 16시,일요일,광주광역시 북구 동림동,중상사고,0,1,1,0,차대차 - 측면직각충돌,신호위반,건조,맑음,교차로 - 교차로안,자전거,남,13세,중상,승용,남,52세,상해없음
2014050400100299,2014년 5월 4일 16시,일요일,광주광역시 광산구 수완동,경상사고,0,0,2,0,차대차 - 기타,불법유턴,건조,맑음,단일로 - 기타,승용,남,26세,상해없음,승용,여,35세,경상
2014050400100327,2014년 5월 4일 17시,일요일,광주광역시 서구 화정동,경상사고,0,0,1,0,차대차 - 측면직각충돌,안전거리미확보,건조,맑음,기타 - 기타,승용,남,26세,상해없음,승용,남,59세,경상
2014050400100383,2014년 5월 4일 19시,일요일,광주광역시 동구 계림동,경상사고,0,0,1,0,차대차 - 기타,교차로운행방법위반,건조,맑음,교차로 - 교차로안,승용,남,64세,상해없음,이륜,남,24세,경상
2014050400100426,2014년 5월 4일 20시,일요일,광주광역시 남구 주월동,경상사고,0,0,2,0,차대차 - 추돌 - 주정차중,기타,습기,비,단일로 - 기타,승용,여,50세,상해없음,승용,남,34세,경상
2014050400100427,2014년 5월 4일 20시,일요일,광주광역시 남구 진월동,중상사고,0,1,0,0,차대차 - 측면직각충돌,교차로운행방법위반,습기,비,교차로 - 교차로부근,승용,남,26세,상해없음,이륜,남,43세,중상
2014050400100465,2014년 5월 4일 21시,일요일,광주광역시 북구 신용동,경상사고,0,0,1,0,차대사람 - 길가장자리구역통행중,안전운전불이행,건조,맑음,교차로 - 교차로부근,승용,남,47세,상해없음,보행자,남,54세,경상
2014050400100485,2014년 5월 4일 22시,일요일,광주광역시 광산구 신창동,경상사고,0,0,5,0,차대차 - 추돌 - 진행중,안전운전불이행,습기,비,단일로 - 기타,승용,여,42세,상해없음,승용,남,41세,경상
2014050400100494,2014년 5월 4일 22시,일요일,광주광역시 서구 치평동,경상사고,0,0,1,0,차대차 - 기타,안전운전불이행,습기,흐림,교차로 - 교차로부근,원동기,남,18세,경상,승용,남,30세,상해없음
2014050500100016,2014년 5월 5일 00시,월요일,광주광역시 북구 두암동,중상사고,0,1,0,0,차대차 - 측면직각충돌,교차로운행방법위반,습기,흐림,교차로 - 교차로안,승용,남,51세,상해없음,이륜,남,47세,중상
2014050500100047,2014년 5월 5일 02시,월요일,광주광역시 서구 양동,경상사고,0,0,3,0,차대차 - 기타,신호위반,건조,맑음,교차로 - 교차로안,승용,남,48세,기타불명,승용,여,54세,경상
2014050500100048,2014년 5월 5일 02시,월요일,광주광역시 서구 화정동,경상사고,0,0,1,0,차대사람 - 기타,안전운전불이행,습기,흐림,단일로 - 기타,승용,남,20세,상해없음,보행자,남,18세,경상
2014050500100049,2014년 5월 5일 02시,월요일,광주광역시 북구 오치동,경상사고,0,0,2,0,차대차 - 기타,안전거리미확보,습기,흐림,단일로 - 기타,승용,남,26세,상해없음,승용,남,62세,경상
2014050500100050,2014년 5월 5일 02시,월요일,광주광역시 북구 중흥동,중상사고,0,1,0,0,차대사람 - 횡단중,안전운전불이행,건조,맑음,단일로 - 기타,승용,남,51세,상해없음,보행자,남,16세,중상
2014050500100059,2014년 5월 5일 03시,월요일,광주광역시 서구 화정동,부상신고사고,0,0,0,1,차대차 - 기타,안전운전불이행,건조,맑음,단일로 - 기타,승용,남,23세,부상신고,승용,남,46세,상해없음
2014050500100060,2014년 5월 5일 03시,월요일,광주광역시 광산구 도산동,경상사고,0,0,3,2,차대차 - 측면직각충돌,차로위반,건조,맑음,단일로 - 기타,승용,남,37세,상해없음,승용,남,22세,경상
2014050500100070,2014년 5월 5일 04시,월요일,광주광역시 서구 치평동,경상사고,0,0,1,0,차대사람 - 횡단중,보행자보호의무위반,건조,맑음,단일로 - 횡단보도상,기타불명,기타불명,기타불명,기타불명,보행자,남,20세,경상
2014050500100071,2014년 5월 5일 04시,월요일,광주광역시 북구 중흥동,경상사고,0,0,2,0,차대차 - 추돌 - 주정차중,안전운전불이행,건조,맑음,단일로 - 기타,승용,남,20세,상해없음,승용,남,29세,경상
2014050500100115,2014년 5월 5일 08시,월요일,광주광역시 광산구 송정동,경상사고,0,0,1,0,차대차 - 측면직각충돌,신호위반,건조,맑음,교차로 - 교차로안,이륜,남,70세,경상,승용,남,49세,상해없음
2014050500100159,2014년 5월 5일 10시,월요일,광주광역시 서구 쌍촌동,중상사고,0,1,0,0,차대사람 - 기타,안전운전불이행,건조,맑음,단일로 - 기타,승용,남,56세,상해없음,보행자,여,61세,중상
2014050500100216,2014년 5월 5일 12시,월요일,광주광역시 서구 치평동,경상사고,0,0,1,0,차량단독 - 기타,안전운전불이행,건조,맑음,단일로 - 기타,승용,남,31세,경상,,,,
2014050500100217,2014년 5월 5일 12시,월요일,광주광역시 남구 월산동,경상사고,0,0,1,0,차대차 - 측면직각충돌,안전운전불이행,건조,맑음,교차로 - 교차로안,승용,남,38세,상해없음,승용,남,24세,경상
2014050500100218,2014년 5월 5일 12시,월요일,광주광역시 북구 문흥동,경상사고,0,0,2,0,차대차 - 추돌 - 진행중,안전운전불이행,건조,맑음,단일로 - 기타,승용,남,43세,상해없음,승용,남,53세,경상
2014050500100253,2014년 5월 5일 13시,월요일,광주광역시 북구 각화동,중상사고,0,1,3,0,차대차 - 측면직각충돌,안전거리미확보,건조,맑음,단일로 - 기타,승용,남,44세,상해없음,승용,남,63세,경상
2014050500100329,2014년 5월 5일 15시,월요일,광주광역시 광산구 송정동,경상사고,0,0,1,0,차대사람 - 보도통행중,안전운전불이행,건조,맑음,단일로 - 기타,승용,여,31세,상해없음,보행자,여,29세,경상
2014050500100364,2014년 5월 5일 16시,월요일,광주광역시 북구 각화동,경상사고,0,0,1,0,차대사람 - 기타,안전운전불이행,건조,맑음,단일로 - 기타,승합,남,54세,상해없음,보행자,남,28세,경상
2014050500100465,2014년 5월 5일 19시,월요일,광주광역시 남구 진월동,경상사고,0,0,1,0,차대차 - 측면직각충돌,교차로운행방법위반,건조,맑음,교차로 - 교차로안,승용,남,52세,상해없음,이륜,남,66세,경상
2014050500100490,2014년 5월 5일 20시,월요일,광주광역시 광산구 수완동,경상사고,0,0,1,0,차대차 - 기타,차로위반,건조,맑음,단일로 - 기타,이륜,남,31세,경상,승용,남,40세,상해없음
2014050500100542,2014년 5월 5일 22시,월요일,광주광역시 광산구 황룡동,경상사고,0,0,1,0,차대차 - 추돌 - 진행중,안전운전불이행,건조,맑음,교차로 - 교차로안,승용,남,64세,상해없음,자전거,남,30세,경상
2014050500100568,2014년 5월 5일 23시,월요일,광주광역시 북구 운암동,경상사고,0,0,4,0,차대차 - 측면직각충돌,신호위반,건조,맑음,교차로 - 교차로안,승용,남,28세,상해없음,승용,남,51세,경상
2014050600100014,2014년 5월 6일 00시,화요일,광주광역시 서구 쌍촌동,경상사고,0,0,2,0,차량단독 - 기타,안전운전불이행,건조,맑음,교차로 - 교차로부근,승용,남,50세,상해없음,,,,
2014050600100031,2014년 5월 6일 01시,화요일,광주광역시 광산구 월계동,중상사고,0,1,0,0,차대차 - 정면충돌,신호위반,건조,맑음,교차로 - 교차로안,승용,여,24세,상해없음,원동기,남,39세,중상
2014050600100053,2014년 5월 6일 03시,화요일,광주광역시 북구 태령동,사망사고,1,0,0,0,차량단독 - 전도전복,안전운전불이행,건조,맑음,단일로 - 기타,승용,남,38세,사망,,,,
2014050600100066,2014년 5월 6일 05시,화요일,광주광역시 서구 풍암동,경상사고,0,0,2,0,차대차 - 정면충돌,중앙선침범,건조,맑음,교차로 - 교차로안,승용,남,52세,상해없음,승용,남,53세,경상
2014050600100081,2014년 5월 6일 06시,화요일,광주광역시 남구 서동,경상사고,0,0,1,0,차대차 - 측면직각충돌,안전운전불이행,건조,맑음,단일로 - 기타,승용,남,34세,상해없음,이륜,남,69세,경상
2014050600100138,2014년 5월 6일 10시,화요일,광주광역시 남구 양촌동,경상사고,0,0,1,0,차대차 - 기타,교차로운행방법위반,건조,맑음,교차로 - 교차로안,승용,남,35세,상해없음,승용,남,66세,경상
2014050600100139,2014년 5월 6일 10시,화요일,광주광역시 광산구 지평동,경상사고,0,0,1,0,차대차 - 기타,안전거리미확보,건조,맑음,단일로 - 기타,승용,남,53세,상해없음,화물,남,33세,경상
2014050600100170,2014년 5월 6일 11시,화요일,광주광역시 서구 농성동,경상사고,0,0,3,0,차대차 - 측면직각충돌,교차로운행방법위반,건조,맑음,교차로 - 교차로안,승용,여,58세,상해없음,승용,남,34세,경상
2014050600100171,2014년 5월 6일 11시,화요일,광주광역시 남구 방림동,중상사고,0,1,0,0,차대사람 - 횡단중,안전운전불이행,건조,맑음,단일로 - 횡단보도상,화물,남,51세,상해없음,보행자,여,77세,중상
2014050600100172,2014년 5월 6일 11시,화요일,광주광역시 광산구 선암동,중상사고,0,1,0,0,차대사람 - 기타,안전운전불이행,건조,맑음,단일로 - 기타,자전거,남,80세,상해없음,보행자,여,62세,중상
2014050600100173,2014년 5월 6일 11시,화요일,광주광역시 광산구 신촌동,경상사고,0,0,1,0,차대차 - 정면충돌,안전운전불이행,건조,맑음,교차로 - 교차로부근,승용,남,47세,기타불명,자전거,남,9세,경상
2014050600100294,2014년 5월 6일 15시,화요일,광주광역시 북구 두암동,경상사고,0,0,1,0,차대사람 - 차도통행중,안전운전불이행,건조,맑음,교차로 - 교차로부근,승용,기타불명,기타불명,기타불명,보행자,여,51세,경상
2014050600100295,2014년 5월 6일 15시,화요일,광주광역시 광산구 월계동,경상사고,0,0,1,0,차대차 - 측면직각충돌,신호위반,건조,맑음,교차로 - 교차로안,원동기,남,17세,경상,승용,남,37세,기타불명
2014050600100296,2014년 5월 6일 15시,화요일,광주광역시 광산구 도산동,경상사고,0,0,1,0,차대사람 - 기타,기타,건조,맑음,단일로 - 기타,승합,남,57세,상해없음,보행자,여,73세,경상
2014050600100370,2014년 5월 6일 17시,화요일,광주광역시 북구 운암동,경상사고,0,0,1,0,차대차 - 측면직각충돌,안전운전불이행,건조,맑음,단일로 - 기타,화물,남,30세,상해없음,이륜,남,31세,경상
2014050600100398,2014년 5월 6일 18시,화요일,광주광역시 북구 양산동,경상사고,0,0,3,0,차대차 - 측면직각충돌,교차로운행방법위반,건조,맑음,단일로 - 기타,승용,남,64세,상해없음,승용,여,37세,경상
2014050600100444,2014년 5월 6일 20시,화요일,광주광역시 동구 계림동,경상사고,0,0,1,0,차대차 - 측면직각충돌,중앙선침범,건조,맑음,단일로 - 기타,승용,남,66세,상해없음,이륜,남,21세,경상