사고번호,사고일시,요일,시군구,사고내용,사망자수,중상자수,경상자수,부상신고자수,사고유형,법규위반,노면상태,기상상태,도로형태,가해운전자 차종,가해운전자 성별,가해운전자 연령,가해운전자 상해정도,피해운전자 차종,피해운전자 성별,피해운전자 연령,피해운전자 상해정도
2014050600100445,2014년 5월 6일 20시,화요일,광주광역시 광산구 송정동,경상사고,0,0,1,0,차대차 - 기타,기타,건조,맑음,교차로 - 교차로안,이륜,남,31세,경상,승용,남,38세,상해없음
2014050600100472,2014년 5월 6일 21시,화요일,광주광역시 북구 용봉동,경상사고,0,0,1,0,차대차 - 추돌 - 진행중,안전운전불이행,건조,맑음,교차로 - 교차로부근,승용,남,37세,상해없음,승용,여,56세,경상
2014050600100498,2014년 5월 6일 22시,화요일,광주광역시 남구 진월동,경상사고,0,0,1,0,차대차 - 측면직각충돌,신호위반,건조,맑음,교차로 - 교차로안,승용,여,44세,상해없음,화물,남,50세,경상
2014050700100090,2014년 5월 7일 07시,수요일,광주광역시 남구 월산동,경상사고,0,0,1,0,차대차 - 측면직각충돌,교차로운행방법위반,건조,맑음,교차로 - 교차로안,승용,남,45세,상해없음,이륜,남,36세,경상
2014050700100091,2014년 5월 7일 07시,수요일,광주광역시 광산구 소촌동,경상사고,0,0,1,0,차대차 - 추돌 - 진행중,안전거리미확보,건조,맑음,단일로 - 기타,승용,남,36세,상해없음,승용,남,52세,상해없음
2014050700100126,2014년 5월 7일 08시,수요일,광주광역시 서구 금호동,중상사고,0,1,0,0,차대사람 - 길가장자리구역통행중,안전운전불이행,건조,맑음,단일로 - 기타,승용,여,32세,상해없음,보행자,여,75세,중상
2014050700100165,2014년 5월 7일 09시,수요일,광주광역시 북구 유동,중상사고,0,1,0,0,차대차 - 추돌 - 주정차중,안전운전불이행,건조,맑음,단일로 - 기타,승용,기타불명,기타불명,기타불명,자전거,남,74세,중상
2014050700100166,2014년 5월 7일 09시,수요일,광주광역시 광산구 소촌동,경상사고,0,0,1,0,차대차 - 기타,안전거리미확보,건조,맑음,단일로 - 기타,화물,남,57세,상해없음,승용,남,34세,경상
2014050700100225,2014년 5월 7일 11시,수요일,광주광역시 북구 두암동,경상사고,0,0,1,0,차대차 - 기타,안전운전불이행,건조,맑음,단일로 - 기타,자전거,남,78세,경상,화물,남,54세,상해없음
2014050700100255,2014년 5월 7일 12시,수요일,광주광역시 서구 광천동,경상사고,0,0,1,0,차대차 - 기타,안전운전불이행,건조,맑음,단일로 - 기타,이륜,남,41세,상해없음,승용,남,31세,경상
2014050700100328,2014년 5월 7일 14시,수요일,광주광역시 서구 농성동,경상사고,0,0,1,0,차대차 - 추돌 - 주정차중,안전운전불이행,건조,맑음,교차로 - 교차로부근,승용,남,67세,상해없음,승용,여,45세,경상
2014050700100329,2014년 5월 7일 14시,수요일,광주광역시 서구 금호동,경상사고,0,0,1,0,차대차 - 추돌 - 진행중,안전운전불이행,건조,맑음,교차로 - 교차로부근,승용,남,48세,상해없음,승용,여,56세,경상
2014050700100330,2014년 5월 7일 14시,수요일,광주광역시 광산구 월곡동,중상사고,0,1,0,0,차대차 - 측면직각충돌,안전운전불이행,건조,맑음,교차로 - 교차로안,자전거,남,78세,중상,승용,여,58세,상해없음
2014050700100402,2014년 5월 7일 16시,수요일,광주광역시 광산구 도산동,경상사고,0,0,3,0,차대차 - 측면직각충돌,안전운전불이행,건조,맑음,단일로 - 교량,승용,남,29세,경상,승용,남,55세,경상
2014050700100438,2014년 5월 7일 17시,수요일,광주광역시 북구 우산동,경상사고,0,0,1,0,차대차 - 측면직각충돌,신호위반,건조,맑음,교차로 - 교차로안,자전거,남,78세,경상,화물,남,45세,상해없음
2014050700100490,2014년 5월 7일 18시,수요일,광주광역시 동구 계림동,경상사고,0,0,3,2,차대차 - 추돌 - 진행중,안전운전불이행,건조,맑음,단일로 - 기타,승용,여,59세,상해없음,승용,남,50세,경상
2014050700100491,2014년 5월 7일 18시,수요일,광주광역시 광산구 신가동,중상사고,0,1,0,0,차대사람 - 횡단중,안전운전불이행,건조,맑음,단일로 - 기타,승용,남,18세,상해없음,보행자,남,46세,중상
2014050700100523,2014년 5월 7일 19시,수요일,광주광역시 남구 월산동,경상사고,0,0,2,0,차대차 - 추돌 - 진행중,안전거리미확보,건조,맑음,교차로 - 교차로부근,승용,남,64세,상해없음,승용,남,32세,경상
2014050700100524,2014년 5월 7일 19시,수요일,광주광역시 북구 신용동,경상사고,0,0,1,0,차대차 - 정면충돌,신호위반,건조,맑음,교차로 - 교차로안,승용,여,44세,상해없음,승용,남,42세,경상
2014050700100565,2014년 5월 7일 20시,수요일,광주광역시 북구 일곡동,중상사고,0,1,0,0,차대사람 - 보도통행중,신호위반,건조,맑음,교차로 - 교차로안,원동기,남,18세,상해없음,보행자,여,20세,중상
2014050700100607,2014년 5월 7일 21시,수요일,광주광역시 광산구 월곡동,경상사고,0,0,4,0,차대차 - 기타,교차로운행방법위반,건조,맑음,교차로 - 교차로안,승합,남,45세,상해없음,승용,여,50세,경상
2014050700100642,2014년 5월 7일 22시,수요일,광주광역시 서구 농성동,중상사고,0,1,0,0,차대사람 - 횡단중,안전운전불이행,건조,맑음,교차로 - 교차로안,승용,남,39세,상해없음,보행자,남,31세,중상
2014050700100643,2014년 5월 7일 22시,수요일,광주광역시 광산구 월곡동,경상사고,0,0,1,0,차대차 - 측면직각충돌,직진우회전진행방해,건조,맑음,교차로 - 교차로안,승용,여,59세,상해없음,승합,남,32세,경상
2014050800100062,2014년 5월 8일 03시,목요일,광주광역시 북구 유동,중상사고,0,1,0,0,차대사람 - 횡단중,안전운전불이행,건조,맑음,단일로 - 기타,승용,남,28세,상해없음,보행자,남,48세,중상
2014050800100118,2014년 5월 8일 07시,목요일,광주광역시 서구 화정동,경상사고,0,0,1,0,차대차 - 추돌 - 진행중,안전운전불이행,건조,맑음,교차로 - 교차로부근,승용,남,25세,상해없음,승용,남,45세,경상
2014050800100119,2014년 5월 8일 07시,목요일,광주광역시 광산구 도산동,경상사고,0,0,1,1,차대차 - 기타,중앙선침범,건조,맑음,단일로 - 기타,승용,남,35세,부상신고,승용,남,25세,경상
2014050800100166,2014년 5월 8일 08시,목요일,광주광역시 광산구 소촌동,경상사고,0,0,2,0,차대차 - 측면직각충돌,교차로운행방법위반,건조,맑음,교차로 - 교차로안,승용,여,36세,경상,승용,여,42세,경상
2014050800100167,2014년 5월 8일 08시,목요일,광주광역시 광산구 하남동,경상사고,0,0,1,0,차대차 - 측면직각충돌,안전운전불이행,건조,맑음,교차로 - 교차로부근,승용,남,23세,상해없음,이륜,남,53세,경상
2014050800100168,2014년 5월 8일 08시,목요일,광주광역시 광산구 우산동,경상사고,0,0,2,0,차대차 - 추돌 - 주정차중,안전운전불이행,건조,맑음,단일로 - 기타,승용,여,31세,경상,승용,남,29세,경상
2014050800100196,2014년 5월 8일 09시,목요일,광주광역시 서구 동천동,경상사고,0,0,2,0,차대차 - 측면직각충돌,교차로운행방법위반,건조,맑음,교차로 - 교차로안,화물,남,46세,상해없음,승용,남,65세,경상
2014050800100197,2014년 5월 8일 09시,목요일,광주광역시 서구 쌍촌동,경상사고,0,0,1,0,차대차 - 추돌 - 주정차중,안전거리미확보,건조,맑음,교차로 - 교차로부근,승용,남,52세,상해없음,이륜,남,51세,경상
2014050800100254,2014년 5월 8일 11시,목요일,광주광역시 남구 송하동,경상사고,0,0,1,0,차대차 - 추돌 - 주정차중,안전운전불이행,건조,맑음,단일로 - 기타,승용,남,40세,상해없음,승용,남,33세,경상
2014050800100255,2014년 5월 8일 11시,목요일,광주광역시 북구 용봉동,경상사고,0,0,2,0,차대차 - 기타,안전거리미확보,건조,맑음,단일로 - 기타,승용,남,29세,상해없음,승합,남,48세,경상
2014050800100292,2014년 5월 8일 12시,목요일,광주광역시 서구 풍암동,경상사고,0,0,1,0,차대차 - 측면직각충돌,안전거리미확보,건조,맑음,단일로 - 기타,이륜,남,33세,경상,승용,남,54세,상해없음
2014050800100293,2014년 5월 8일 12시,목요일,광주광역시 광산구 장덕동,중상사고,0,2,0,0,차대차 - 측면직각충돌,신호위반,건조,맑음,교차로 - 교차로안,승용,남,42세,상해없음,승용,남,42세,중상
2014050800100317,2014년 5월 8일 13시,목요일,광주광역시 북구 양산동,경상사고,0,0,1,0,차대차 - 추돌 - 진행중,안전운전불이행,건조,맑음,단일로 - 기타,승용,남,44세,상해없음,승용,남,53세,경상
2014050800100348,2014년 5월 8일 14시,목요일,광주광역시 동구 계림동,경상사고,0,0,1,0,차대사람 - 횡단중,신호위반,건조,맑음,단일로 - 횡단보도상,승용,남,25세,상해없음,보행자,남,8세,경상
2014050800100349,2014년 5월 8일 14시,목요일,광주광역시 서구 쌍촌동,경상사고,0,0,1,0,차대차 - 측면직각충돌,교차로운행방법위반,건조,맑음,교차로 - 교차로안,이륜,남,37세,경상,승용,남,61세,상해없음
2014050800100389,2014년 5월 8일 15시,목요일,광주광역시 동구 소태동,경상사고,0,0,1,0,차대차 - 기타,안전운전불이행,건조,맑음,단일로 - 교량,화물,남,50세,상해없음,자전거,남,79세,경상
2014050800100390,2014년 5월 8일 15시,목요일,광주광역시 남구 백운동,경상사고,0,0,1,0,차대차 - 추돌 - 진행중,안전운전불이행,건조,맑음,단일로 - 기타,승용,남,52세,상해없음,화물,남,34세,경상
2014050800100391,2014년 5월 8일 15시,목요일,광주광역시 광산구 송정동,경상사고,0,0,1,0,차대차 - 기타,안전운전불이행,건조,맑음,단일로 - 기타,승용,여,30세,상해없음,자전거,여,66세,경상
2014050800100437,2014년 5월 8일 16시,목요일,광주광역시 동구 산수동,중상사고,0,1,0,0,차대사람 - 횡단중,신호위반,건조,맑음,교차로 - 교차로부근,승용,남,35세,상해없음,보행자,여,62세,중상
2014050800100476,2014년 5월 8일 17시,목요일,광주광역시 동구 서석동,경상사고,0,0,1,0,차대사람 - 기타,안전운전불이행,건조,맑음,기타 - 기타,승용,남,72세,상해없음,보행자,여,26세,경상
2014050800100477,2014년 5월 8일 17시,목요일,광주광역시 북구 본촌동,중상사고,0,1,2,0,차대차 - 기타,안전운전불이행,건조,맑음,단일로 - 기타,승용,남,51세,상해없음,승용,여,43세,중상
2014050800100529,2014년 5월 8일 18시,목요일,광주광역시 서구 치평동,경상사고,0,0,1,0,차대차 - 측면직각충돌,교차로운행방법위반,건조,맑음,교차로 - 교차로부근,승용,남,60세,상해없음,승용,남,57세,경상
2014050800100572,2014년 5월 8일 19시,목요일,광주광역시 서구 풍암동,경상사고,0,0,1,0,차대차 - 추돌 - 주정차중,불법유턴,건조,맑음,단일로 - 기타,승용,남,57세,상해없음,승용,여,47세,경상
2014050800100573,2014년 5월 8일 19시,목요일,광주광역시 남구 월산동,경상사고,0,0,1,0,차대차 - 측면직각충돌,교차로운행방법위반,건조,맑음,교차로 - 교차로안,승용,남,43세,상해없음,이륜,남,70세,경상
2014050800100574,2014년 5월 8일 19시,목요일,광주광역시 북구 신안동,경상사고,0,0,1,0,차대차 - 추돌 - 주정차중,안전운전불이행,건조,맑음,단일로 - 기타,승용,여,23세,상해없음,승용,남,38세,경상
2014050800100608,2014년 5월 8일 20시,목요일,광주광역시 북구 양산동,경상사고,0,0,1,0,차대차 - 기타,안전운전불이행,건조,맑음,단일로 - 기타,승용,남,29세,상해없음,이륜,남,31세,경상
2014050800100609,2014년 5월 8일 20시,목요일,광주광역시 광산구 우산동,경상사고,0,0,1,0,차대차 - 측면직각충돌,중앙선침범,건조,맑음,교차로 - 교차로부근,원동기,남,16세,경상,승용,남,64세,상해없음
2014050800100637,2014년 5월 8일 21시,목요일,광주광역시 서구 치평동,경상사고,0,0,1,0,차대차 - 측면직각충돌,차로위반,건조,맑음,단일로 - 기타,화물,남,54세,상해없음,이륜,남,20세,경상
2014050800100638,2014년 5월 8일 21시,목요일,광주광역시 북구 중흥동,경상사고,0,0,1,0,차량단독 - 기타,안전운전불이행,건조,맑음,교차로 - 교차로안,승용,남,59세,상해없음,,,,
2014050800100678,2014년 5월 8일 22시,목요일,광주광역시 동구 계림동,경상사고,0,0,4,0,차대차 - 추돌 - 주정차중,안전운전불이행,건조,맑음,단일로 - 기타,승용,남,59세,상해없음,승용,여,44세,경상
2014050900100095,2014년 5월 9일 07시,금요일,광주광역시 동구 학동,중상사고,0,1,0,0,차대차 - 측면직각충돌,신호위반,건조,맑음,교차로 - 교차로안,승용,남,49세,상해없음,승용,남,29세,중상
2014050900100139,2014년 5월 9일 08시,금요일,광주광역시 광산구 쌍암동,중상사고,0,1,0,0,차대차 - 측면직각충돌,신호위반,건조,맑음,교차로 - 교차로안,승용,남,51세,상해없음,자전거,여,29세,중상
2014050900100140,2014년 5월 9일 08시,금요일,광주광역시 광산구 신창동,경상사고,0,0,2,0,차대차 - 정면충돌,안전운전불이행,건조,맑음,단일로 - 기타,승용,여,41세,경상,승용,남,34세,경상
2014050900100177,2014년 5월 9일 09시,금요일,광주광역시 남구 주월동,중상사고,0,1,2,0,차대차 - 측면직각충돌,교차로운행방법위반,건조,맑음,교차로 - 교차로안,승용,남,59세,상해없음,승용,여,54세,중상
2014050900100178,2014년 5월 9일 09시,금요일,광주광역시 북구 우산동,경상사고,0,0,1,0,차대차 - 추돌 - 주정차중,안전운전불이행,건조,맑음,교차로 - 교차로안,승용,남,75세,상해없음,승용,여,51세,경상
2014050900100271,2014년 5월 9일 12시,금요일,광주광역시 서구 양동,경상사고,0,0,1,0,차대사람 - 기타,안전운전불이행,건조,맑음,기타 - 기타,자전거,남,39세,기타불명,보행자,여,74세,경상
2014050900100371,2014년 5월 9일 15시,금요일,광주광역시 서구 금호동,경상사고,0,0,2,0,차대차 - 측면직각충돌,안전운전불이행,건조,맑음,단일로 - 기타,화물,남,50세,상해없음,승용,남,20세,경상
2014050900100372,2014년 5월 9일 15시,금요일,광주광역시 북구 용봉동,경상사고,0,0,1,0,차대차 - 측면직각충돌,교차로운행방법위반,건조,맑음,교차로 - 교차로부근,승용,남,76세,상해없음,자전거,남,53세,경상
2014050900100373,2014년 5월 9일 15시,금요일,광주광역시 북구 효령동,경상사고,0,0,1,0,차대사람 - 횡단중,보행자보호의무위반,건조,맑음,교차로 - 교차로안,승용,여,65세,상해없음,보행자,여,74세,경상
2014050900100423,2014년 5월 9일 16시,금요일,광주광역시 서구 농성동,경상사고,0,0,1,0,차대차 - 기타,안전운전불이행,건조,맑음,교차로 - 교차로부근,이륜,남,38세,경상,승용,남,54세,상해없음
2014050900100424,2014년 5월 9일 16시,금요일,광주광역시 남구 송하동,경상사고,0,0,1,0,차대차 - 측면직각충돌,안전운전불이행,건조,맑음,교차로 - 교차로안,승용,여,50세,상해없음,이륜,남,30세,경상
2014050900100475,2014년 5월 9일 17시,금요일,광주광역시 남구 송하동,경상사고,0,0,1,0,차대사람 - 횡단중,보행자보호의무위반,건조,맑음,단일로 - 횡단보도상,화물,여,52세,상해없음,보행자,남,22세,경상
2014050900100476,2014년 5월 9일 17시,금요일,광주광역시 광산구 도산동,사망사고,1,0,0,0,차대차 - 정면충돌,중앙선침범,건조,맑음,단일로 - 기타,이륜,남,62세,사망,승용,남,36세,상해없음
2014050900100523,2014년 5월 9일 18시,금요일,광주광역시 서구 금호동,중상사고,0,1,0,0,차대차 - 측면직각충돌,신호위반,건조,맑음,교차로 - 교차로안,승용,여,46세,상해없음,이륜,남,27세,중상
2014050900100524,2014년 5월 9일 18시,금요일,광주광역시 남구 주월동,중상사고,0,1,0,0,차대차 - 측면직각충돌,차로위반,건조,맑음,교차로 - 교차로부근,승용,남,53세,상해없음,원동기,남,35세,중상
2014050900100570,2014년 5월 9일 19시,금요일,광주광역시 동구 소태동,경상사고,0,0,1,0,차대차 - 측면직각충돌,안전운전불이행,건조,맑음,교차로 - 교차로안,승용,남,52세,상해없음,화물,남,63세,경상
2014050900100571,2014년 5월 9일 19시,금요일,광주광역시 남구 방림동,중상사고,0,1,0,0,차대차 - 측면직각충돌,안전운전불이행,건조,맑음,교차로 - 교차로부근,승용,여,52세,상해없음,자전거,남,58세,중상
2014050900100690,2014년 5월 9일 22시,금요일,광주광역시 남구 양림동,경상사고,0,0,4,0,차대차 - 측면직각충돌,교차로운행방법위반,건조,맑음,교차로 - 교차로안,승용,남,58세,상해없음,승용,여,28세,경상
2014050900100691,2014년 5월 9일 22시,금요일,광주광역시 북구 일곡동,경상사고,0,0,1,0,차대사람 - 기타,안전운전불이행,건조,맑음,단일로 - 기타,승용,남,52세,상해없음,보행자,남,53세,경상
2014050900100725,2014년 5월 9일 23시,금요일,광주광역시 남구 주월동,경상사고,0,0,3,0,차대차 - 추돌 - 주정차중,안전거리미확보,건조,맑음,단일로 - 기타,승용,남,54세,기타불명,승용,남,53세,경상
2014050900100726,2014년 5월 9일 23시,금요일,광주광역시 남구 봉선동,부상신고사고,0,0,0,1,차대사람 - 횡단중,안전운전불이행,건조,맑음,단일로 - 기타,승용,남,32세,상해없음,보행자,여,17세,부상신고
2014050900100727,2014년 5월 9일 23시,금요일,광주광역시 북구 임동,경상사고,0,0,4,0,차대차 - 측면직각충돌,교차로운행방법위반,건조,맑음,교차로 - 교차로안,승용,남,55세,경상,승용,남,37세,경상
2014051000100045,2014년 5월 10일 01시,토요일,광주광역시 서구 양동,경상사고,0,0,1,0,차대차 - 기타,교차로운행방법위반,건조,맑음,교차로 - 교차로안,승용,남,27세,상해없음,승용,남,67세,상해없음
2014051000100059,2014년 5월 10일 02시,토요일,광주광역시 서구 풍암동,경상사고,0,0,1,0,차대사람 - 기타,안전운전불이행,건조,맑음,단일로 - 기타,승용,남,49세,상해없음,보행자,남,35세,경상
2014051000100060,2014년 5월 10일 02시,토요일,광주광역시 북구 유동,경상사고,0,0,1,0,차대차 - 측면직각충돌,신호위반,건조,맑음,교차로 - 교차로안,승용,남,51세,상해없음,승용,남,45세,경상
2014051000100061,2014년 5월 10일 02시,토요일,광주광역시 광산구 수완동,경상사고,0,0,1,0,차대차 - 측면직각충돌,신호위반,건조,맑음,교차로 - 교차로안,이륜,남,17세,상해없음,승용,남,40세,상해없음
2014051000100083,2014년 5월 10일 04시,토요일,광주광역시 서구 쌍촌동,중상사고,0,1,2,0,차대차 - 정면충돌,중앙선침범,건조,맑음,교차로 - 교차로부근,승용,남,24세,상해없음,이륜,남,20세,중상
2014051000100084,2014년 5월 10일 04시,토요일,광주광역시 광산구 수완동,중상사고,0,1,0,0,차대차 - 측면직각충돌,신호위반,건조,맑음,교차로 - 교차로안,승용,남,31세,상해없음,승용,남,60세,중상
2014051000100097,2014년 5월 10일 05시,토요일,광주광역시 서구 쌍촌동,경상사고,0,0,3,0,차대차 - 측면직각충돌,중앙선침범,건조,맑음,교차로 - 교차로부근,승용,남,30세,상해없음,승용,남,28세,경상
2014051000100098,2014년 5월 10일 05시,토요일,광주광역시 남구 월산동,중상사고,0,1,0,0,차대사람 - 횡단중,신호위반,건조,맑음,단일로 - 횡단보도상,원동기,남,56세,상해없음,보행자,남,44세,중상
2014051000100177,2014년 5월 10일 09시,토요일,광주광역시 서구 금호동,중상사고,0,1,0,0,차대차 - 기타,안전거리미확보,습기,맑음,단일로 - 기타,승용,남,38세,상해없음,이륜,남,40세,중상
2014051000100216,2014년 5월 10일 10시,토요일,광주광역시 남구 월산동,경상사고,0,0,1,0,차대차 - 측면직각충돌,교차로운행방법위반,건조,맑음,교차로 - 교차로안,승용,남,60세,상해없음,승용,여,59세,경상
2014051000100217,2014년 5월 10일 10시,토요일,광주광역시 광산구 월계동,경상사고,0,0,4,0,차대차 - 측면직각충돌,안전운전불이행,건조,맑음,단일로 - 기타,승용,남,25세,상해없음,승용,남,40세,경상
2014051000100255,2014년 5월 10일 11시,토요일,광주광역시 서구 쌍촌동,경상사고,0,0,1,0,차대차 - 측면직각충돌,교차로운행방법위반,건조,맑음,교차로 - 교차로안,승용,남,75세,상해없음,이륜,남,48세,경상
2014051000100292,2014년 5월 10일 12시,토요일,광주광역시 북구 일곡동,경상사고,0,0,1,1,차대차 - 추돌 - 주정차중,안전운전불이행,건조,맑음,단일로 - 기타,화물,남,61세,부상신고,승용,남,45세,경상
2014051000100322,2014년 5월 10일 13시,토요일,광주광역시 북구 용봉동,경상사고,0,0,3,0,차대차 - 추돌 - 진행중,안전운전불이행,건조,맑음,단일로 - 기타,화물,남,41세,상해없음,승용,여,33세,경상
2014051000100332,2014년 5월 10일 13시,토요일,광주광역시 북구 두암동,경상사고,0,0,1,0,차대차 - 기타,안전운전불이행,건조,맑음,단일로 - 기타,승용,여,49세,상해없음,승용,여,59세,경상
2014051000100441,2014년 5월 10일 16시,토요일,광주광역시 남구 주월동,경상사고,0,0,2,0,차대차 - 추돌 - 진행중,안전거리미확보,건조,맑음,교차로 - 교차로부근,화물,남,32세,상해없음,승용,남,26세,경상
2014051000100442,2014년 5월 10일 16시,토요일,광주광역시 남구 방림동,경상사고,0,0,5,0,차대차 - 기타,교차로운행방법위반,건조,맑음,교차로 - 교차로안,승용,남,66세,상해없음,승용,여,29세,경상
2014051000100489,2014년 5월 10일 17시,토요일,광주광역시 남구 월산동,경상사고,0,0,1,0,차대차 - 추돌 - 진행중,안전운전불이행,건조,맑음,단일로 - 기타,승용,남,50세,상해없음,화물,남,52세,경상
2014051000100490,2014년 5월 10일 17시,토요일,광주광역시 북구 용두동,부상신고사고,0,0,0,1,차대차 - 측면직각충돌,안전운전불이행,건조,맑음,기타 - 기타,이륜,남,68세,부상신고,화물,남,32세,상해없음
2014051000100491,2014년 5월 10일 17시,토요일,광주광역시 북구 매곡동,중상사고,0,1,0,0,차대차 - 측면직각충돌,안전운전불이행,건조,맑음,단일로 - 기타,화물,남,58세,상해없음,자전거,남,6세,중상
2014051000100492,2014년 5월 10일 17시,토요일,광주광역시 광산구 신가동,중상사고,0,1,7,0,차대차 - 추돌 - 진행중,안전운전불이행,건조,맑음,교차로 - 교차로부근,승용,여,37세,경상,화물,남,37세,상해없음
2014051000100522,2014년 5월 10일 18시,토요일,광주광역시 동구 호남동,경상사고,0,0,1,0,차대사람 - 기타,안전운전불이행,건조,맑음,기타 - 기타,승합,남,47세,상해없음,보행자,남,69세,경상
2014051000100523,2014년 5월 10일 18시,토요일,광주광역시 북구 문흥동,경상사고,0,0,1,0,차대차 - 추돌 - 주정차중,안전운전불이행,건조,맑음,단일로 - 기타,승합,남,53세,상해없음,승용,남,64세,상해없음
2014051000100561,2014년 5월 10일 19시,토요일,광주광역시 동구 동명동,경상사고,0,0,1,0,차대차 - 추돌 - 진행중,교차로운행방법위반,건조,맑음,교차로 - 교차로안,이륜,남,22세,경상,승용,남,76세,상해없음
2014051000100605,2014년 5월 10일 20시,토요일,광주광역시 광산구 운수동,경상사고,0,0,3,0,차대차 - 측면직각충돌,차로위반,건조,맑음,교차로 - 교차로안,승용,여,53세,경상,승용,여,21세,경상
2014051000100630,2014년 5월 10일 21시,토요일,광주광역시 북구 두암동,경상사고,0,0,1,0,차대차 - 추돌 - 진행중,안전운전불이행,건조,맑음,교차로 - 교차로안,기타불명,기타불명,기타불명,기타불명,승합,남,62세,경상
2014051000100631,2014년 5월 10일 21시,토요일,광주광역시 북구 양산동,경상사고,0,0,3,0,차대차 - 추돌 - 주정차중,안전운전불이행,건조,맑음,단일로 - 기타,승용,남,32세,상해없음,승용,남,31세,경상
2014051000100632,2014년 5월 10일 21시,토요일,광주광역시 북구 용두동,경상사고,0,0,2,0,차대차 - 측면직각충돌,안전거리미확보,건조,맑음,단일로 - 기타,승용,여,45세,상해없음,승용,남,20세,경상
2014051000100668,2014년 5월 10일 22시,토요일,광주광역시 서구 치평동,중상사고,0,1,0,0,차대차 - 측면직각충돌,중앙선침범,건조,맑음,단일로 - 기타,승용,남,30세,상해없음,자전거,남,22세,중상
2014051000100669,2014년 5월 10일 22시,토요일,광주광역시 북구 두암동,경상사고,0,0,1,0,차대차 - 측면직각충돌,중앙선침범,건조,맑음,단일로 - 기타,승용,남,37세,상해없음,기타불명,기타불명,기타불명,기타불명
2014051100100059,2014년 5월 11일 02시,일요일,광주광역시 동구 충장로1가,경상사고,0,0,1,0,차대차 - 측면직각충돌,신호위반,건조,흐림,교차로 - 교차로안,승용,남,49세,상해없음,승용,남,57세,상해없음
2014051100100060,2014년 5월 11일 02시,일요일,광주광역시 광산구 운남동,중상사고,0,1,0,0,차대차 - 측면직각충돌,신호위반,건조,맑음,교차로 - 교차로안,승용,남,33세,상해없음,이륜,남,18세,중상
2014051100100078,2014년 5월 11일 03시,일요일,광주광역시 서구 광천동,중상사고,0,2,1,0,차대차 - 기타,안전운전불이행,건조,맑음,교차로 - 교차로안,승용,남,58세,상해없음,승용,남,29세,중상
2014051100100084,2014년 5월 11일 04시,일요일,광주광역시 북구 중흥동,경상사고,0,0,1,0,차대사람 - 기타,안전운전불이행,건조,맑음,교차로 - 교차로안,승용,남,61세,상해없음,보행자,남,27세,경상
2014051100100092,2014년 5월 11일 05시,일요일,광주광역시 북구 동림동,중상사고,0,1,0,0,차대사람 - 기타,안전운전불이행,건조,맑음,교차로 - 교차로부근,승용,남,34세,상해없음,보행자,여,54세,중상
2014051100100093,2014년 5월 11일 05시,일요일,광주광역시 북구 유동,중상사고,0,1,0,0,차대차 - 측면직각충돌,신호위반,건조,맑음,교차로 - 교차로안,승용,남,25세,상해없음,승용,남,21세,중상
2014051100100106,2014년 5월 11일 06시,일요일,광주광역시 남구 백운동,경상사고,0,0,1,0,차대차 - 측면직각충돌,안전거리미확보,건조,맑음,단일로 - 횡단보도부근,승용,남,73세,상해없음,승용,여,27세,경상
2014051100100107,2014년 5월 11일 06시,일요일,광주광역시 북구 유동,경상사고,0,0,3,0,차대차 - 측면직각충돌,신호위반,건조,맑음,교차로 - 교차로안,승용,남,23세,상해없음,승용,여,55세,경상
2014051100100131,2014년 5월 11일 08시,일요일,광주광역시 서구 치평동,경상사고,0,0,1,0,차대차 - 기타,교차로운행방법위반,건조,맑음,교차로 - 교차로안,승합,남,50세,상해없음,승용,남,44세,경상
2014051100100178,2014년 5월 11일 11시,일요일,광주광역시 광산구 신가동,경상사고,0,0,1,0,차대차 - 추돌 - 진행중,안전운전불이행,건조,맑음,교차로 - 교차로부근,승용,남,35세,상해없음,승용,남,43세,경상
2014051100100214,2014년 5월 11일 13시,일요일,광주광역시 광산구 하남동,부상신고사고,0,0,0,1,차대차 - 추돌 - 진행중,중앙선침범,건조,맑음,교차로 - 교차로부근,자전거,남,7세,부상신고,승용,여,36세,상해없음
2014051100100289,2014년 5월 11일 16시,일요일,광주광역시 남구 주월동,경상사고,0,0,1,0,차대차 - 기타,안전운전불이행,습기,비,단일로 - 기타,승용,남,52세,상해없음,승용,여,42세,경상
2014051100100290,2014년 5월 11일 16시,일요일,광주광역시 북구 동림동,경상사고,0,0,1,0,차대사람 - 횡단중,신호위반,건조,맑음,단일로 - 기타,승용,남,31세,상해없음,보행자,여,48세,경상
2014051100100332,2014년 5월 11일 17시,일요일,광주광역시 북구 중흥동,경상사고,0,0,1,0,차대차 - 측면직각충돌,불법유턴,건조,맑음,교차로 - 교차로안,승용,여,50세,상해없음,이륜,남,17세,경상
2014051100100333,2014년 5월 11일 17시,일요일,광주광역시 광산구 쌍암동,중상사고,0,1,0,0,차대차 - 기타,교차로운행방법위반,습기,비,교차로 - 교차로안,승용,남,38세,상해없음,이륜,남,18세,중상
2014051100100414,2014년 5월 11일 19시,일요일,광주광역시 동구 서석동,경상사고,0,0,2,0,차대차 - 추돌 - 진행중,안전거리미확보,습기,비,단일로 - 기타,승용,남,44세,상해없음,승용,여,56세,경상
2014051100100459,2014년 5월 11일 20시,일요일,광주광역시 서구 화정동,경상사고,0,0,2,0,차대사람 - 기타,안전운전불이행,습기,비,단일로 - 기타,승용,남,70세,상해없음,보행자,남,39세,경상
2014051100100460,2014년 5월 11일 20시,일요일,광주광역시 광산구 송정동,중상사고,0,1,0,0,차대차 - 측면직각충돌,안전운전불이행,습기,비,단일로 - 기타,승용,남,34세,상해없음,이륜,남,16세,중상