사고번호,사고일시,요일,시군구,사고내용,사망자수,중상자수,경상자수,부상신고자수,사고유형,법규위반,노면상태,기상상태,도로형태,가해운전자 차종,가해운전자 성별,가해운전자 연령,가해운전자 상해정도,피해운전자 차종,피해운전자 성별,피해운전자 연령,피해운전자 상해정도
2014051100100461,2014년 5월 11일 20시,일요일,광주광역시 광산구 신가동,중상사고,0,1,1,0,차대사람 - 차도통행중,안전운전불이행,습기,비,단일로 - 기타,승합,남,57세,상해없음,보행자,남,72세,중상
2014051100100495,2014년 5월 11일 21시,일요일,광주광역시 서구 유촌동,경상사고,0,0,2,0,차대차 - 기타,안전운전불이행,습기,비,단일로 - 기타,승용,남,24세,상해없음,승용,남,52세,경상
2014051100100496,2014년 5월 11일 21시,일요일,광주광역시 서구 농성동,경상사고,0,0,1,0,차대차 - 기타,신호위반,습기,비,교차로 - 교차로안,승용,남,46세,상해없음,승용,남,76세,경상
2014051100100497,2014년 5월 11일 21시,일요일,광주광역시 광산구 월계동,경상사고,0,0,1,0,차대사람 - 횡단중,보행자보호의무위반,습기,비,교차로 - 교차로안,원동기,기타불명,기타불명,기타불명,보행자,여,18세,경상
2014051100100530,2014년 5월 11일 22시,일요일,광주광역시 동구 용연동,경상사고,0,0,4,0,차량단독 - 기타,안전운전불이행,습기,비,단일로 - 기타,승용,남,36세,경상,,,,
2014051100100531,2014년 5월 11일 22시,일요일,광주광역시 북구 일곡동,경상사고,0,0,1,0,차대사람 - 횡단중,안전운전불이행,습기,비,단일로 - 기타,이륜,남,18세,상해없음,보행자,남,50세,경상
2014051100100532,2014년 5월 11일 22시,일요일,광주광역시 광산구 신창동,경상사고,0,0,2,0,차대차 - 추돌 - 진행중,안전운전불이행,습기,비,교차로 - 교차로부근,승용,여,50세,상해없음,승용,여,51세,경상
2014051100100561,2014년 5월 11일 23시,일요일,광주광역시 북구 오치동,경상사고,0,0,1,0,차대사람 - 횡단중,안전운전불이행,습기,비,교차로 - 교차로안,승용,남,39세,상해없음,보행자,남,25세,경상
2014051100100562,2014년 5월 11일 23시,일요일,광주광역시 광산구 산정동,경상사고,0,0,3,0,차대차 - 추돌 - 진행중,안전운전불이행,습기,비,단일로 - 기타,승용,남,38세,상해없음,승용,남,22세,경상
2014051100100563,2014년 5월 11일 23시,일요일,광주광역시 광산구 월곡동,중상사고,0,1,0,0,차대차 - 추돌 - 진행중,안전거리미확보,습기,비,단일로 - 기타,화물,남,34세,상해없음,원동기,남,16세,중상
2014051200100030,2014년 5월 12일 00시,월요일,광주광역시 광산구 우산동,경상사고,0,0,1,0,차대차 - 측면직각충돌,안전운전불이행,습기,비,교차로 - 교차로부근,승용,여,43세,경상,승용,기타불명,기타불명,기타불명
2014051200100072,2014년 5월 12일 05시,월요일,광주광역시 북구 매곡동,경상사고,0,0,1,0,차량단독 - 공작물충돌,안전운전불이행,습기,비,단일로 - 기타,승용,여,46세,경상,,,,
2014051200100135,2014년 5월 12일 08시,월요일,광주광역시 서구 농성동,경상사고,0,0,1,0,차대차 - 기타,차로위반,건조,맑음,기타 - 기타,승용,남,54세,상해없음,승용,남,75세,상해없음
2014051200100136,2014년 5월 12일 08시,월요일,광주광역시 서구 매월동,경상사고,0,0,1,0,차대차 - 측면직각충돌,교차로운행방법위반,건조,맑음,교차로 - 교차로안,승용,여,44세,상해없음,화물,남,41세,경상
2014051200100163,2014년 5월 12일 09시,월요일,광주광역시 남구 양림동,경상사고,0,0,6,1,차대차 - 측면직각충돌,신호위반,건조,맑음,교차로 - 교차로안,승용,남,45세,부상신고,승합,남,71세,경상
2014051200100254,2014년 5월 12일 12시,월요일,광주광역시 서구 쌍촌동,중상사고,0,1,0,0,차대사람 - 기타,안전운전불이행,건조,맑음,단일로 - 기타,승용,남,33세,상해없음,보행자,여,54세,중상
2014051200100255,2014년 5월 12일 12시,월요일,광주광역시 광산구 신가동,중상사고,0,1,0,0,차대차 - 기타,안전운전불이행,건조,맑음,단일로 - 기타,자전거,남,47세,중상,승용,남,63세,상해없음
2014051200100393,2014년 5월 12일 16시,월요일,광주광역시 북구 각화동,중상사고,0,1,0,0,차대사람 - 기타,안전운전불이행,건조,맑음,단일로 - 기타,승용,남,23세,상해없음,보행자,여,7세,중상
2014051200100437,2014년 5월 12일 17시,월요일,광주광역시 남구 백운동,경상사고,0,0,1,0,차대차 - 추돌 - 주정차중,안전운전불이행,건조,맑음,단일로 - 기타,원동기,남,19세,상해없음,화물,남,49세,경상
2014051200100476,2014년 5월 12일 18시,월요일,광주광역시 서구 치평동,중상사고,0,1,0,0,차대차 - 기타,신호위반,건조,맑음,교차로 - 교차로안,승용,남,62세,상해없음,자전거,남,11세,중상
2014051200100477,2014년 5월 12일 18시,월요일,광주광역시 북구 두암동,경상사고,0,0,1,0,차대사람 - 기타,안전운전불이행,건조,맑음,교차로 - 교차로부근,승용,여,48세,상해없음,보행자,남,18세,경상
2014051200100511,2014년 5월 12일 19시,월요일,광주광역시 남구 봉선동,경상사고,0,0,1,0,차대사람 - 길가장자리구역통행중,안전운전불이행,건조,맑음,단일로 - 기타,승용,남,41세,상해없음,보행자,여,32세,경상
2014051200100512,2014년 5월 12일 19시,월요일,광주광역시 광산구 산정동,경상사고,0,0,1,0,차대차 - 정면충돌,안전운전불이행,건조,맑음,단일로 - 기타,자전거,기타불명,기타불명,기타불명,자전거,남,11세,경상
2014051200100542,2014년 5월 12일 20시,월요일,광주광역시 북구 풍향동,경상사고,0,0,1,0,차대차 - 측면직각충돌,안전거리미확보,건조,맑음,단일로 - 기타,승용,남,44세,상해없음,이륜,남,45세,경상
2014051200100568,2014년 5월 12일 21시,월요일,광주광역시 남구 백운동,부상신고사고,0,0,0,2,차대차 - 추돌 - 주정차중,안전운전불이행,건조,맑음,단일로 - 기타,승용,여,28세,상해없음,승용,남,44세,부상신고
2014051300100015,2014년 5월 13일 00시,화요일,광주광역시 서구 화정동,경상사고,0,0,1,0,차대차 - 기타,안전운전불이행,건조,맑음,교차로 - 교차로부근,이륜,남,36세,상해없음,승용,남,56세,경상
2014051300100016,2014년 5월 13일 00시,화요일,광주광역시 서구 화정동,경상사고,0,0,2,0,차대차 - 추돌 - 진행중,차로위반,건조,맑음,단일로 - 기타,승용,남,45세,기타불명,승용,남,23세,상해없음
2014051300100026,2014년 5월 13일 01시,화요일,광주광역시 서구 쌍촌동,경상사고,0,0,1,0,차량단독 - 기타,교차로운행방법위반,건조,맑음,교차로 - 교차로안,승용,남,42세,상해없음,,,,
2014051300100027,2014년 5월 13일 01시,화요일,광주광역시 북구 운암동,경상사고,0,0,2,0,차대차 - 추돌 - 주정차중,안전운전불이행,건조,맑음,단일로 - 기타,승용,남,39세,상해없음,승용,남,59세,경상
2014051300100028,2014년 5월 13일 01시,화요일,광주광역시 북구 용봉동,중상사고,0,2,1,0,차대차 - 측면직각충돌,교차로운행방법위반,건조,맑음,교차로 - 교차로안,승용,남,33세,중상,승용,남,30세,경상
2014051300100045,2014년 5월 13일 04시,화요일,광주광역시 서구 치평동,경상사고,0,0,2,0,차대차 - 추돌 - 주정차중,안전거리미확보,건조,맑음,단일로 - 기타,승용,남,29세,상해없음,승용,남,59세,경상
2014051300100052,2014년 5월 13일 05시,화요일,광주광역시 서구 농성동,경상사고,0,0,1,0,차량단독 - 공작물충돌,안전운전불이행,건조,맑음,단일로 - 기타,승합,남,33세,경상,,,,
2014051300100145,2014년 5월 13일 08시,화요일,광주광역시 서구 광천동,경상사고,0,0,2,0,차대차 - 측면직각충돌,안전운전불이행,건조,맑음,교차로 - 교차로안,승용,여,58세,경상,이륜,남,25세,경상
2014051300100146,2014년 5월 13일 08시,화요일,광주광역시 서구 화정동,경상사고,0,0,1,0,차대사람 - 횡단중,안전운전불이행,건조,맑음,단일로 - 기타,승용,기타불명,기타불명,기타불명,보행자,여,9세,경상
2014051300100147,2014년 5월 13일 08시,화요일,광주광역시 북구 각화동,중상사고,0,1,0,0,차대사람 - 횡단중,안전운전불이행,건조,맑음,교차로 - 교차로안,승용,여,42세,상해없음,보행자,여,55세,중상
2014051300100180,2014년 5월 13일 09시,화요일,광주광역시 서구 쌍촌동,경상사고,0,0,1,0,차대사람 - 길가장자리구역통행중,안전운전불이행,건조,맑음,단일로 - 기타,승용,여,30세,상해없음,보행자,남,50세,경상
2014051300100181,2014년 5월 13일 09시,화요일,광주광역시 남구 주월동,경상사고,0,0,1,0,차대차 - 측면직각충돌,안전거리미확보,건조,맑음,단일로 - 기타,화물,남,33세,상해없음,이륜,남,53세,경상
2014051300100209,2014년 5월 13일 10시,화요일,광주광역시 북구 두암동,경상사고,0,0,2,0,차대차 - 측면직각충돌,안전운전불이행,건조,맑음,교차로 - 교차로안,승용,여,41세,경상,승용,남,45세,경상
2014051300100239,2014년 5월 13일 11시,화요일,광주광역시 서구 농성동,경상사고,0,0,1,0,차대차 - 측면직각충돌,안전운전불이행,건조,맑음,교차로 - 교차로안,승용,남,60세,상해없음,승용,여,58세,경상
2014051300100240,2014년 5월 13일 11시,화요일,광주광역시 북구 풍향동,부상신고사고,0,0,0,1,차대차 - 측면직각충돌,안전운전불이행,건조,맑음,교차로 - 교차로부근,승합,기타불명,기타불명,기타불명,자전거,여,19세,부상신고
2014051300100266,2014년 5월 13일 12시,화요일,광주광역시 북구 신안동,경상사고,0,0,2,0,차대차 - 측면직각충돌,안전거리미확보,건조,맑음,단일로 - 기타,승용,남,51세,경상,승용,남,32세,경상
2014051300100327,2014년 5월 13일 14시,화요일,광주광역시 남구 진월동,중상사고,0,1,0,0,차대사람 - 보도통행중,안전운전불이행,건조,맑음,교차로 - 교차로안,화물,남,34세,상해없음,보행자,여,72세,중상
2014051300100412,2014년 5월 13일 16시,화요일,광주광역시 남구 백운동,경상사고,0,0,1,0,차대사람 - 횡단중,기타,건조,맑음,단일로 - 기타,기타불명,기타불명,기타불명,기타불명,보행자,여,15세,경상
2014051300100413,2014년 5월 13일 16시,화요일,광주광역시 북구 두암동,경상사고,0,0,3,0,차대차 - 측면직각충돌,안전거리미확보,건조,맑음,단일로 - 기타,이륜,남,22세,상해없음,승용,남,34세,경상
2014051300100489,2014년 5월 13일 18시,화요일,광주광역시 광산구 송정동,중상사고,0,1,1,0,차대차 - 기타,교차로운행방법위반,건조,맑음,교차로 - 교차로안,이륜,남,67세,상해없음,자전거,남,13세,경상
2014051300100490,2014년 5월 13일 18시,화요일,광주광역시 광산구 산월동,경상사고,0,0,1,0,차대차 - 측면직각충돌,안전운전불이행,건조,맑음,단일로 - 기타,승용,여,40세,상해없음,승용,여,37세,경상
2014051300100549,2014년 5월 13일 20시,화요일,광주광역시 북구 신안동,중상사고,0,1,0,0,차대사람 - 횡단중,안전운전불이행,건조,맑음,교차로 - 교차로부근,화물,남,53세,상해없음,보행자,여,26세,중상
2014051300100550,2014년 5월 13일 20시,화요일,광주광역시 북구 용전동,경상사고,0,0,2,0,차대차 - 추돌 - 주정차중,안전운전불이행,건조,맑음,교차로 - 교차로부근,승용,남,44세,상해없음,승용,여,30세,경상
2014051300100582,2014년 5월 13일 21시,화요일,광주광역시 서구 풍암동,경상사고,0,0,1,0,차대차 - 기타,안전거리미확보,건조,맑음,단일로 - 기타,승용,여,32세,경상,승용,여,50세,상해없음
2014051300100609,2014년 5월 13일 22시,화요일,광주광역시 남구 송하동,중상사고,0,1,0,0,차대차 - 측면직각충돌,안전운전불이행,건조,맑음,단일로 - 기타,승용,남,48세,상해없음,이륜,남,19세,중상
2014051400100047,2014년 5월 14일 02시,수요일,광주광역시 서구 쌍촌동,경상사고,0,0,1,0,차대차 - 추돌 - 주정차중,안전운전불이행,건조,맑음,교차로 - 교차로부근,승용,남,57세,상해없음,승용,여,22세,경상
2014051400100110,2014년 5월 14일 07시,수요일,광주광역시 동구 소태동,중상사고,0,4,1,0,차대차 - 추돌 - 진행중,안전운전불이행,습기,비,단일로 - 교량,화물,여,44세,중상,승용,여,51세,중상
2014051400100111,2014년 5월 14일 07시,수요일,광주광역시 광산구 하남동,경상사고,0,0,1,0,차대사람 - 횡단중,안전운전불이행,습기,비,단일로 - 횡단보도부근,화물,남,30세,상해없음,보행자,여,16세,경상
2014051400100146,2014년 5월 14일 08시,수요일,광주광역시 북구 중흥동,경상사고,0,0,1,0,차대차 - 측면직각충돌,교차로운행방법위반,건조,맑음,교차로 - 교차로안,승용,여,52세,경상,승용,남,30세,상해없음
2014051400100177,2014년 5월 14일 09시,수요일,광주광역시 서구 치평동,경상사고,0,0,1,0,차대차 - 기타,안전운전불이행,건조,맑음,단일로 - 기타,승용,여,46세,상해없음,승용,남,64세,경상
2014051400100178,2014년 5월 14일 09시,수요일,광주광역시 남구 구동,경상사고,0,0,1,0,차대차 - 측면직각충돌,안전거리미확보,습기,비,기타 - 기타,승용,여,45세,상해없음,승용,남,36세,경상
2014051400100179,2014년 5월 14일 09시,수요일,광주광역시 북구 중흥동,경상사고,0,0,1,0,차대차 - 측면직각충돌,안전운전불이행,건조,맑음,단일로 - 기타,승용,남,44세,상해없음,승용,여,51세,경상
2014051400100202,2014년 5월 14일 10시,수요일,광주광역시 광산구 도산동,경상사고,0,0,1,0,차대차 - 추돌 - 주정차중,안전운전불이행,습기,비,교차로 - 교차로부근,승용,남,25세,상해없음,승용,여,36세,경상
2014051400100241,2014년 5월 14일 11시,수요일,광주광역시 북구 양산동,경상사고,0,0,1,0,차대차 - 추돌 - 주정차중,안전운전불이행,건조,맑음,단일로 - 기타,승용,남,54세,상해없음,승용,남,65세,경상
2014051400100242,2014년 5월 14일 11시,수요일,광주광역시 광산구 옥동,경상사고,0,0,1,0,차대차 - 기타,교차로운행방법위반,습기,비,교차로 - 교차로안,화물,여,49세,상해없음,화물,남,50세,경상
2014051400100354,2014년 5월 14일 14시,수요일,광주광역시 광산구 신창동,사망사고,1,0,0,0,차대차 - 측면직각충돌,안전운전불이행,습기,흐림,교차로 - 교차로안,특수,남,55세,상해없음,자전거,남,72세,사망
2014051400100395,2014년 5월 14일 15시,수요일,광주광역시 북구 각화동,경상사고,0,0,2,0,차대차 - 추돌 - 진행중,안전운전불이행,건조,맑음,단일로 - 기타,승용,남,66세,상해없음,승용,여,42세,경상
2014051400100396,2014년 5월 14일 15시,수요일,광주광역시 북구 우산동,경상사고,0,0,1,0,차대차 - 측면직각충돌,중앙선침범,건조,맑음,단일로 - 기타,승용,여,23세,상해없음,승용,여,40세,경상
2014051400100397,2014년 5월 14일 15시,수요일,광주광역시 광산구 도산동,경상사고,0,0,1,0,차대차 - 측면직각충돌,안전운전불이행,건조,맑음,교차로 - 교차로안,자전거,남,74세,경상,승용,여,42세,상해없음
2014051400100473,2014년 5월 14일 17시,수요일,광주광역시 서구 화정동,경상사고,0,0,1,0,차대사람 - 기타,안전운전불이행,건조,맑음,단일로 - 기타,승용,여,40세,상해없음,보행자,남,42세,경상
2014051400100541,2014년 5월 14일 19시,수요일,광주광역시 서구 농성동,경상사고,0,0,1,0,차대차 - 기타,안전거리미확보,건조,맑음,단일로 - 기타,승용,남,62세,기타불명,승용,남,48세,경상
2014051400100590,2014년 5월 14일 20시,수요일,광주광역시 북구 신용동,경상사고,0,0,2,0,차대차 - 기타,안전운전불이행,건조,맑음,단일로 - 기타,승용,남,52세,상해없음,승용,남,50세,경상
2014051400100591,2014년 5월 14일 20시,수요일,광주광역시 북구 임동,중상사고,0,1,1,0,차대차 - 측면직각충돌,교차로운행방법위반,건조,맑음,교차로 - 교차로안,승용,여,48세,경상,승용,남,60세,중상
2014051400100632,2014년 5월 14일 21시,수요일,광주광역시 서구 금호동,경상사고,0,0,3,0,차대차 - 측면직각충돌,신호위반,건조,맑음,교차로 - 교차로안,승용,남,45세,상해없음,승용,여,35세,경상
2014051400100665,2014년 5월 14일 22시,수요일,광주광역시 동구 수기동,경상사고,0,0,1,0,차대사람 - 길가장자리구역통행중,안전운전불이행,건조,맑음,단일로 - 기타,이륜,남,20세,상해없음,보행자,남,19세,경상
2014051400100693,2014년 5월 14일 23시,수요일,광주광역시 서구 서창동,경상사고,0,0,1,0,차량단독 - 기타,안전운전불이행,건조,맑음,교차로 - 교차로부근,승용,남,32세,기타불명,,,,
2014051400100694,2014년 5월 14일 23시,수요일,광주광역시 북구 운암동,경상사고,0,0,2,0,차대차 - 정면충돌,신호위반,건조,맑음,교차로 - 교차로안,승용,남,46세,상해없음,승용,남,49세,경상
2014051500100021,2014년 5월 15일 00시,목요일,광주광역시 동구 충장로1가,중상사고,0,1,0,0,차대차 - 측면직각충돌,안전운전불이행,건조,흐림,교차로 - 교차로안,승용,남,21세,상해없음,승용,남,60세,중상
2014051500100022,2014년 5월 15일 00시,목요일,광주광역시 남구 구동,경상사고,0,0,1,0,차대차 - 기타,신호위반,건조,맑음,교차로 - 교차로안,승용,남,28세,상해없음,승용,남,43세,경상
2014051500100023,2014년 5월 15일 00시,목요일,광주광역시 광산구 쌍암동,경상사고,0,0,1,0,차대차 - 추돌 - 주정차중,안전운전불이행,건조,맑음,교차로 - 교차로부근,승용,남,40세,상해없음,승용,남,38세,경상
2014051500100044,2014년 5월 15일 01시,목요일,광주광역시 동구 금동,경상사고,0,0,2,0,차대사람 - 차도통행중,안전운전불이행,건조,흐림,단일로 - 기타,승용,남,22세,상해없음,보행자,남,31세,경상
2014051500100045,2014년 5월 15일 01시,목요일,광주광역시 서구 화정동,경상사고,0,0,1,0,차량단독 - 기타,안전운전불이행,건조,맑음,단일로 - 기타,승용,남,50세,상해없음,,,,
2014051500100083,2014년 5월 15일 05시,목요일,광주광역시 북구 양산동,경상사고,0,0,2,0,차대차 - 측면직각충돌,신호위반,건조,맑음,교차로 - 교차로안,승용,남,43세,상해없음,승용,여,51세,경상
2014051500100124,2014년 5월 15일 07시,목요일,광주광역시 북구 본촌동,경상사고,0,0,1,0,차대차 - 기타,안전거리미확보,건조,맑음,단일로 - 기타,승용,여,38세,상해없음,이륜,남,28세,경상
2014051500100159,2014년 5월 15일 08시,목요일,광주광역시 서구 유촌동,경상사고,0,0,3,0,차대차 - 측면직각충돌,안전운전불이행,건조,맑음,단일로 - 기타,화물,남,43세,상해없음,승용,남,63세,경상
2014051500100160,2014년 5월 15일 08시,목요일,광주광역시 서구 치평동,경상사고,0,0,2,0,차대차 - 측면직각충돌,중앙선침범,건조,맑음,교차로 - 교차로안,승용,남,37세,상해없음,승용,여,47세,경상
2014051500100161,2014년 5월 15일 08시,목요일,광주광역시 남구 봉선동,경상사고,0,0,1,0,차대사람 - 차도통행중,안전운전불이행,건조,맑음,단일로 - 기타,승용,여,41세,상해없음,보행자,여,23세,경상
2014051500100162,2014년 5월 15일 08시,목요일,광주광역시 북구 용두동,경상사고,0,0,1,0,차대사람 - 횡단중,보행자보호의무위반,건조,맑음,단일로 - 기타,승용,여,44세,상해없음,보행자,여,35세,경상
2014051500100163,2014년 5월 15일 08시,목요일,광주광역시 광산구 신가동,경상사고,0,0,1,0,차대사람 - 보도통행중,보행자보호의무위반,건조,맑음,단일로 - 기타,승용,여,33세,상해없음,보행자,여,20세,경상
2014051500100200,2014년 5월 15일 09시,목요일,광주광역시 동구 대인동,경상사고,0,0,2,0,차대차 - 기타,교차로운행방법위반,건조,맑음,교차로 - 교차로안,화물,남,52세,상해없음,승용,여,39세,경상
2014051500100201,2014년 5월 15일 09시,목요일,광주광역시 광산구 신촌동,경상사고,0,0,2,0,차대차 - 측면직각충돌,신호위반,건조,맑음,교차로 - 교차로안,승용,남,65세,상해없음,승용,여,43세,경상
2014051500100331,2014년 5월 15일 13시,목요일,광주광역시 광산구 송정동,중상사고,0,1,0,0,차대사람 - 차도통행중,안전운전불이행,건조,맑음,교차로 - 교차로부근,승용,여,51세,상해없음,보행자,여,71세,중상
2014051500100362,2014년 5월 15일 14시,목요일,광주광역시 서구 양동,경상사고,0,0,1,0,차대사람 - 기타,안전운전불이행,건조,맑음,교차로 - 교차로안,승용,남,62세,상해없음,보행자,남,56세,경상
2014051500100410,2014년 5월 15일 15시,목요일,광주광역시 서구 마륵동,경상사고,0,0,3,0,차대차 - 측면직각충돌,차로위반,건조,맑음,단일로 - 기타,승용,여,38세,경상,승용,여,38세,경상
2014051500100411,2014년 5월 15일 15시,목요일,광주광역시 서구 내방동,경상사고,0,0,1,0,차대차 - 추돌 - 주정차중,안전거리미확보,건조,맑음,단일로 - 기타,승용,여,22세,상해없음,화물,남,42세,경상
2014051500100412,2014년 5월 15일 15시,목요일,광주광역시 광산구 신촌동,경상사고,0,0,2,0,차대차 - 측면직각충돌,기타,건조,맑음,단일로 - 기타,화물,남,49세,상해없음,승용,여,47세,경상
2014051500100413,2014년 5월 15일 15시,목요일,광주광역시 광산구 우산동,경상사고,0,0,4,0,차대차 - 추돌 - 진행중,안전거리미확보,건조,맑음,단일로 - 기타,건설기계,남,52세,상해없음,승용,여,49세,경상
2014051500100465,2014년 5월 15일 16시,목요일,광주광역시 서구 치평동,경상사고,0,0,1,0,차대차 - 측면직각충돌,신호위반,건조,맑음,단일로 - 기타,자전거,남,14세,경상,승용,여,56세,상해없음
2014051500100466,2014년 5월 15일 16시,목요일,광주광역시 남구 주월동,경상사고,0,0,2,0,차대차 - 측면직각충돌,차로위반,건조,맑음,단일로 - 기타,승용,여,31세,상해없음,승용,남,49세,경상
2014051500100467,2014년 5월 15일 16시,목요일,광주광역시 광산구 신가동,중상사고,0,1,0,0,차대사람 - 횡단중,보행자보호의무위반,건조,맑음,단일로 - 기타,승용,여,62세,상해없음,보행자,여,6세,중상
2014051500100530,2014년 5월 15일 17시,목요일,광주광역시 남구 서동,경상사고,0,0,1,0,차대차 - 측면직각충돌,교차로운행방법위반,건조,맑음,교차로 - 교차로부근,승용,남,47세,상해없음,승용,남,40세,경상
2014051500100531,2014년 5월 15일 17시,목요일,광주광역시 남구 주월동,경상사고,0,0,1,0,차대차 - 기타,안전운전불이행,건조,맑음,단일로 - 기타,기타불명,기타불명,기타불명,기타불명,자전거,남,10세,경상
2014051500100583,2014년 5월 15일 18시,목요일,광주광역시 서구 금호동,경상사고,0,0,2,0,차대차 - 추돌 - 진행중,안전거리미확보,건조,맑음,단일로 - 기타,승용,남,56세,상해없음,승용,남,40세,경상
2014051500100584,2014년 5월 15일 18시,목요일,광주광역시 광산구 신가동,경상사고,0,0,4,0,차대차 - 측면직각충돌,신호위반,건조,맑음,교차로 - 교차로안,승합,남,60세,상해없음,승합,남,45세,상해없음
2014051500100694,2014년 5월 15일 21시,목요일,광주광역시 북구 풍향동,경상사고,0,0,1,0,차대차 - 측면직각충돌,신호위반,건조,맑음,교차로 - 교차로안,원동기,남,25세,경상,승용,남,50세,상해없음
2014051500100728,2014년 5월 15일 22시,목요일,광주광역시 북구 운암동,경상사고,0,0,1,0,차대차 - 측면직각충돌,안전운전불이행,건조,맑음,교차로 - 교차로부근,원동기,남,17세,경상,승용,여,28세,상해없음
2014051500100764,2014년 5월 15일 23시,목요일,광주광역시 동구 학동,경상사고,0,0,4,0,차대차 - 추돌 - 주정차중,안전운전불이행,건조,맑음,교차로 - 교차로부근,승용,남,26세,상해없음,승용,남,60세,경상
2014051500100765,2014년 5월 15일 23시,목요일,광주광역시 광산구 산월동,경상사고,0,0,1,0,차대차 - 추돌 - 진행중,안전거리미확보,건조,맑음,단일로 - 기타,승용,여,41세,상해없음,원동기,남,38세,경상
2014051600100020,2014년 5월 16일 00시,금요일,광주광역시 동구 지산동,중상사고,0,1,0,0,차대사람 - 기타,안전운전불이행,건조,맑음,단일로 - 기타,이륜,남,22세,상해없음,보행자,여,23세,중상
2014051600100021,2014년 5월 16일 00시,금요일,광주광역시 북구 오치동,경상사고,0,0,4,0,차대차 - 측면직각충돌,안전운전불이행,건조,맑음,교차로 - 교차로안,승용,남,42세,상해없음,승용,남,22세,경상
2014051600100040,2014년 5월 16일 01시,금요일,광주광역시 북구 동림동,경상사고,0,0,1,0,차대차 - 측면직각충돌,안전운전불이행,건조,맑음,단일로 - 기타,승용,남,49세,상해없음,승용,여,47세,경상
2014051600100048,2014년 5월 16일 02시,금요일,광주광역시 남구 백운동,경상사고,0,0,1,0,차대차 - 측면직각충돌,신호위반,건조,맑음,교차로 - 교차로안,승용,남,22세,상해없음,승용,남,42세,경상
2014051600100049,2014년 5월 16일 02시,금요일,광주광역시 북구 일곡동,경상사고,0,0,4,0,차대차 - 추돌 - 진행중,안전운전불이행,건조,맑음,단일로 - 기타,승용,남,51세,상해없음,승용,남,21세,경상
2014051600100145,2014년 5월 16일 08시,금요일,광주광역시 서구 금호동,부상신고사고,0,0,0,1,차대사람 - 횡단중,안전운전불이행,건조,맑음,단일로 - 기타,승용,기타불명,기타불명,기타불명,보행자,여,35세,부상신고
2014051600100146,2014년 5월 16일 08시,금요일,광주광역시 광산구 수완동,경상사고,0,0,1,0,차대차 - 추돌 - 진행중,교차로운행방법위반,건조,맑음,교차로 - 교차로부근,승용,남,40세,경상,특수,남,31세,상해없음
2014051600100208,2014년 5월 16일 10시,금요일,광주광역시 남구 행암동,경상사고,0,0,4,0,차대차 - 추돌 - 주정차중,안전운전불이행,건조,맑음,단일로 - 기타,승합,남,52세,상해없음,승용,남,55세,경상
2014051600100270,2014년 5월 16일 12시,금요일,광주광역시 북구 본촌동,경상사고,0,0,1,0,차대차 - 추돌 - 진행중,안전거리미확보,건조,맑음,단일로 - 기타,승용,여,46세,상해없음,원동기,남,36세,경상
2014051600100339,2014년 5월 16일 14시,금요일,광주광역시 서구 양동,경상사고,0,0,1,0,차대사람 - 횡단중,신호위반,건조,맑음,단일로 - 횡단보도상,화물,남,68세,상해없음,보행자,여,63세,경상
2014051600100340,2014년 5월 16일 14시,금요일,광주광역시 서구 동천동,경상사고,0,0,1,0,차대사람 - 기타,안전운전불이행,건조,맑음,기타 - 기타,건설기계,남,59세,상해없음,보행자,남,59세,경상
2014051600100376,2014년 5월 16일 15시,금요일,광주광역시 북구 용봉동,경상사고,0,0,1,0,차대차 - 측면직각충돌,안전운전불이행,건조,맑음,교차로 - 교차로안,승합,남,66세,상해없음,자전거,남,76세,경상
2014051600100475,2014년 5월 16일 17시,금요일,광주광역시 북구 용봉동,경상사고,0,0,1,0,차대사람 - 횡단중,보행자보호의무위반,건조,맑음,교차로 - 교차로안,기타불명,기타불명,기타불명,기타불명,보행자,남,8세,경상
2014051600100526,2014년 5월 16일 18시,금요일,광주광역시 남구 송하동,경상사고,0,0,1,0,차대차 - 추돌 - 주정차중,안전운전불이행,건조,맑음,단일로 - 기타,승용,여,41세,상해없음,승용,남,37세,경상
2014051600100527,2014년 5월 16일 18시,금요일,광주광역시 북구 동림동,중상사고,0,1,0,0,차대사람 - 횡단중,보행자보호의무위반,건조,맑음,교차로 - 교차로안,기타불명,기타불명,기타불명,기타불명,보행자,여,22세,중상
2014051600100528,2014년 5월 16일 18시,금요일,광주광역시 광산구 도천동,경상사고,0,0,2,0,차대차 - 추돌 - 진행중,안전운전불이행,건조,맑음,단일로 - 기타,승용,남,47세,상해없음,승용,남,31세,경상
2014051600100598,2014년 5월 16일 20시,금요일,광주광역시 광산구 신가동,경상사고,0,0,1,0,차대차 - 측면직각충돌,신호위반,건조,맑음,교차로 - 교차로안,승합,남,36세,상해없음,이륜,남,53세,경상
2014051600100645,2014년 5월 16일 21시,금요일,광주광역시 서구 동천동,경상사고,0,0,1,0,차대사람 - 기타,안전운전불이행,건조,맑음,단일로 - 기타,화물,남,44세,상해없음,보행자,남,11세,경상
2014051600100687,2014년 5월 16일 22시,금요일,광주광역시 동구 계림동,경상사고,0,0,1,0,차대사람 - 기타,안전운전불이행,건조,맑음,기타 - 기타,승용,남,30세,상해없음,보행자,남,44세,경상