사고번호,사고일시,요일,시군구,사고내용,사망자수,중상자수,경상자수,부상신고자수,사고유형,법규위반,노면상태,기상상태,도로형태,가해운전자 차종,가해운전자 성별,가해운전자 연령,가해운전자 상해정도,피해운전자 차종,피해운전자 성별,피해운전자 연령,피해운전자 상해정도
2014052200100219,2014년 5월 22일 10시,목요일,광주광역시 북구 오치동,경상사고,0,0,1,0,차대사람 - 길가장자리구역통행중,안전운전불이행,건조,맑음,단일로 - 기타,승용,남,59세,상해없음,보행자,여,49세,경상
2014052200100242,2014년 5월 22일 11시,목요일,광주광역시 북구 운암동,경상사고,0,0,1,0,차대차 - 추돌 - 진행중,안전거리미확보,건조,맑음,단일로 - 기타,승합,남,56세,상해없음,이륜,남,38세,경상
2014052200100274,2014년 5월 22일 12시,목요일,광주광역시 남구 송하동,중상사고,0,1,0,0,차대차 - 측면직각충돌,안전운전불이행,건조,맑음,단일로 - 기타,화물,남,27세,상해없음,자전거,남,63세,중상
2014052200100312,2014년 5월 22일 13시,목요일,광주광역시 남구 주월동,경상사고,0,0,1,0,차대차 - 기타,교차로운행방법위반,건조,맑음,교차로 - 교차로안,승용,남,56세,상해없음,원동기,남,19세,경상
2014052200100345,2014년 5월 22일 14시,목요일,광주광역시 서구 쌍촌동,경상사고,0,0,1,0,차대차 - 기타,안전운전불이행,건조,맑음,교차로 - 교차로부근,승용,남,45세,상해없음,승용,여,46세,상해없음
2014052200100346,2014년 5월 22일 14시,목요일,광주광역시 광산구 흑석동,경상사고,0,0,1,0,차대차 - 추돌 - 주정차중,안전운전불이행,건조,맑음,단일로 - 기타,승용,여,43세,상해없음,승용,남,24세,기타불명
2014052200100378,2014년 5월 22일 15시,목요일,광주광역시 북구 문흥동,경상사고,0,0,1,0,차대사람 - 기타,안전운전불이행,건조,맑음,단일로 - 기타,승용,남,20세,상해없음,보행자,여,55세,경상
2014052200100433,2014년 5월 22일 16시,목요일,광주광역시 동구 금남로5가,경상사고,0,0,1,0,차대사람 - 길가장자리구역통행중,안전운전불이행,건조,맑음,단일로 - 기타,승용,여,45세,상해없음,보행자,남,58세,경상
2014052200100434,2014년 5월 22일 16시,목요일,광주광역시 동구 계림동,경상사고,0,0,2,0,차대차 - 측면직각충돌,신호위반,건조,맑음,교차로 - 교차로안,승용,남,77세,상해없음,승용,여,40세,경상
2014052200100435,2014년 5월 22일 16시,목요일,광주광역시 남구 양림동,경상사고,0,0,1,0,차대차 - 기타,안전운전불이행,건조,맑음,교차로 - 교차로안,승용,여,32세,기타불명,원동기,남,38세,경상
2014052200100436,2014년 5월 22일 16시,목요일,광주광역시 북구 연제동,경상사고,0,0,2,0,차대차 - 측면직각충돌,교차로운행방법위반,건조,맑음,교차로 - 교차로안,승용,남,33세,경상,건설기계,남,56세,경상
2014052200100437,2014년 5월 22일 16시,목요일,광주광역시 광산구 소촌동,경상사고,0,0,1,0,차량단독 - 공작물충돌,안전운전불이행,건조,맑음,단일로 - 기타,승용,여,49세,경상,,,,
2014052200100528,2014년 5월 22일 18시,목요일,광주광역시 북구 두암동,경상사고,0,0,1,0,차대사람 - 횡단중,안전운전불이행,건조,맑음,단일로 - 기타,승용,남,37세,상해없음,보행자,여,29세,경상
2014052200100529,2014년 5월 22일 18시,목요일,광주광역시 광산구 산월동,경상사고,0,0,1,0,차대차 - 측면직각충돌,안전거리미확보,건조,맑음,단일로 - 기타,화물,남,67세,상해없음,승용,남,56세,상해없음
2014052200100564,2014년 5월 22일 19시,목요일,광주광역시 서구 용두동,경상사고,0,0,2,0,차대차 - 추돌 - 진행중,안전거리미확보,건조,흐림,단일로 - 기타,화물,남,49세,상해없음,승용,여,41세,경상
2014052200100565,2014년 5월 22일 19시,목요일,광주광역시 광산구 선암동,경상사고,0,0,1,0,차대차 - 추돌 - 주정차중,안전운전불이행,건조,맑음,교차로 - 교차로부근,승용,남,61세,상해없음,승용,남,45세,경상
2014052200100566,2014년 5월 22일 19시,목요일,광주광역시 광산구 도산동,경상사고,0,0,1,0,차대사람 - 기타,기타,건조,맑음,기타 - 기타,이륜,남,28세,상해없음,보행자,남,6세,경상
2014052200100609,2014년 5월 22일 20시,목요일,광주광역시 북구 신용동,경상사고,0,0,1,0,차대차 - 측면직각충돌,안전운전불이행,건조,맑음,교차로 - 교차로안,승용,남,33세,상해없음,자전거,남,17세,경상
2014052200100684,2014년 5월 22일 23시,목요일,광주광역시 서구 내방동,경상사고,0,0,1,0,차대차 - 측면직각충돌,중앙선침범,건조,맑음,단일로 - 기타,승용,남,32세,상해없음,승용,남,29세,경상
2014052300100046,2014년 5월 23일 02시,금요일,광주광역시 서구 쌍촌동,경상사고,0,0,3,0,차대차 - 기타,안전운전불이행,건조,맑음,단일로 - 기타,승용,남,20세,기타불명,승용,남,28세,경상
2014052300100060,2014년 5월 23일 04시,금요일,광주광역시 서구 매월동,경상사고,0,0,1,0,차대차 - 측면직각충돌,안전운전불이행,건조,흐림,단일로 - 기타,승용,남,39세,상해없음,승합,남,38세,경상
2014052300100145,2014년 5월 23일 08시,금요일,광주광역시 북구 우산동,경상사고,0,0,1,0,차대차 - 기타,안전운전불이행,건조,맑음,단일로 - 기타,이륜,남,33세,경상,승용,남,65세,상해없음
2014052300100167,2014년 5월 23일 09시,금요일,광주광역시 광산구 수완동,경상사고,0,0,2,0,차대차 - 추돌 - 주정차중,안전운전불이행,건조,맑음,교차로 - 교차로부근,승용,남,30세,상해없음,승용,남,56세,경상
2014052300100208,2014년 5월 23일 10시,금요일,광주광역시 북구 중흥동,중상사고,0,1,0,0,차대차 - 측면직각충돌,신호위반,건조,맑음,교차로 - 교차로안,원동기,남,21세,중상,승용,여,51세,상해없음
2014052300100209,2014년 5월 23일 10시,금요일,광주광역시 북구 오치동,경상사고,0,0,1,0,차대차 - 측면직각충돌,안전운전불이행,건조,맑음,교차로 - 교차로안,승용,여,54세,상해없음,승용,남,52세,상해없음
2014052300100250,2014년 5월 23일 11시,금요일,광주광역시 서구 쌍촌동,경상사고,0,0,1,0,차대차 - 기타,안전운전불이행,건조,맑음,단일로 - 기타,화물,남,29세,상해없음,이륜,여,67세,경상
2014052300100273,2014년 5월 23일 12시,금요일,광주광역시 서구 치평동,경상사고,0,0,2,0,차대차 - 추돌 - 주정차중,안전운전불이행,건조,맑음,교차로 - 교차로부근,승용,남,47세,상해없음,승용,남,64세,경상
2014052300100305,2014년 5월 23일 13시,금요일,광주광역시 서구 화정동,경상사고,0,0,1,0,차대차 - 기타,안전운전불이행,건조,맑음,교차로 - 교차로부근,승용,여,29세,기타불명,승용,남,25세,경상
2014052300100336,2014년 5월 23일 14시,금요일,광주광역시 북구 풍향동,경상사고,0,0,1,0,차대차 - 기타,안전운전불이행,건조,맑음,단일로 - 기타,화물,남,67세,상해없음,자전거,남,64세,경상
2014052300100337,2014년 5월 23일 14시,금요일,광주광역시 북구 운암동,경상사고,0,0,1,0,차대차 - 기타,안전운전불이행,건조,맑음,단일로 - 기타,승용,남,48세,상해없음,이륜,남,71세,경상
2014052300100369,2014년 5월 23일 15시,금요일,광주광역시 광산구 산월동,경상사고,0,0,2,2,차대차 - 추돌 - 주정차중,안전운전불이행,건조,맑음,단일로 - 기타,승용,여,45세,상해없음,승용,여,32세,경상
2014052300100409,2014년 5월 23일 16시,금요일,광주광역시 북구 우산동,경상사고,0,0,2,0,차대차 - 측면직각충돌,안전운전불이행,건조,맑음,교차로 - 교차로안,화물,남,58세,상해없음,승용,남,32세,경상
2014052300100496,2014년 5월 23일 18시,금요일,광주광역시 북구 신안동,중상사고,0,1,0,0,차대차 - 기타,안전운전불이행,건조,맑음,기타 - 기타,이륜,여,53세,중상,승용,남,58세,상해없음
2014052300100522,2014년 5월 23일 19시,금요일,광주광역시 북구 양산동,경상사고,0,0,1,0,차대차 - 측면직각충돌,안전운전불이행,건조,맑음,교차로 - 교차로안,승용,남,29세,상해없음,자전거,여,23세,경상
2014052300100601,2014년 5월 23일 21시,금요일,광주광역시 광산구 수완동,경상사고,0,0,2,0,차대차 - 측면직각충돌,안전거리미확보,건조,맑음,단일로 - 기타,승용,남,53세,상해없음,승용,여,49세,경상
2014052300100634,2014년 5월 23일 22시,금요일,광주광역시 북구 문흥동,경상사고,0,0,1,0,차대차 - 추돌 - 주정차중,안전운전불이행,건조,맑음,교차로 - 교차로부근,승용,남,52세,경상,화물,남,40세,상해없음
2014052300100673,2014년 5월 23일 23시,금요일,광주광역시 북구 동림동,경상사고,0,0,1,0,차대차 - 기타,안전운전불이행,건조,맑음,교차로 - 교차로부근,승용,남,52세,상해없음,화물,남,49세,경상
2014052300100674,2014년 5월 23일 23시,금요일,광주광역시 북구 용봉동,경상사고,0,0,2,0,차대차 - 추돌 - 주정차중,안전운전불이행,건조,맑음,교차로 - 교차로부근,화물,남,46세,상해없음,승용,남,30세,경상
2014052300100675,2014년 5월 23일 23시,금요일,광주광역시 광산구 신가동,중상사고,0,1,1,0,차대차 - 측면직각충돌,안전거리미확보,건조,맑음,단일로 - 기타,승용,여,33세,상해없음,승용,여,39세,중상
2014052400100048,2014년 5월 24일 01시,토요일,광주광역시 서구 쌍촌동,경상사고,0,0,1,0,차대차 - 측면직각충돌,신호위반,건조,맑음,교차로 - 교차로안,원동기,남,34세,경상,승용,남,55세,상해없음
2014052400100082,2014년 5월 24일 03시,토요일,광주광역시 동구 금남로4가,경상사고,0,0,2,0,차대차 - 측면직각충돌,신호위반,건조,맑음,교차로 - 교차로안,승용,남,42세,상해없음,승용,남,54세,경상
2014052400100083,2014년 5월 24일 03시,토요일,광주광역시 광산구 산정동,경상사고,0,0,3,0,차대차 - 측면직각충돌,신호위반,건조,맑음,교차로 - 교차로안,승용,여,40세,상해없음,승용,남,44세,경상
2014052400100114,2014년 5월 24일 05시,토요일,광주광역시 서구 광천동,경상사고,0,0,1,0,차대차 - 측면직각충돌,신호위반,건조,맑음,교차로 - 교차로안,승용,여,50세,상해없음,승용,남,47세,경상
2014052400100115,2014년 5월 24일 05시,토요일,광주광역시 북구 중흥동,중상사고,0,2,1,0,차대차 - 측면직각충돌,신호위반,건조,맑음,교차로 - 교차로안,이륜,남,18세,중상,승용,남,47세,경상
2014052400100133,2014년 5월 24일 06시,토요일,광주광역시 동구 광산동,경상사고,0,0,1,0,차대사람 - 차도통행중,안전운전불이행,건조,맑음,단일로 - 기타,승용,남,32세,상해없음,보행자,남,22세,경상
2014052400100158,2014년 5월 24일 07시,토요일,광주광역시 광산구 운남동,중상사고,0,1,2,0,차대차 - 측면직각충돌,안전운전불이행,건조,맑음,교차로 - 교차로안,승용,남,57세,상해없음,승용,남,41세,중상
2014052400100184,2014년 5월 24일 08시,토요일,광주광역시 동구 운림동,경상사고,0,0,1,0,차대사람 - 기타,안전운전불이행,건조,맑음,단일로 - 기타,승용,여,47세,상해없음,보행자,남,62세,경상
2014052400100245,2014년 5월 24일 10시,토요일,광주광역시 서구 쌍촌동,경상사고,0,0,1,0,차대차 - 기타,차로위반,건조,맑음,단일로 - 기타,화물,남,53세,상해없음,승용,여,34세,경상
2014052400100246,2014년 5월 24일 10시,토요일,광주광역시 북구 효령동,경상사고,0,0,2,0,차대차 - 기타,안전거리미확보,건조,맑음,단일로 - 기타,건설기계,남,58세,상해없음,승용,남,57세,경상
2014052400100280,2014년 5월 24일 11시,토요일,광주광역시 서구 마륵동,경상사고,0,0,1,0,차대차 - 기타,안전운전불이행,건조,맑음,단일로 - 기타,승용,남,57세,경상,승용,남,69세,상해없음
2014052400100281,2014년 5월 24일 11시,토요일,광주광역시 광산구 쌍암동,경상사고,0,0,1,0,차대차 - 측면직각충돌,안전운전불이행,건조,맑음,교차로 - 교차로부근,승용,여,48세,상해없음,이륜,남,61세,경상
2014052400100306,2014년 5월 24일 12시,토요일,광주광역시 서구 치평동,부상신고사고,0,0,0,1,차대차 - 기타,신호위반,건조,맑음,교차로 - 교차로안,원동기,남,21세,부상신고,승용,남,30세,상해없음
2014052400100339,2014년 5월 24일 13시,토요일,광주광역시 광산구 월계동,경상사고,0,0,1,0,차대사람 - 횡단중,신호위반,건조,맑음,단일로 - 기타,이륜,남,18세,상해없음,보행자,여,8세,경상
2014052400100416,2014년 5월 24일 15시,토요일,광주광역시 북구 임동,경상사고,0,0,1,0,차대차 - 측면직각충돌,안전운전불이행,건조,맑음,교차로 - 교차로안,자전거,남,71세,경상,승용,남,46세,상해없음
2014052400100496,2014년 5월 24일 17시,토요일,광주광역시 북구 용봉동,경상사고,0,0,1,0,차대사람 - 길가장자리구역통행중,안전운전불이행,건조,맑음,단일로 - 기타,승용,남,21세,상해없음,보행자,여,24세,경상
2014052400100497,2014년 5월 24일 17시,토요일,광주광역시 광산구 신가동,경상사고,0,0,2,0,차대차 - 측면직각충돌,안전운전불이행,건조,맑음,단일로 - 기타,승용,여,37세,상해없음,승용,남,43세,경상
2014052400100498,2014년 5월 24일 17시,토요일,광주광역시 광산구 월곡동,경상사고,0,0,3,0,차대차 - 측면직각충돌,직진우회전진행방해,건조,맑음,교차로 - 교차로안,이륜,남,18세,경상,승용,남,59세,경상
2014052400100537,2014년 5월 24일 18시,토요일,광주광역시 동구 궁동,경상사고,0,0,1,0,차대차 - 기타,차로위반,건조,맑음,미분류 - 미분류,승용,여,26세,상해없음,승용,남,31세,경상
2014052400100578,2014년 5월 24일 19시,토요일,광주광역시 북구 용봉동,경상사고,0,0,1,0,차대차 - 기타,안전운전불이행,건조,맑음,교차로 - 교차로안,화물,남,41세,상해없음,승합,남,61세,상해없음
2014052400100579,2014년 5월 24일 19시,토요일,광주광역시 북구 풍향동,경상사고,0,0,3,0,차대차 - 기타,안전거리미확보,건조,맑음,단일로 - 기타,승용,남,66세,경상,승용,여,57세,경상
2014052400100580,2014년 5월 24일 19시,토요일,광주광역시 북구 두암동,중상사고,0,1,0,0,차대사람 - 횡단중,안전운전불이행,건조,맑음,교차로 - 교차로부근,원동기,여,46세,상해없음,보행자,남,18세,중상
2014052400100581,2014년 5월 24일 19시,토요일,광주광역시 광산구 소촌동,경상사고,0,0,1,0,차대차 - 측면직각충돌,안전운전불이행,건조,맑음,교차로 - 교차로부근,승용,남,56세,상해없음,승용,여,58세,경상
2014052400100609,2014년 5월 24일 20시,토요일,광주광역시 북구 매곡동,경상사고,0,0,1,0,차대차 - 추돌 - 진행중,안전거리미확보,건조,맑음,교차로 - 교차로부근,승합,남,58세,상해없음,자전거,남,32세,경상
2014052400100668,2014년 5월 24일 22시,토요일,광주광역시 남구 봉선동,경상사고,0,0,1,0,차대사람 - 길가장자리구역통행중,안전운전불이행,건조,맑음,단일로 - 기타,승용,남,54세,상해없음,보행자,남,50세,경상
2014052400100669,2014년 5월 24일 22시,토요일,광주광역시 광산구 장덕동,경상사고,0,0,1,0,차대사람 - 횡단중,신호위반,건조,맑음,교차로 - 교차로안,자전거,남,15세,상해없음,보행자,여,18세,경상
2014052400100694,2014년 5월 24일 23시,토요일,광주광역시 광산구 월계동,경상사고,0,0,1,0,차대차 - 정면충돌,중앙선침범,건조,맑음,교차로 - 교차로부근,승용,여,24세,상해없음,이륜,남,50세,경상
2014052500100025,2014년 5월 25일 00시,일요일,광주광역시 북구 중흥동,경상사고,0,0,1,0,차대사람 - 길가장자리구역통행중,안전운전불이행,건조,맑음,단일로 - 기타,기타불명,기타불명,기타불명,기타불명,보행자,남,31세,경상
2014052500100026,2014년 5월 25일 00시,일요일,광주광역시 광산구 신가동,경상사고,0,0,1,0,차대차 - 추돌 - 주정차중,차로위반,건조,맑음,교차로 - 교차로부근,승용,남,43세,상해없음,원동기,남,17세,경상
2014052500100067,2014년 5월 25일 02시,일요일,광주광역시 서구 유촌동,경상사고,0,0,3,0,차대차 - 측면직각충돌,안전거리미확보,건조,맑음,교차로 - 교차로부근,승용,남,55세,경상,승용,남,58세,상해없음
2014052500100105,2014년 5월 25일 06시,일요일,광주광역시 서구 치평동,경상사고,0,0,2,0,차대차 - 측면직각충돌,신호위반,건조,맑음,교차로 - 교차로안,승용,남,22세,상해없음,승용,남,50세,경상
2014052500100106,2014년 5월 25일 06시,일요일,광주광역시 서구 치평동,경상사고,0,0,1,0,차대차 - 기타,차로위반,건조,맑음,단일로 - 기타,승용,남,37세,상해없음,승용,남,56세,경상
2014052500100107,2014년 5월 25일 06시,일요일,광주광역시 광산구 신가동,경상사고,0,0,1,0,차대차 - 추돌 - 주정차중,안전운전불이행,건조,맑음,교차로 - 교차로부근,승용,남,47세,상해없음,승용,남,58세,경상
2014052500100118,2014년 5월 25일 07시,일요일,광주광역시 남구 월산동,경상사고,0,0,2,0,차대차 - 추돌 - 진행중,안전거리미확보,건조,맑음,기타 - 기타,승용,남,23세,상해없음,승용,남,56세,경상
2014052500100172,2014년 5월 25일 10시,일요일,광주광역시 서구 내방동,경상사고,0,0,1,0,차대차 - 추돌 - 주정차중,안전운전불이행,습기,비,단일로 - 기타,화물,남,31세,상해없음,승용,남,61세,경상
2014052500100233,2014년 5월 25일 12시,일요일,광주광역시 서구 금호동,경상사고,0,0,1,0,차대차 - 측면직각충돌,차로위반,건조,맑음,단일로 - 기타,승용,남,44세,상해없음,승용,여,42세,경상
2014052500100234,2014년 5월 25일 12시,일요일,광주광역시 북구 신안동,경상사고,0,0,1,0,차량단독 - 공작물충돌,안전운전불이행,건조,맑음,단일로 - 기타,승용,남,68세,경상,,,,
2014052500100235,2014년 5월 25일 12시,일요일,광주광역시 광산구 도천동,경상사고,0,0,1,0,차대차 - 추돌 - 진행중,안전거리미확보,건조,맑음,교차로 - 교차로안,원동기,남,19세,경상,승용,남,54세,상해없음
2014052500100323,2014년 5월 25일 15시,일요일,광주광역시 동구 대인동,중상사고,0,4,7,2,차대차 - 측면직각충돌,신호위반,습기,비,교차로 - 교차로안,승용,남,62세,중상,승합,남,52세,상해없음
2014052500100324,2014년 5월 25일 15시,일요일,광주광역시 남구 주월동,부상신고사고,0,0,0,1,차대차 - 측면직각충돌,안전운전불이행,습기,비,단일로 - 기타,원동기,남,22세,부상신고,승용,여,43세,상해없음
2014052500100370,2014년 5월 25일 16시,일요일,광주광역시 광산구 도산동,부상신고사고,0,0,0,1,차대차 - 추돌 - 주정차중,안전거리미확보,습기,비,단일로 - 기타,원동기,남,17세,부상신고,승용,남,58세,상해없음
2014052500100406,2014년 5월 25일 17시,일요일,광주광역시 북구 용봉동,경상사고,0,0,1,0,차대사람 - 길가장자리구역통행중,안전운전불이행,습기,비,단일로 - 기타,승용,여,42세,상해없음,보행자,여,75세,경상
2014052500100477,2014년 5월 25일 19시,일요일,광주광역시 서구 쌍촌동,경상사고,0,0,1,0,차대차 - 추돌 - 진행중,안전운전불이행,건조,맑음,교차로 - 교차로부근,승용,남,53세,상해없음,승용,남,44세,상해없음
2014052500100540,2014년 5월 25일 20시,일요일,광주광역시 북구 임동,경상사고,0,0,3,0,차대차 - 추돌 - 진행중,안전거리미확보,습기,맑음,단일로 - 기타,승용,여,59세,상해없음,승용,남,60세,경상
2014052500100541,2014년 5월 25일 20시,일요일,광주광역시 북구 두암동,경상사고,0,0,1,0,차대차 - 측면직각충돌,신호위반,습기,비,교차로 - 교차로안,승용,남,39세,상해없음,승용,남,26세,경상
2014052500100589,2014년 5월 25일 21시,일요일,광주광역시 남구 백운동,중상사고,0,1,1,0,차대차 - 측면직각충돌,교차로운행방법위반,습기,비,교차로 - 교차로안,승용,남,45세,상해없음,승용,남,66세,경상
2014052500100590,2014년 5월 25일 21시,일요일,광주광역시 광산구 신가동,경상사고,0,0,1,0,차량단독 - 기타,기타,건조,맑음,단일로 - 기타,승합,남,51세,상해없음,,,,
2014052500100654,2014년 5월 25일 23시,일요일,광주광역시 서구 치평동,경상사고,0,0,1,0,차대차 - 측면직각충돌,중앙선침범,건조,맑음,단일로 - 기타,승용,남,27세,상해없음,승용,남,32세,상해없음
2014052600100070,2014년 5월 26일 05시,월요일,광주광역시 북구 오치동,중상사고,0,1,0,0,차대차 - 측면직각충돌,신호위반,습기,흐림,교차로 - 교차로안,승용,남,28세,상해없음,자전거,남,69세,중상
2014052600100105,2014년 5월 26일 07시,월요일,광주광역시 남구 진월동,경상사고,0,0,1,0,차대사람 - 차도통행중,안전운전불이행,건조,맑음,단일로 - 기타,승용,남,58세,상해없음,보행자,여,26세,경상
2014052600100106,2014년 5월 26일 07시,월요일,광주광역시 광산구 하남동,경상사고,0,0,1,0,차대차 - 추돌 - 주정차중,안전운전불이행,건조,맑음,교차로 - 교차로부근,승용,남,73세,기타불명,승용,여,46세,경상
2014052600100266,2014년 5월 26일 12시,월요일,광주광역시 광산구 흑석동,경상사고,0,0,1,0,차대차 - 측면직각충돌,신호위반,건조,맑음,교차로 - 교차로안,승용,여,48세,상해없음,승용,남,44세,경상
2014052600100296,2014년 5월 26일 13시,월요일,광주광역시 남구 백운동,경상사고,0,0,4,0,차대차 - 측면직각충돌,안전거리미확보,건조,맑음,교차로 - 교차로부근,승용,남,55세,상해없음,승용,여,54세,경상
2014052600100323,2014년 5월 26일 14시,월요일,광주광역시 북구 오치동,경상사고,0,0,1,0,차대차 - 측면직각충돌,안전운전불이행,건조,맑음,교차로 - 교차로안,승용,남,52세,상해없음,승용,남,33세,경상
2014052600100324,2014년 5월 26일 14시,월요일,광주광역시 북구 임동,경상사고,0,0,4,0,차대차 - 측면직각충돌,안전운전불이행,건조,맑음,단일로 - 기타,승용,여,39세,경상,승용,여,18세,경상
2014052600100404,2014년 5월 26일 16시,월요일,광주광역시 동구 계림동,중상사고,0,1,0,0,차량단독 - 기타,안전운전불이행,건조,맑음,단일로 - 기타,승합,남,62세,상해없음,,,,
2014052600100405,2014년 5월 26일 16시,월요일,광주광역시 서구 매월동,경상사고,0,0,1,0,차대차 - 기타,안전운전불이행,건조,맑음,교차로 - 교차로안,승용,여,44세,상해없음,원동기,남,23세,경상
2014052600100441,2014년 5월 26일 17시,월요일,광주광역시 북구 각화동,경상사고,0,0,2,0,차대차 - 추돌 - 진행중,교차로운행방법위반,건조,맑음,교차로 - 교차로부근,승용,여,37세,상해없음,화물,남,34세,경상
2014052600100499,2014년 5월 26일 18시,월요일,광주광역시 북구 양산동,경상사고,0,0,2,0,차대차 - 측면직각충돌,교차로운행방법위반,건조,맑음,교차로 - 교차로안,승용,여,44세,경상,승용,여,33세,경상
2014052600100500,2014년 5월 26일 18시,월요일,광주광역시 북구 운암동,경상사고,0,0,1,0,차대사람 - 길가장자리구역통행중,안전운전불이행,건조,맑음,단일로 - 기타,승용,여,24세,상해없음,보행자,남,12세,경상
2014052600100501,2014년 5월 26일 18시,월요일,광주광역시 북구 풍향동,경상사고,0,0,1,0,차대사람 - 기타,기타,건조,맑음,단일로 - 기타,승합,남,58세,상해없음,보행자,여,48세,경상
2014052600100563,2014년 5월 26일 20시,월요일,광주광역시 북구 오치동,경상사고,0,0,1,0,차대사람 - 횡단중,안전운전불이행,건조,맑음,단일로 - 기타,이륜,남,19세,상해없음,보행자,여,12세,경상
2014052600100564,2014년 5월 26일 20시,월요일,광주광역시 북구 임동,경상사고,0,0,1,0,차대차 - 측면직각충돌,안전운전불이행,건조,맑음,단일로 - 기타,승용,남,42세,상해없음,이륜,남,36세,경상
2014052600100599,2014년 5월 26일 21시,월요일,광주광역시 북구 운암동,경상사고,0,0,1,0,차대사람 - 보도통행중,신호위반,건조,맑음,단일로 - 횡단보도상,승용,남,45세,상해없음,보행자,남,23세,경상
2014052600100600,2014년 5월 26일 21시,월요일,광주광역시 광산구 신가동,경상사고,0,0,2,0,차대차 - 측면직각충돌,교차로운행방법위반,건조,맑음,교차로 - 교차로부근,승용,여,23세,경상,승용,여,54세,경상
2014052700100040,2014년 5월 27일 03시,화요일,광주광역시 서구 쌍촌동,중상사고,0,1,3,0,차대차 - 측면직각충돌,교차로운행방법위반,건조,맑음,교차로 - 교차로안,승용,남,64세,경상,승용,남,53세,경상
2014052700100041,2014년 5월 27일 03시,화요일,광주광역시 서구 동천동,경상사고,0,0,1,0,차대차 - 측면직각충돌,신호위반,건조,맑음,미분류 - 미분류,승용,남,59세,상해없음,승용,남,53세,경상
2014052700100049,2014년 5월 27일 04시,화요일,광주광역시 서구 쌍촌동,경상사고,0,0,1,0,차대차 - 측면직각충돌,신호위반,건조,맑음,교차로 - 교차로안,승용,남,56세,상해없음,승합,남,26세,경상
2014052700100058,2014년 5월 27일 05시,화요일,광주광역시 북구 운암동,경상사고,0,0,1,0,차대차 - 추돌 - 주정차중,안전운전불이행,건조,맑음,교차로 - 교차로부근,기타불명,기타불명,기타불명,기타불명,승용,여,41세,경상
2014052700100080,2014년 5월 27일 06시,화요일,광주광역시 북구 임동,경상사고,0,0,1,0,차대차 - 측면직각충돌,신호위반,건조,맑음,교차로 - 교차로안,승합,남,46세,상해없음,승용,남,45세,경상
2014052700100151,2014년 5월 27일 08시,화요일,광주광역시 북구 운암동,경상사고,0,0,1,0,차대차 - 추돌 - 주정차중,안전운전불이행,건조,맑음,단일로 - 기타,화물,남,51세,상해없음,승용,남,33세,경상
2014052700100165,2014년 5월 27일 08시,화요일,광주광역시 서구 양동,경상사고,0,0,1,0,차대차 - 기타,안전거리미확보,건조,맑음,단일로 - 기타,자전거,남,15세,경상,승합,남,47세,상해없음
2014052700100212,2014년 5월 27일 09시,화요일,광주광역시 서구 농성동,경상사고,0,0,1,0,차대차 - 측면직각충돌,안전거리미확보,건조,맑음,교차로 - 교차로부근,승용,남,74세,상해없음,승합,남,44세,상해없음
2014052700100290,2014년 5월 27일 12시,화요일,광주광역시 남구 방림동,경상사고,0,0,1,0,차대사람 - 기타,안전운전불이행,건조,맑음,단일로 - 기타,승용,남,61세,상해없음,보행자,남,22세,경상
2014052700100291,2014년 5월 27일 12시,화요일,광주광역시 북구 각화동,경상사고,0,0,1,0,차대차 - 기타,안전운전불이행,건조,맑음,단일로 - 기타,화물,남,43세,상해없음,자전거,남,83세,경상
2014052700100317,2014년 5월 27일 13시,화요일,광주광역시 남구 백운동,중상사고,0,1,0,0,차량단독 - 기타,안전운전불이행,건조,맑음,교차로 - 교차로부근,승합,남,60세,상해없음,,,,
2014052700100349,2014년 5월 27일 14시,화요일,광주광역시 남구 진월동,경상사고,0,0,6,0,차대차 - 추돌 - 주정차중,안전운전불이행,건조,맑음,교차로 - 교차로안,승용,여,69세,상해없음,화물,남,50세,경상
2014052700100350,2014년 5월 27일 14시,화요일,광주광역시 북구 동림동,중상사고,0,1,1,0,차대차 - 추돌 - 주정차중,안전운전불이행,건조,맑음,단일로 - 기타,승합,남,27세,경상,화물,여,46세,중상
2014052700100392,2014년 5월 27일 15시,화요일,광주광역시 광산구 송정동,중상사고,0,1,0,0,차대사람 - 횡단중,안전운전불이행,건조,맑음,교차로 - 교차로안,화물,남,35세,상해없음,보행자,남,41세,중상
2014052700100437,2014년 5월 27일 16시,화요일,광주광역시 서구 치평동,경상사고,0,0,1,0,차대사람 - 길가장자리구역통행중,안전운전불이행,건조,맑음,단일로 - 기타,승용,여,35세,상해없음,보행자,남,38세,경상
2014052700100438,2014년 5월 27일 16시,화요일,광주광역시 서구 농성동,경상사고,0,0,1,0,차대차 - 기타,안전거리미확보,건조,맑음,단일로 - 기타,승용,남,25세,상해없음,승용,남,50세,경상
2014052700100439,2014년 5월 27일 16시,화요일,광주광역시 북구 우산동,중상사고,0,1,0,0,차대차 - 기타,안전운전불이행,건조,맑음,교차로 - 교차로부근,자전거,남,18세,중상,승용,남,31세,상해없음
2014052700100440,2014년 5월 27일 16시,화요일,광주광역시 광산구 선암동,경상사고,0,0,2,0,차대차 - 측면직각충돌,교차로운행방법위반,건조,맑음,교차로 - 교차로안,승용,남,52세,상해없음,승용,남,37세,경상