사고번호,사고일시,요일,시군구,사고내용,사망자수,중상자수,경상자수,부상신고자수,사고유형,법규위반,노면상태,기상상태,도로형태,가해운전자 차종,가해운전자 성별,가해운전자 연령,가해운전자 상해정도,피해운전자 차종,피해운전자 성별,피해운전자 연령,피해운전자 상해정도
2014052700100486,2014년 5월 27일 17시,화요일,광주광역시 남구 진월동,경상사고,0,0,1,0,차대차 - 기타,안전거리미확보,건조,맑음,단일로 - 기타,승용,여,39세,상해없음,승용,남,37세,경상
2014052700100523,2014년 5월 27일 18시,화요일,광주광역시 북구 용봉동,경상사고,0,0,2,0,차대차 - 추돌 - 주정차중,안전운전불이행,건조,맑음,단일로 - 기타,화물,남,50세,상해없음,승용,남,55세,경상
2014052700100574,2014년 5월 27일 20시,화요일,광주광역시 북구 두암동,경상사고,0,0,1,0,차대사람 - 횡단중,안전운전불이행,건조,맑음,단일로 - 횡단보도상,승용,남,54세,상해없음,보행자,여,13세,경상
2014052800100038,2014년 5월 28일 02시,수요일,광주광역시 광산구 우산동,경상사고,0,0,2,0,차대차 - 추돌 - 진행중,안전운전불이행,건조,맑음,단일로 - 기타,승용,남,47세,경상,승용,남,31세,경상
2014052800100048,2014년 5월 28일 03시,수요일,광주광역시 광산구 수완동,중상사고,0,1,0,0,차대차 - 기타,안전운전불이행,건조,맑음,단일로 - 기타,승용,남,49세,중상,화물,남,36세,기타불명
2014052800100107,2014년 5월 28일 07시,수요일,광주광역시 북구 신용동,중상사고,0,1,0,0,차대사람 - 횡단중,신호위반,건조,맑음,단일로 - 횡단보도상,승용,남,35세,상해없음,보행자,남,17세,중상
2014052800100150,2014년 5월 28일 08시,수요일,광주광역시 광산구 도천동,경상사고,0,0,1,0,차대차 - 측면직각충돌,신호위반,건조,맑음,교차로 - 교차로안,승용,남,46세,상해없음,승용,남,45세,경상
2014052800100236,2014년 5월 28일 11시,수요일,광주광역시 서구 금호동,경상사고,0,0,1,0,차대차 - 기타,안전운전불이행,건조,맑음,단일로 - 기타,승용,남,54세,상해없음,화물,남,40세,경상
2014052800100265,2014년 5월 28일 12시,수요일,광주광역시 서구 농성동,경상사고,0,0,1,0,차대차 - 기타,안전운전불이행,건조,맑음,단일로 - 기타,승용,남,49세,상해없음,승용,여,39세,경상
2014052800100266,2014년 5월 28일 12시,수요일,광주광역시 서구 농성동,경상사고,0,0,1,0,차대사람 - 횡단중,신호위반,건조,맑음,단일로 - 기타,승합,남,43세,상해없음,보행자,여,58세,경상
2014052800100267,2014년 5월 28일 12시,수요일,광주광역시 광산구 도산동,경상사고,0,0,2,0,차대차 - 측면직각충돌,안전운전불이행,건조,맑음,교차로 - 교차로부근,승용,남,58세,상해없음,승용,남,67세,상해없음
2014052800100295,2014년 5월 28일 13시,수요일,광주광역시 광산구 월계동,경상사고,0,0,1,0,차대차 - 측면직각충돌,교차로운행방법위반,건조,맑음,단일로 - 기타,이륜,남,18세,경상,승용,여,32세,상해없음
2014052800100398,2014년 5월 28일 16시,수요일,광주광역시 서구 매월동,경상사고,0,0,1,0,차대차 - 측면직각충돌,안전거리미확보,건조,맑음,교차로 - 교차로부근,승용,여,55세,상해없음,승용,남,26세,경상
2014052800100399,2014년 5월 28일 16시,수요일,광주광역시 북구 중흥동,경상사고,0,0,3,0,차대차 - 추돌 - 주정차중,안전거리미확보,건조,맑음,단일로 - 기타,승용,남,41세,상해없음,승용,남,30세,경상
2014052800100490,2014년 5월 28일 18시,수요일,광주광역시 서구 마륵동,경상사고,0,0,1,0,차대사람 - 보도통행중,기타,건조,맑음,단일로 - 기타,승용,여,57세,기타불명,보행자,남,36세,경상
2014052800100491,2014년 5월 28일 18시,수요일,광주광역시 광산구 수완동,경상사고,0,0,1,0,차대사람 - 길가장자리구역통행중,안전운전불이행,건조,맑음,단일로 - 기타,승용,남,31세,기타불명,보행자,남,20세,경상
2014052800100569,2014년 5월 28일 20시,수요일,광주광역시 북구 용봉동,경상사고,0,0,1,0,차대차 - 측면직각충돌,신호위반,건조,맑음,교차로 - 교차로안,승용,여,50세,상해없음,승용,남,27세,경상
2014052800100570,2014년 5월 28일 20시,수요일,광주광역시 북구 양산동,경상사고,0,0,1,0,차대차 - 추돌 - 진행중,안전운전불이행,건조,맑음,단일로 - 기타,승용,남,43세,상해없음,승용,남,41세,상해없음
2014052800100571,2014년 5월 28일 20시,수요일,광주광역시 광산구 도산동,경상사고,0,0,1,0,차대사람 - 횡단중,안전운전불이행,건조,맑음,단일로 - 기타,승용,남,39세,상해없음,보행자,남,7세,경상
2014052800100572,2014년 5월 28일 20시,수요일,광주광역시 광산구 옥동,사망사고,1,1,0,0,차대차 - 측면직각충돌,신호위반,건조,맑음,교차로 - 교차로안,승합,남,49세,상해없음,원동기,남,17세,사망
2014052800100573,2014년 5월 28일 20시,수요일,광주광역시 광산구 도산동,경상사고,0,0,1,0,차대차 - 측면직각충돌,신호위반,건조,맑음,교차로 - 교차로안,원동기,남,17세,경상,승용,남,55세,상해없음
2014052800100608,2014년 5월 28일 21시,수요일,광주광역시 광산구 산정동,중상사고,0,1,0,0,차대차 - 측면직각충돌,직진우회전진행방해,건조,맑음,교차로 - 교차로안,승용,여,51세,상해없음,원동기,남,41세,중상
2014052800100644,2014년 5월 28일 22시,수요일,광주광역시 서구 금호동,경상사고,0,0,2,0,차대차 - 측면직각충돌,안전운전불이행,건조,맑음,단일로 - 기타,승용,여,51세,상해없음,승용,여,45세,기타불명
2014052800100645,2014년 5월 28일 22시,수요일,광주광역시 북구 문흥동,경상사고,0,0,1,0,차대차 - 측면직각충돌,신호위반,건조,맑음,교차로 - 교차로안,자전거,남,13세,경상,승용,여,54세,상해없음
2014052800100668,2014년 5월 28일 23시,수요일,광주광역시 서구 화정동,경상사고,0,0,1,0,차대사람 - 기타,안전운전불이행,건조,맑음,단일로 - 기타,승용,남,53세,상해없음,보행자,남,47세,경상
2014052900100019,2014년 5월 29일 00시,목요일,광주광역시 북구 연제동,경상사고,0,0,2,0,차대사람 - 길가장자리구역통행중,안전운전불이행,건조,맑음,단일로 - 기타,승용,남,31세,상해없음,보행자,남,45세,경상
2014052900100020,2014년 5월 29일 00시,목요일,광주광역시 광산구 산정동,중상사고,0,1,0,0,차대차 - 추돌 - 주정차중,안전운전불이행,건조,맑음,단일로 - 기타,자전거,남,34세,중상,승용,남,55세,기타불명
2014052900100067,2014년 5월 29일 04시,목요일,광주광역시 북구 양산동,경상사고,0,0,1,0,차대차 - 측면직각충돌,신호위반,건조,맑음,교차로 - 교차로안,승용,남,80세,상해없음,승용,남,23세,경상
2014052900100068,2014년 5월 29일 04시,목요일,광주광역시 북구 일곡동,경상사고,0,0,3,0,차대차 - 기타,교차로운행방법위반,건조,맑음,교차로 - 교차로안,승용,남,44세,경상,승용,남,48세,경상
2014052900100078,2014년 5월 29일 05시,목요일,광주광역시 동구 학동,중상사고,0,1,0,0,차대차 - 측면직각충돌,신호위반,건조,맑음,교차로 - 교차로안,승용,남,48세,상해없음,승용,여,71세,중상
2014052900100079,2014년 5월 29일 05시,목요일,광주광역시 광산구 수완동,경상사고,0,0,2,0,차대차 - 측면직각충돌,신호위반,건조,맑음,교차로 - 교차로안,승용,여,32세,경상,승용,남,43세,경상
2014052900100119,2014년 5월 29일 07시,목요일,광주광역시 남구 진월동,경상사고,0,0,1,0,차대사람 - 횡단중,안전운전불이행,건조,맑음,단일로 - 기타,승용,남,41세,상해없음,보행자,남,13세,경상
2014052900100120,2014년 5월 29일 07시,목요일,광주광역시 광산구 운남동,경상사고,0,0,2,0,차대차 - 추돌 - 진행중,차로위반,건조,맑음,교차로 - 교차로안,화물,기타불명,기타불명,기타불명,승용,여,44세,경상
2014052900100160,2014년 5월 29일 08시,목요일,광주광역시 동구 계림동,경상사고,0,0,1,0,차대차 - 추돌 - 주정차중,안전운전불이행,건조,맑음,단일로 - 기타,승용,남,65세,상해없음,승용,남,28세,경상
2014052900100161,2014년 5월 29일 08시,목요일,광주광역시 서구 치평동,경상사고,0,0,1,0,차대차 - 기타,신호위반,건조,맑음,교차로 - 교차로안,승용,여,36세,상해없음,승용,여,51세,경상
2014052900100162,2014년 5월 29일 08시,목요일,광주광역시 북구 용봉동,경상사고,0,0,1,0,차대사람 - 횡단중,안전운전불이행,건조,맑음,교차로 - 교차로부근,승용,여,44세,상해없음,보행자,여,22세,경상
2014052900100163,2014년 5월 29일 08시,목요일,광주광역시 광산구 월곡동,경상사고,0,0,1,0,차대차 - 추돌 - 주정차중,안전운전불이행,건조,맑음,단일로 - 기타,승용,남,32세,기타불명,승용,남,30세,경상
2014052900100191,2014년 5월 29일 09시,목요일,광주광역시 서구 화정동,중상사고,0,1,0,0,차대차 - 측면직각충돌,불법유턴,건조,맑음,단일로 - 기타,건설기계,남,46세,상해없음,이륜,남,32세,중상
2014052900100248,2014년 5월 29일 11시,목요일,광주광역시 서구 치평동,경상사고,0,0,1,0,차대차 - 기타,안전운전불이행,건조,맑음,교차로 - 교차로부근,승용,여,18세,상해없음,승합,남,42세,상해없음
2014052900100249,2014년 5월 29일 11시,목요일,광주광역시 남구 진월동,경상사고,0,0,1,0,차대차 - 측면직각충돌,안전운전불이행,건조,맑음,단일로 - 기타,승용,남,27세,상해없음,원동기,남,30세,경상
2014052900100356,2014년 5월 29일 14시,목요일,광주광역시 서구 농성동,경상사고,0,0,1,0,차대차 - 기타,안전운전불이행,건조,맑음,단일로 - 기타,승용,여,43세,기타불명,원동기,남,36세,경상
2014052900100389,2014년 5월 29일 15시,목요일,광주광역시 광산구 송정동,경상사고,0,0,1,0,차대차 - 측면직각충돌,교차로운행방법위반,건조,맑음,교차로 - 교차로안,승용,남,54세,상해없음,이륜,남,32세,경상
2014052900100390,2014년 5월 29일 15시,목요일,광주광역시 광산구 산월동,경상사고,0,0,1,0,차대차 - 추돌 - 주정차중,안전운전불이행,건조,맑음,단일로 - 횡단보도부근,승용,기타불명,기타불명,기타불명,자전거,남,13세,경상
2014052900100434,2014년 5월 29일 16시,목요일,광주광역시 서구 치평동,경상사고,0,0,1,0,차대차 - 기타,안전운전불이행,건조,맑음,교차로 - 교차로안,승용,여,24세,상해없음,승용,남,45세,경상
2014052900100435,2014년 5월 29일 16시,목요일,광주광역시 동구 계림동,경상사고,0,0,1,0,차대사람 - 보도통행중,보행자보호의무위반,건조,맑음,단일로 - 횡단보도상,화물,남,36세,상해없음,보행자,남,70세,경상
2014052900100436,2014년 5월 29일 16시,목요일,광주광역시 광산구 운남동,중상사고,0,1,0,0,차대사람 - 차도통행중,안전운전불이행,건조,맑음,단일로 - 기타,승용,여,56세,상해없음,보행자,남,6세,중상
2014052900100517,2014년 5월 29일 18시,목요일,광주광역시 북구 각화동,경상사고,0,0,3,0,차대차 - 추돌 - 주정차중,안전거리미확보,건조,맑음,단일로 - 기타,승합,남,68세,상해없음,승용,여,42세,경상
2014052900100547,2014년 5월 29일 19시,목요일,광주광역시 동구 학동,경상사고,0,0,1,0,차대사람 - 기타,안전운전불이행,건조,맑음,단일로 - 기타,승용,여,35세,상해없음,보행자,남,19세,경상
2014052900100548,2014년 5월 29일 19시,목요일,광주광역시 서구 금호동,경상사고,0,0,1,0,차대차 - 측면직각충돌,안전거리미확보,건조,맑음,단일로 - 기타,승합,남,48세,상해없음,승용,여,23세,경상
2014052900100549,2014년 5월 29일 19시,목요일,광주광역시 북구 운암동,경상사고,0,0,2,0,차대차 - 측면직각충돌,안전운전불이행,건조,맑음,교차로 - 교차로부근,승용,남,24세,상해없음,승용,남,39세,경상
2014052900100581,2014년 5월 29일 20시,목요일,광주광역시 남구 구동,중상사고,0,1,0,0,차대사람 - 횡단중,보행자보호의무위반,건조,맑음,단일로 - 횡단보도상,승용,남,66세,상해없음,보행자,남,62세,중상
2014052900100583,2014년 5월 29일 20시,목요일,광주광역시 광산구 산정동,중상사고,0,1,0,0,차대차 - 측면직각충돌,안전운전불이행,건조,맑음,단일로 - 기타,승용,남,37세,상해없음,이륜,남,24세,중상
2014052900100584,2014년 5월 29일 20시,목요일,광주광역시 광산구 신창동,중상사고,0,1,0,0,차대사람 - 횡단중,안전운전불이행,건조,맑음,단일로 - 교량,이륜,남,30세,상해없음,보행자,여,47세,중상
2014052900100613,2014년 5월 29일 21시,목요일,광주광역시 서구 농성동,경상사고,0,0,1,0,차대차 - 기타,안전운전불이행,건조,맑음,교차로 - 교차로부근,승용,남,55세,상해없음,승용,여,41세,경상
2014052900100614,2014년 5월 29일 21시,목요일,광주광역시 북구 우산동,경상사고,0,0,3,0,차대차 - 기타,안전운전불이행,건조,맑음,단일로 - 기타,승용,남,63세,상해없음,승용,남,53세,경상
2014052900100629,2014년 5월 29일 22시,목요일,광주광역시 북구 두암동,경상사고,0,0,1,0,차대차 - 측면직각충돌,교차로운행방법위반,건조,맑음,교차로 - 교차로부근,승용,남,51세,상해없음,자전거,남,17세,경상
2014052900100630,2014년 5월 29일 22시,목요일,광주광역시 북구 연제동,경상사고,0,0,1,1,차대차 - 추돌 - 주정차중,안전거리미확보,건조,맑음,단일로 - 기타,승용,여,26세,부상신고,승용,남,61세,경상
2014052900100663,2014년 5월 29일 23시,목요일,광주광역시 북구 오치동,경상사고,0,0,1,0,차대사람 - 길가장자리구역통행중,안전운전불이행,건조,맑음,교차로 - 교차로안,화물,남,50세,상해없음,보행자,남,43세,경상
2014053000100019,2014년 5월 30일 00시,금요일,광주광역시 서구 치평동,경상사고,0,0,1,0,차대차 - 기타,안전운전불이행,건조,맑음,교차로 - 교차로부근,승용,남,70세,기타불명,승용,남,31세,기타불명
2014053000100044,2014년 5월 30일 02시,금요일,광주광역시 동구 광산동,경상사고,0,0,1,0,차대사람 - 길가장자리구역통행중,안전운전불이행,건조,맑음,단일로 - 기타,승용,남,36세,상해없음,보행자,남,54세,경상
2014053000100050,2014년 5월 30일 03시,금요일,광주광역시 동구 남동,부상신고사고,0,0,0,1,차대차 - 추돌 - 주정차중,중앙선침범,건조,맑음,단일로 - 기타,승용,남,28세,상해없음,승용,남,36세,기타불명
2014053000100070,2014년 5월 30일 05시,금요일,광주광역시 광산구 산정동,경상사고,0,0,1,0,차대차 - 기타,안전운전불이행,건조,맑음,교차로 - 교차로부근,승용,남,57세,상해없음,자전거,여,55세,경상
2014053000100084,2014년 5월 30일 06시,금요일,광주광역시 서구 금호동,경상사고,0,0,1,0,차대사람 - 기타,신호위반,건조,맑음,단일로 - 횡단보도상,화물,남,37세,상해없음,보행자,여,49세,경상
2014053000100120,2014년 5월 30일 07시,금요일,광주광역시 북구 용봉동,경상사고,0,0,1,0,차대차 - 기타,신호위반,건조,맑음,교차로 - 교차로안,승용,남,47세,상해없음,승용,남,30세,경상
2014053000100200,2014년 5월 30일 09시,금요일,광주광역시 서구 양동,경상사고,0,0,1,0,차대차 - 측면직각충돌,안전운전불이행,건조,맑음,교차로 - 교차로부근,자전거,남,73세,경상,승용,남,58세,상해없음
2014053000100293,2014년 5월 30일 12시,금요일,광주광역시 광산구 우산동,경상사고,0,0,3,1,차대차 - 측면직각충돌,교차로운행방법위반,건조,맑음,교차로 - 교차로안,승합,남,32세,부상신고,승용,남,53세,경상
2014053000100360,2014년 5월 30일 14시,금요일,광주광역시 북구 동림동,경상사고,0,0,1,0,차대사람 - 횡단중,안전운전불이행,건조,맑음,단일로 - 기타,승용,여,36세,상해없음,보행자,여,76세,경상
2014053000100404,2014년 5월 30일 15시,금요일,광주광역시 서구 풍암동,경상사고,0,0,1,0,차대사람 - 기타,안전운전불이행,건조,맑음,단일로 - 기타,승용,여,34세,상해없음,보행자,남,7세,경상
2014053000100405,2014년 5월 30일 15시,금요일,광주광역시 서구 금호동,경상사고,0,0,1,0,차대차 - 측면직각충돌,안전거리미확보,건조,맑음,교차로 - 교차로부근,화물,남,47세,상해없음,승용,남,36세,경상
2014053000100466,2014년 5월 30일 16시,금요일,광주광역시 남구 백운동,경상사고,0,0,1,0,차대사람 - 횡단중,보행자보호의무위반,건조,맑음,단일로 - 기타,승용,남,55세,상해없음,보행자,남,8세,경상
2014053000100521,2014년 5월 30일 17시,금요일,광주광역시 북구 일곡동,경상사고,0,0,1,0,차대사람 - 횡단중,보행자보호의무위반,건조,맑음,단일로 - 횡단보도상,승용,남,33세,상해없음,보행자,남,8세,경상
2014053000100564,2014년 5월 30일 18시,금요일,광주광역시 동구 선교동,경상사고,0,0,1,0,차대차 - 추돌 - 진행중,안전거리미확보,건조,흐림,단일로 - 기타,승용,남,49세,상해없음,승용,남,28세,경상
2014053000100565,2014년 5월 30일 18시,금요일,광주광역시 서구 풍암동,경상사고,0,0,1,0,차대차 - 기타,안전운전불이행,건조,맑음,교차로 - 교차로부근,승용,남,50세,상해없음,자전거,남,56세,경상
2014053000100566,2014년 5월 30일 18시,금요일,광주광역시 남구 진월동,경상사고,0,0,1,0,차대차 - 기타,안전운전불이행,건조,맑음,단일로 - 기타,승용,남,58세,상해없음,승합,남,49세,경상
2014053000100567,2014년 5월 30일 18시,금요일,광주광역시 북구 용봉동,경상사고,0,0,1,0,차대차 - 추돌 - 진행중,기타,건조,맑음,단일로 - 기타,승용,남,62세,상해없음,자전거,여,30세,경상
2014053000100568,2014년 5월 30일 18시,금요일,광주광역시 북구 신안동,경상사고,0,0,1,0,차대사람 - 기타,안전운전불이행,건조,기타,기타 - 기타,승용,남,62세,상해없음,보행자,여,6세,경상
2014053000100599,2014년 5월 30일 19시,금요일,광주광역시 서구 매월동,경상사고,0,0,4,0,차대차 - 추돌 - 진행중,안전운전불이행,건조,맑음,단일로 - 기타,화물,남,35세,경상,화물,남,56세,상해없음
2014053000100637,2014년 5월 30일 20시,금요일,광주광역시 서구 농성동,경상사고,0,0,1,0,차대차 - 추돌 - 주정차중,불법유턴,건조,맑음,교차로 - 교차로안,승용,여,44세,상해없음,원동기,남,32세,경상
2014053000100638,2014년 5월 30일 20시,금요일,광주광역시 북구 일곡동,경상사고,0,0,1,0,차대차 - 기타,안전거리미확보,건조,맑음,단일로 - 기타,기타불명,기타불명,기타불명,기타불명,이륜,남,20세,상해없음
2014053000100671,2014년 5월 30일 21시,금요일,광주광역시 광산구 월곡동,중상사고,0,1,0,0,차대사람 - 횡단중,신호위반,건조,맑음,단일로 - 기타,승용,여,35세,상해없음,보행자,여,56세,중상
2014053000100745,2014년 5월 30일 23시,금요일,광주광역시 북구 삼각동,경상사고,0,0,2,0,차대차 - 추돌 - 진행중,안전거리미확보,건조,맑음,단일로 - 기타,승용,남,46세,상해없음,승용,남,56세,경상
2014053000100746,2014년 5월 30일 23시,금요일,광주광역시 광산구 도산동,중상사고,0,1,0,0,차대사람 - 기타,안전운전불이행,건조,맑음,단일로 - 횡단보도부근,승용,남,73세,상해없음,보행자,남,62세,중상
2014053100100035,2014년 5월 31일 00시,토요일,광주광역시 남구 송하동,경상사고,0,0,1,0,차대사람 - 기타,안전운전불이행,건조,맑음,기타 - 기타,승용,남,45세,상해없음,보행자,남,31세,경상
2014053100100059,2014년 5월 31일 01시,토요일,광주광역시 서구 풍암동,경상사고,0,0,1,0,차대차 - 추돌 - 주정차중,안전거리미확보,건조,맑음,교차로 - 교차로부근,승용,남,32세,상해없음,승용,남,33세,경상
2014053100100089,2014년 5월 31일 03시,토요일,광주광역시 광산구 쌍암동,경상사고,0,0,1,0,차대차 - 측면직각충돌,교차로운행방법위반,건조,맑음,교차로 - 교차로안,승용,여,20세,상해없음,승용,남,56세,상해없음
2014053100100103,2014년 5월 31일 04시,토요일,광주광역시 북구 임동,경상사고,0,0,4,0,차대차 - 측면직각충돌,교차로운행방법위반,건조,맑음,교차로 - 교차로안,승용,남,61세,경상,승합,남,36세,상해없음
2014053100100104,2014년 5월 31일 04시,토요일,광주광역시 북구 임동,경상사고,0,0,1,0,차대차 - 측면직각충돌,안전운전불이행,건조,맑음,교차로 - 교차로부근,승용,남,26세,상해없음,승용,남,28세,상해없음
2014053100100118,2014년 5월 31일 05시,토요일,광주광역시 북구 효령동,경상사고,0,0,1,0,차대차 - 측면직각충돌,안전운전불이행,건조,맑음,교차로 - 교차로안,화물,남,73세,상해없음,이륜,남,61세,경상
2014053100100145,2014년 5월 31일 06시,토요일,광주광역시 광산구 소촌동,중상사고,0,1,0,0,차대차 - 측면직각충돌,교차로운행방법위반,건조,맑음,교차로 - 교차로안,승용,남,28세,상해없음,이륜,남,15세,중상
2014053100100202,2014년 5월 31일 08시,토요일,광주광역시 서구 양동,경상사고,0,0,1,0,차대차 - 기타,안전운전불이행,건조,맑음,단일로 - 기타,화물,남,50세,상해없음,원동기,남,19세,경상
2014053100100227,2014년 5월 31일 09시,토요일,광주광역시 광산구 신가동,경상사고,0,0,1,0,차대차 - 측면직각충돌,교차로운행방법위반,건조,맑음,교차로 - 교차로안,승용,여,34세,상해없음,원동기,남,76세,경상
2014053100100228,2014년 5월 31일 09시,토요일,광주광역시 광산구 비아동,경상사고,0,0,1,0,차대차 - 측면직각충돌,교차로운행방법위반,건조,맑음,교차로 - 교차로안,승용,여,59세,상해없음,승용,남,41세,경상
2014053100100265,2014년 5월 31일 10시,토요일,광주광역시 남구 백운동,경상사고,0,0,1,0,차대차 - 기타,안전운전불이행,건조,맑음,교차로 - 교차로부근,승용,남,70세,상해없음,승용,여,44세,경상
2014053100100317,2014년 5월 31일 11시,토요일,광주광역시 남구 진월동,중상사고,0,1,0,0,차대차 - 기타,안전거리미확보,건조,맑음,기타 - 기타,승용,여,46세,상해없음,승용,여,33세,중상
2014053100100395,2014년 5월 31일 13시,토요일,광주광역시 동구 황금동,중상사고,0,1,0,0,차대사람 - 차도통행중,안전운전불이행,건조,맑음,단일로 - 기타,승용,여,27세,상해없음,보행자,여,21세,중상
2014053100100396,2014년 5월 31일 13시,토요일,광주광역시 남구 월산동,경상사고,0,0,1,0,차대사람 - 횡단중,안전운전불이행,건조,맑음,단일로 - 횡단보도부근,화물,남,53세,상해없음,보행자,남,6세,경상
2014053100100441,2014년 5월 31일 14시,토요일,광주광역시 남구 송하동,중상사고,0,1,1,0,차대차 - 추돌 - 주정차중,차로위반,건조,맑음,단일로 - 기타,승용,남,68세,상해없음,특수,남,42세,중상
2014053100100442,2014년 5월 31일 14시,토요일,광주광역시 광산구 도천동,경상사고,0,0,1,0,차대사람 - 차도통행중,안전운전불이행,건조,맑음,교차로 - 교차로부근,화물,남,34세,상해없음,보행자,여,35세,경상
2014053100100489,2014년 5월 31일 15시,토요일,광주광역시 서구 서창동,중상사고,0,1,0,0,차대차 - 측면직각충돌,안전운전불이행,건조,맑음,단일로 - 기타,자전거,남,58세,중상,자전거,남,65세,상해없음
2014053100100568,2014년 5월 31일 17시,토요일,광주광역시 서구 쌍촌동,경상사고,0,0,1,0,차대사람 - 횡단중,보행자보호의무위반,건조,맑음,교차로 - 교차로안,이륜,남,58세,상해없음,보행자,여,19세,경상
2014053100100569,2014년 5월 31일 17시,토요일,광주광역시 남구 주월동,경상사고,0,0,4,0,차대차 - 기타,안전거리미확보,건조,맑음,단일로 - 기타,승용,남,52세,상해없음,승용,남,57세,경상
2014053100100620,2014년 5월 31일 18시,토요일,광주광역시 서구 농성동,경상사고,0,0,1,0,차대차 - 기타,안전운전불이행,건조,맑음,단일로 - 기타,화물,남,48세,상해없음,자전거,남,71세,경상
2014053100100621,2014년 5월 31일 18시,토요일,광주광역시 광산구 도산동,경상사고,0,0,1,0,차대차 - 추돌 - 주정차중,안전운전불이행,건조,맑음,교차로 - 교차로부근,승용,남,30세,상해없음,승용,남,64세,경상
2014053100100661,2014년 5월 31일 19시,토요일,광주광역시 북구 우산동,경상사고,0,0,4,0,차대차 - 측면직각충돌,직진우회전진행방해,건조,맑음,교차로 - 교차로안,승용,남,32세,상해없음,승용,남,43세,경상
2014053100100662,2014년 5월 31일 19시,토요일,광주광역시 북구 신안동,경상사고,0,0,1,0,차대차 - 측면직각충돌,교차로운행방법위반,건조,맑음,교차로 - 교차로안,화물,남,60세,상해없음,승용,남,32세,경상
2014053100100663,2014년 5월 31일 19시,토요일,광주광역시 광산구 우산동,경상사고,0,0,1,0,차대차 - 추돌 - 진행중,직진우회전진행방해,건조,맑음,교차로 - 교차로안,승용,남,48세,상해없음,승용,여,44세,경상
2014053100100716,2014년 5월 31일 20시,토요일,광주광역시 북구 연제동,경상사고,0,0,5,0,차대차 - 추돌 - 진행중,안전운전불이행,건조,맑음,단일로 - 기타,승합,남,67세,상해없음,승용,여,46세,경상
2014053100100788,2014년 5월 31일 22시,토요일,광주광역시 서구 풍암동,경상사고,0,0,1,0,차대사람 - 횡단중,보행자보호의무위반,건조,흐림,단일로 - 기타,이륜,남,18세,상해없음,보행자,여,18세,경상
2014053100100789,2014년 5월 31일 22시,토요일,광주광역시 북구 우산동,경상사고,0,0,1,0,차대사람 - 횡단중,보행자보호의무위반,건조,맑음,교차로 - 교차로안,승용,남,54세,상해없음,보행자,남,19세,경상
2014053100100790,2014년 5월 31일 22시,토요일,광주광역시 광산구 신가동,경상사고,0,0,1,0,차대차 - 추돌 - 진행중,안전운전불이행,건조,맑음,교차로 - 교차로부근,이륜,남,16세,상해없음,승용,남,29세,상해없음
2014053100100822,2014년 5월 31일 23시,토요일,광주광역시 서구 화정동,경상사고,0,0,1,0,차대차 - 기타,기타,건조,맑음,단일로 - 기타,승용,남,58세,상해없음,이륜,남,49세,경상
2014060100100064,2014년 6월 1일 03시,일요일,광주광역시 북구 중흥동,경상사고,0,0,2,0,차대차 - 측면직각충돌,신호위반,건조,맑음,교차로 - 교차로안,승용,남,24세,상해없음,승용,남,53세,경상
2014060100100173,2014년 6월 1일 10시,일요일,광주광역시 광산구 송정동,경상사고,0,0,3,0,차대차 - 측면직각충돌,직진우회전진행방해,건조,맑음,교차로 - 교차로안,승합,남,55세,경상,승용,남,49세,경상
2014060100100342,2014년 6월 1일 16시,일요일,광주광역시 서구 광천동,중상사고,0,1,0,0,차대차 - 측면직각충돌,안전운전불이행,건조,맑음,교차로 - 교차로안,승용,남,23세,상해없음,이륜,남,62세,중상
2014060100100343,2014년 6월 1일 16시,일요일,광주광역시 남구 진월동,경상사고,0,0,5,0,차대차 - 측면직각충돌,신호위반,건조,맑음,단일로 - 기타,승용,남,40세,상해없음,승용,남,56세,경상
2014060100100344,2014년 6월 1일 16시,일요일,광주광역시 남구 방림동,경상사고,0,0,1,0,차대차 - 측면직각충돌,안전운전불이행,건조,맑음,기타 - 기타,이륜,남,38세,경상,화물,남,39세,상해없음
2014060100100345,2014년 6월 1일 16시,일요일,광주광역시 북구 매곡동,중상사고,0,1,0,0,차대차 - 측면직각충돌,신호위반,건조,맑음,단일로 - 기타,승용,여,40세,상해없음,원동기,남,24세,중상
2014060100100365,2014년 6월 1일 17시,일요일,광주광역시 광산구 도산동,경상사고,0,0,1,0,차대차 - 측면직각충돌,교차로운행방법위반,건조,맑음,교차로 - 교차로안,이륜,남,16세,경상,승용,여,53세,상해없음
2014060100100388,2014년 6월 1일 18시,일요일,광주광역시 동구 학동,경상사고,0,0,1,0,차대차 - 측면직각충돌,교차로운행방법위반,건조,맑음,교차로 - 교차로안,승용,남,67세,상해없음,승용,남,46세,경상
2014060100100389,2014년 6월 1일 18시,일요일,광주광역시 북구 운암동,경상사고,0,0,1,0,차대차 - 측면직각충돌,안전운전불이행,건조,맑음,단일로 - 기타,자전거,남,48세,경상,승용,여,52세,상해없음
2014060100100390,2014년 6월 1일 18시,일요일,광주광역시 광산구 소촌동,경상사고,0,0,1,0,차대사람 - 횡단중,보행자보호의무위반,건조,맑음,단일로 - 횡단보도상,승용,남,59세,상해없음,보행자,남,32세,경상
2014060100100416,2014년 6월 1일 19시,일요일,광주광역시 남구 월산동,경상사고,0,0,1,0,차대사람 - 횡단중,보행자보호의무위반,건조,맑음,단일로 - 횡단보도상,원동기,남,59세,상해없음,보행자,여,54세,경상