사고번호,사고일시,요일,시군구,사고내용,사망자수,중상자수,경상자수,부상신고자수,사고유형,법규위반,노면상태,기상상태,도로형태,가해운전자 차종,가해운전자 성별,가해운전자 연령,가해운전자 상해정도,피해운전자 차종,피해운전자 성별,피해운전자 연령,피해운전자 상해정도
2014060700100661,2014년 6월 7일 23시,토요일,광주광역시 서구 풍암동,중상사고,0,1,0,0,차대사람 - 차도통행중,안전운전불이행,건조,맑음,단일로 - 기타,승용,남,45세,상해없음,보행자,남,43세,중상
2014060700100662,2014년 6월 7일 23시,토요일,광주광역시 광산구 월곡동,경상사고,0,0,1,0,차대차 - 측면직각충돌,안전운전불이행,건조,맑음,단일로 - 기타,승용,남,40세,상해없음,승용,남,47세,경상
2014060800100017,2014년 6월 8일 00시,일요일,광주광역시 북구 임동,경상사고,0,0,5,0,차대차 - 기타,직진우회전진행방해,건조,맑음,교차로 - 교차로안,승용,남,30세,상해없음,승용,남,60세,경상
2014060800100125,2014년 6월 8일 09시,일요일,광주광역시 남구 진월동,경상사고,0,0,5,0,차대차 - 측면직각충돌,안전운전불이행,건조,맑음,단일로 - 기타,승용,남,75세,경상,승용,남,50세,경상
2014060800100148,2014년 6월 8일 10시,일요일,광주광역시 서구 쌍촌동,경상사고,0,0,1,0,차대차 - 측면직각충돌,안전운전불이행,건조,맑음,교차로 - 교차로부근,화물,남,63세,상해없음,승용,남,64세,경상
2014060800100149,2014년 6월 8일 10시,일요일,광주광역시 북구 신안동,경상사고,0,0,1,0,차대차 - 측면직각충돌,안전운전불이행,건조,맑음,단일로 - 기타,승용,여,51세,상해없음,자전거,남,28세,경상
2014060800100188,2014년 6월 8일 12시,일요일,광주광역시 북구 장등동,경상사고,0,0,1,0,차대차 - 추돌 - 진행중,차로위반,건조,맑음,단일로 - 기타,승용,남,76세,상해없음,승용,여,41세,경상
2014060800100224,2014년 6월 8일 13시,일요일,광주광역시 광산구 신가동,부상신고사고,0,0,0,1,차대차 - 기타,안전운전불이행,건조,맑음,단일로 - 기타,승용,남,53세,상해없음,자전거,남,6세,부상신고
2014060800100297,2014년 6월 8일 16시,일요일,광주광역시 서구 광천동,경상사고,0,0,2,0,차대차 - 추돌 - 주정차중,안전거리미확보,건조,맑음,교차로 - 교차로부근,승용,여,46세,상해없음,승용,남,43세,경상
2014060800100338,2014년 6월 8일 17시,일요일,광주광역시 남구 백운동,중상사고,0,1,0,0,차대사람 - 기타,신호위반,건조,맑음,단일로 - 기타,이륜,남,17세,상해없음,보행자,여,25세,중상
2014060800100339,2014년 6월 8일 17시,일요일,광주광역시 광산구 신창동,부상신고사고,0,0,0,1,차대차 - 추돌 - 진행중,안전거리미확보,건조,맑음,교차로 - 교차로부근,승용,남,29세,상해없음,건설기계,남,57세,상해없음
2014060800100389,2014년 6월 8일 19시,일요일,광주광역시 서구 치평동,경상사고,0,0,1,0,차대차 - 추돌 - 주정차중,안전운전불이행,건조,맑음,교차로 - 교차로부근,승용,남,57세,상해없음,승용,남,26세,상해없음
2014060800100415,2014년 6월 8일 20시,일요일,광주광역시 서구 덕흥동,경상사고,0,0,2,0,차대차 - 측면직각충돌,안전거리미확보,건조,맑음,단일로 - 기타,화물,여,56세,경상,화물,남,40세,경상
2014060800100458,2014년 6월 8일 22시,일요일,광주광역시 서구 화정동,경상사고,0,0,1,0,차대차 - 기타,교차로운행방법위반,건조,맑음,교차로 - 교차로안,승용,남,61세,상해없음,이륜,남,18세,경상
2014060800100459,2014년 6월 8일 22시,일요일,광주광역시 서구 마륵동,경상사고,0,0,5,0,차대차 - 측면직각충돌,신호위반,건조,맑음,교차로 - 교차로안,승용,남,27세,경상,승합,남,54세,상해없음
2014060800100470,2014년 6월 8일 23시,일요일,광주광역시 남구 방림동,경상사고,0,0,1,0,차대사람 - 횡단중,보행자보호의무위반,건조,맑음,단일로 - 횡단보도상,승용,남,33세,상해없음,보행자,남,30세,경상
2014060900100018,2014년 6월 9일 01시,월요일,광주광역시 동구 계림동,경상사고,0,0,1,0,차대차 - 추돌 - 주정차중,안전운전불이행,건조,맑음,교차로 - 교차로부근,승용,남,58세,상해없음,승용,남,43세,경상
2014060900100019,2014년 6월 9일 01시,월요일,광주광역시 북구 두암동,경상사고,0,0,1,0,차대차 - 측면직각충돌,교차로운행방법위반,건조,맑음,교차로 - 교차로안,화물,남,26세,상해없음,승용,남,49세,경상
2014060900100042,2014년 6월 9일 05시,월요일,광주광역시 동구 학동,중상사고,0,1,0,0,차대사람 - 횡단중,안전운전불이행,건조,맑음,교차로 - 교차로부근,승용,남,47세,상해없음,보행자,여,33세,중상
2014060900100089,2014년 6월 9일 07시,월요일,광주광역시 북구 두암동,중상사고,0,1,0,0,차대사람 - 길가장자리구역통행중,안전운전불이행,건조,맑음,단일로 - 기타,승용,남,27세,상해없음,보행자,여,61세,중상
2014060900100118,2014년 6월 9일 08시,월요일,광주광역시 서구 내방동,경상사고,0,0,1,0,차대사람 - 횡단중,안전운전불이행,건조,맑음,교차로 - 교차로안,승용,남,63세,상해없음,보행자,남,28세,경상
2014060900100119,2014년 6월 9일 08시,월요일,광주광역시 북구 오치동,중상사고,0,1,0,0,차대사람 - 횡단중,안전운전불이행,건조,맑음,단일로 - 기타,승용,남,57세,상해없음,보행자,여,65세,중상
2014060900100151,2014년 6월 9일 09시,월요일,광주광역시 남구 진월동,경상사고,0,0,4,0,차대차 - 추돌 - 진행중,불법유턴,건조,맑음,단일로 - 기타,승용,여,42세,상해없음,승용,남,33세,경상
2014060900100178,2014년 6월 9일 10시,월요일,광주광역시 남구 방림동,중상사고,0,1,0,0,차대차 - 측면직각충돌,교차로운행방법위반,건조,맑음,교차로 - 교차로안,승용,여,31세,상해없음,이륜,남,75세,중상
2014060900100208,2014년 6월 9일 11시,월요일,광주광역시 광산구 산정동,중상사고,0,1,0,0,차대사람 - 보도통행중,신호위반,건조,맑음,교차로 - 교차로안,화물,남,60세,상해없음,보행자,남,44세,중상
2014060900100225,2014년 6월 9일 12시,월요일,광주광역시 동구 불로동,경상사고,0,0,1,0,차대사람 - 기타,안전운전불이행,건조,맑음,단일로 - 기타,승용,남,75세,상해없음,보행자,남,29세,경상
2014060900100226,2014년 6월 9일 12시,월요일,광주광역시 광산구 안청동,중상사고,0,1,0,0,차대차 - 측면직각충돌,교차로운행방법위반,건조,맑음,교차로 - 교차로안,이륜,남,60세,중상,화물,남,34세,상해없음
2014060900100328,2014년 6월 9일 15시,월요일,광주광역시 북구 풍향동,경상사고,0,0,1,0,차대차 - 추돌 - 진행중,안전운전불이행,건조,맑음,단일로 - 기타,승용,남,19세,상해없음,승용,남,52세,상해없음
2014060900100329,2014년 6월 9일 15시,월요일,광주광역시 광산구 소촌동,경상사고,0,0,1,0,차대사람 - 횡단중,보행자보호의무위반,건조,맑음,단일로 - 기타,승용,여,33세,상해없음,보행자,여,12세,경상
2014060900100372,2014년 6월 9일 16시,월요일,광주광역시 동구 지산동,중상사고,0,1,0,0,차대사람 - 기타,안전운전불이행,건조,맑음,단일로 - 기타,화물,남,64세,상해없음,보행자,남,7세,중상
2014060900100373,2014년 6월 9일 16시,월요일,광주광역시 광산구 복룡동,경상사고,0,0,4,0,차대차 - 추돌 - 진행중,안전운전불이행,건조,맑음,교차로 - 교차로부근,승용,남,50세,상해없음,승용,남,29세,경상
2014060900100425,2014년 6월 9일 17시,월요일,광주광역시 동구 소태동,부상신고사고,0,0,0,1,차대사람 - 횡단중,신호위반,건조,기타,단일로 - 기타,기타불명,기타불명,기타불명,기타불명,보행자,여,16세,부상신고
2014060900100474,2014년 6월 9일 18시,월요일,광주광역시 남구 월산동,부상신고사고,0,0,0,1,차대차 - 기타,안전운전불이행,건조,맑음,단일로 - 횡단보도상,자전거,남,11세,부상신고,화물,남,50세,기타불명
2014060900100475,2014년 6월 9일 18시,월요일,광주광역시 광산구 월계동,경상사고,0,0,1,0,차대사람 - 기타,안전운전불이행,건조,맑음,교차로 - 교차로안,승용,남,62세,기타불명,보행자,남,48세,경상
2014060900100476,2014년 6월 9일 18시,월요일,광주광역시 광산구 흑석동,경상사고,0,0,1,0,차대차 - 기타,안전운전불이행,건조,맑음,교차로 - 교차로부근,승용,여,57세,상해없음,자전거,남,37세,경상
2014060900100537,2014년 6월 9일 20시,월요일,광주광역시 남구 백운동,경상사고,0,0,1,0,차대차 - 측면직각충돌,안전운전불이행,건조,맑음,교차로 - 교차로안,승용,남,43세,상해없음,승용,여,43세,경상
2014060900100538,2014년 6월 9일 20시,월요일,광주광역시 북구 신안동,경상사고,0,0,1,0,차대차 - 측면직각충돌,중앙선침범,건조,맑음,단일로 - 기타,승용,남,65세,상해없음,원동기,남,30세,경상
2014060900100575,2014년 6월 9일 21시,월요일,광주광역시 남구 승촌동,중상사고,0,1,0,0,차대차 - 추돌 - 주정차중,안전운전불이행,건조,맑음,기타 - 기타,자전거,남,35세,중상,승용,남,43세,상해없음
2014060900100576,2014년 6월 9일 21시,월요일,광주광역시 북구 삼각동,경상사고,0,0,1,0,차대차 - 추돌 - 주정차중,안전운전불이행,건조,맑음,교차로 - 교차로안,승용,남,52세,상해없음,승용,여,31세,경상
2014060900100577,2014년 6월 9일 21시,월요일,광주광역시 광산구 송정동,경상사고,0,0,1,0,차대차 - 측면직각충돌,차로위반,건조,맑음,교차로 - 교차로부근,승용,남,49세,상해없음,이륜,남,20세,경상
2014060900100603,2014년 6월 9일 22시,월요일,광주광역시 광산구 신창동,경상사고,0,0,1,0,차대사람 - 횡단중,보행자보호의무위반,건조,맑음,단일로 - 횡단보도상,승용,남,37세,상해없음,보행자,여,30세,경상
2014060900100604,2014년 6월 9일 22시,월요일,광주광역시 광산구 산월동,경상사고,0,0,1,0,차대사람 - 기타,안전운전불이행,건조,맑음,기타 - 기타,기타불명,기타불명,기타불명,기타불명,보행자,남,18세,경상
2014061000100015,2014년 6월 10일 00시,화요일,광주광역시 서구 치평동,중상사고,0,1,6,0,차대차 - 측면직각충돌,안전운전불이행,건조,맑음,교차로 - 교차로안,승용,남,24세,경상,승용,남,30세,경상
2014061000100064,2014년 6월 10일 05시,화요일,광주광역시 동구 계림동,경상사고,0,0,1,0,차대차 - 측면직각충돌,교차로운행방법위반,건조,맑음,교차로 - 교차로안,승용,남,41세,상해없음,승용,여,58세,경상
2014061000100092,2014년 6월 10일 07시,화요일,광주광역시 동구 학동,경상사고,0,0,1,0,차대사람 - 기타,안전운전불이행,건조,맑음,기타 - 기타,승용,여,48세,상해없음,보행자,여,72세,경상
2014061000100135,2014년 6월 10일 08시,화요일,광주광역시 북구 삼각동,경상사고,0,0,1,0,차대차 - 측면직각충돌,신호위반,건조,맑음,교차로 - 교차로부근,승용,남,32세,상해없음,승용,여,55세,경상
2014061000100161,2014년 6월 10일 09시,화요일,광주광역시 서구 농성동,경상사고,0,0,2,0,차대차 - 측면직각충돌,차로위반,건조,맑음,단일로 - 기타,승용,남,27세,상해없음,승용,남,55세,경상
2014061000100162,2014년 6월 10일 09시,화요일,광주광역시 북구 두암동,경상사고,0,0,1,0,차대차 - 측면직각충돌,중앙선침범,건조,맑음,단일로 - 기타,승용,남,51세,상해없음,원동기,남,44세,경상
2014061000100192,2014년 6월 10일 10시,화요일,광주광역시 북구 본촌동,경상사고,0,0,1,0,차대차 - 추돌 - 진행중,교차로운행방법위반,건조,맑음,교차로 - 교차로안,승용,남,55세,상해없음,자전거,남,12세,경상
2014061000100216,2014년 6월 10일 11시,화요일,광주광역시 북구 각화동,경상사고,0,0,1,0,차대차 - 측면직각충돌,교차로운행방법위반,건조,맑음,교차로 - 교차로안,건설기계,남,33세,상해없음,승용,여,48세,경상
2014061000100252,2014년 6월 10일 12시,화요일,광주광역시 동구 대인동,경상사고,0,0,1,0,차대사람 - 길가장자리구역통행중,안전운전불이행,건조,맑음,단일로 - 기타,승용,여,70세,상해없음,보행자,여,68세,경상
2014061000100281,2014년 6월 10일 13시,화요일,광주광역시 광산구 수완동,경상사고,0,0,1,0,차대차 - 추돌 - 주정차중,안전거리미확보,건조,맑음,단일로 - 기타,승용,남,56세,상해없음,승용,남,28세,경상
2014061000100311,2014년 6월 10일 14시,화요일,광주광역시 서구 치평동,경상사고,0,0,1,0,차대차 - 기타,안전운전불이행,건조,맑음,단일로 - 기타,승용,남,55세,상해없음,승용,여,31세,경상
2014061000100312,2014년 6월 10일 14시,화요일,광주광역시 북구 각화동,경상사고,0,0,1,0,차대사람 - 기타,안전운전불이행,건조,맑음,교차로 - 교차로부근,화물,남,55세,상해없음,보행자,여,58세,경상
2014061000100313,2014년 6월 10일 14시,화요일,광주광역시 광산구 수완동,경상사고,0,0,1,0,차대차 - 측면직각충돌,기타,건조,맑음,단일로 - 기타,승용,여,33세,상해없음,승용,남,52세,경상
2014061000100375,2014년 6월 10일 16시,화요일,광주광역시 동구 학동,경상사고,0,0,1,0,차대사람 - 길가장자리구역통행중,안전운전불이행,건조,맑음,단일로 - 기타,승용,여,56세,상해없음,보행자,여,59세,경상
2014061000100376,2014년 6월 10일 16시,화요일,광주광역시 동구 산수동,경상사고,0,0,1,0,차대차 - 기타,안전운전불이행,건조,맑음,단일로 - 기타,승용,여,57세,상해없음,승용,여,43세,경상
2014061000100377,2014년 6월 10일 16시,화요일,광주광역시 서구 쌍촌동,경상사고,0,0,2,0,차대차 - 추돌 - 주정차중,안전거리미확보,건조,맑음,단일로 - 기타,승용,남,43세,상해없음,승용,여,45세,경상
2014061000100466,2014년 6월 10일 18시,화요일,광주광역시 서구 쌍촌동,경상사고,0,0,1,0,차대차 - 추돌 - 진행중,안전거리미확보,건조,맑음,단일로 - 기타,승용,남,42세,상해없음,승용,남,37세,경상
2014061000100498,2014년 6월 10일 19시,화요일,광주광역시 서구 치평동,경상사고,0,0,1,0,차대사람 - 횡단중,안전운전불이행,건조,맑음,단일로 - 기타,승용,남,33세,상해없음,보행자,여,11세,경상
2014061000100499,2014년 6월 10일 19시,화요일,광주광역시 남구 백운동,경상사고,0,0,1,0,차대차 - 측면직각충돌,교차로운행방법위반,건조,맑음,단일로 - 기타,승용,여,40세,기타불명,자전거,남,21세,경상
2014061000100538,2014년 6월 10일 20시,화요일,광주광역시 북구 동림동,중상사고,0,1,0,1,차대사람 - 차도통행중,안전운전불이행,건조,맑음,단일로 - 기타,자전거,남,21세,부상신고,보행자,남,52세,중상
2014061000100586,2014년 6월 10일 21시,화요일,광주광역시 광산구 쌍암동,경상사고,0,0,3,0,차대차 - 측면직각충돌,신호위반,건조,맑음,교차로 - 교차로안,승용,여,24세,경상,승용,남,35세,경상
2014061000100587,2014년 6월 10일 21시,화요일,광주광역시 광산구 신가동,경상사고,0,0,2,0,차대차 - 추돌 - 진행중,안전운전불이행,건조,맑음,교차로 - 교차로안,화물,남,45세,경상,승용,여,53세,경상
2014061000100588,2014년 6월 10일 21시,화요일,광주광역시 광산구 우산동,경상사고,0,0,2,0,차대차 - 측면직각충돌,안전운전불이행,건조,맑음,교차로 - 교차로안,승용,여,36세,상해없음,승용,남,39세,경상
2014061000100636,2014년 6월 10일 22시,화요일,광주광역시 북구 각화동,경상사고,0,0,2,0,차대차 - 추돌 - 진행중,안전운전불이행,건조,맑음,교차로 - 교차로안,승용,남,36세,상해없음,승용,남,32세,경상
2014061000100637,2014년 6월 10일 22시,화요일,광주광역시 광산구 신창동,경상사고,0,0,5,0,차대차 - 측면직각충돌,신호위반,건조,맑음,교차로 - 교차로안,승용,남,24세,상해없음,화물,남,51세,경상
2014061000100670,2014년 6월 10일 23시,화요일,광주광역시 서구 쌍촌동,경상사고,0,0,1,0,차대사람 - 보도통행중,안전운전불이행,건조,흐림,단일로 - 기타,승용,남,38세,상해없음,보행자,남,38세,경상
2014061000100671,2014년 6월 10일 23시,화요일,광주광역시 광산구 산정동,경상사고,0,0,1,0,차대사람 - 기타,안전운전불이행,건조,맑음,단일로 - 기타,승용,남,50세,상해없음,보행자,남,52세,경상
2014061000100672,2014년 6월 10일 23시,화요일,광주광역시 광산구 지평동,경상사고,0,0,2,0,차대차 - 측면직각충돌,안전거리미확보,건조,맑음,단일로 - 기타,승용,남,34세,상해없음,승용,남,36세,경상
2014061100100019,2014년 6월 11일 00시,수요일,광주광역시 북구 삼각동,경상사고,0,0,3,0,차대차 - 측면직각충돌,안전거리미확보,건조,맑음,단일로 - 기타,승용,남,42세,상해없음,승용,남,37세,상해없음
2014061100100068,2014년 6월 11일 03시,수요일,광주광역시 북구 신안동,경상사고,0,0,1,0,차대차 - 측면직각충돌,차로위반,건조,맑음,단일로 - 기타,이륜,남,17세,경상,이륜,남,16세,상해없음
2014061100100091,2014년 6월 11일 05시,수요일,광주광역시 동구 금동,경상사고,0,0,1,0,차대사람 - 기타,안전운전불이행,건조,맑음,단일로 - 기타,승용,남,51세,상해없음,보행자,남,19세,경상
2014061100100136,2014년 6월 11일 07시,수요일,광주광역시 남구 양림동,경상사고,0,0,3,0,차대차 - 기타,직진우회전진행방해,건조,맑음,교차로 - 교차로안,승용,여,50세,상해없음,승용,여,57세,경상
2014061100100137,2014년 6월 11일 07시,수요일,광주광역시 북구 각화동,경상사고,0,0,1,0,차대차 - 측면직각충돌,안전거리미확보,건조,맑음,단일로 - 기타,자전거,남,65세,경상,승용,남,53세,상해없음
2014061100100138,2014년 6월 11일 07시,수요일,광주광역시 북구 각화동,경상사고,0,0,1,0,차대차 - 기타,안전운전불이행,건조,맑음,교차로 - 교차로부근,승용,남,58세,상해없음,화물,남,55세,경상
2014061100100277,2014년 6월 11일 12시,수요일,광주광역시 서구 농성동,경상사고,0,0,2,0,차대차 - 기타,안전운전불이행,건조,맑음,교차로 - 교차로부근,이륜,남,16세,경상,화물,남,45세,상해없음
2014061100100278,2014년 6월 11일 12시,수요일,광주광역시 광산구 소촌동,중상사고,0,1,1,0,차대차 - 측면직각충돌,안전거리미확보,건조,맑음,단일로 - 기타,승용,남,37세,중상,승용,남,37세,경상
2014061100100299,2014년 6월 11일 13시,수요일,광주광역시 북구 오룡동,경상사고,0,0,1,0,차대차 - 측면직각충돌,기타,건조,맑음,단일로 - 기타,원동기,남,70세,경상,승용,남,46세,상해없음
2014061100100350,2014년 6월 11일 15시,수요일,광주광역시 남구 방림동,경상사고,0,0,1,0,차대사람 - 기타,안전운전불이행,건조,맑음,단일로 - 기타,승용,남,35세,기타불명,보행자,여,51세,경상
2014061100100395,2014년 6월 11일 16시,수요일,광주광역시 남구 양림동,경상사고,0,0,1,0,차대차 - 측면직각충돌,신호위반,건조,맑음,교차로 - 교차로안,승용,남,33세,상해없음,승용,여,72세,경상
2014061100100396,2014년 6월 11일 16시,수요일,광주광역시 광산구 복룡동,경상사고,0,0,1,0,차대차 - 측면직각충돌,안전운전불이행,건조,맑음,단일로 - 기타,승용,남,56세,상해없음,승합,남,46세,경상
2014061100100463,2014년 6월 11일 18시,수요일,광주광역시 서구 마륵동,경상사고,0,0,1,0,차대차 - 측면직각충돌,안전운전불이행,건조,맑음,단일로 - 기타,승용,여,27세,경상,승용,남,52세,상해없음
2014061100100464,2014년 6월 11일 18시,수요일,광주광역시 서구 금호동,부상신고사고,0,0,0,1,차대차 - 측면직각충돌,안전운전불이행,건조,맑음,단일로 - 기타,승용,기타불명,기타불명,기타불명,자전거,남,16세,부상신고
2014061100100465,2014년 6월 11일 18시,수요일,광주광역시 남구 월산동,경상사고,0,0,1,0,차대사람 - 횡단중,안전운전불이행,건조,맑음,단일로 - 기타,승용,남,48세,상해없음,보행자,남,55세,경상
2014061100100495,2014년 6월 11일 19시,수요일,광주광역시 북구 신안동,중상사고,0,1,0,0,차대사람 - 횡단중,안전운전불이행,건조,맑음,단일로 - 기타,승용,남,43세,상해없음,보행자,여,59세,중상
2014061100100496,2014년 6월 11일 19시,수요일,광주광역시 북구 중흥동,경상사고,0,0,1,0,차대차 - 측면직각충돌,안전운전불이행,건조,맑음,단일로 - 기타,승용,남,39세,상해없음,승용,남,29세,경상
2014061100100497,2014년 6월 11일 19시,수요일,광주광역시 북구 풍향동,경상사고,0,0,1,0,차대차 - 추돌 - 주정차중,안전운전불이행,건조,맑음,단일로 - 기타,자전거,남,18세,경상,원동기,기타불명,기타불명,기타불명
2014061100100498,2014년 6월 11일 19시,수요일,광주광역시 광산구 수완동,경상사고,0,0,1,0,차량단독 - 기타,안전운전불이행,건조,맑음,기타 - 기타,자전거,남,10세,경상,,,,
2014061100100532,2014년 6월 11일 20시,수요일,광주광역시 동구 소태동,경상사고,0,0,1,0,차대차 - 기타,과속,건조,맑음,단일로 - 교량,승용,남,28세,경상,승용,여,41세,상해없음
2014061100100533,2014년 6월 11일 20시,수요일,광주광역시 남구 백운동,경상사고,0,0,1,0,차대사람 - 기타,기타,건조,맑음,단일로 - 기타,승용,여,26세,상해없음,보행자,여,31세,경상
2014061100100568,2014년 6월 11일 21시,수요일,광주광역시 서구 치평동,경상사고,0,0,4,0,차대차 - 추돌 - 진행중,안전운전불이행,건조,맑음,단일로 - 기타,승용,남,33세,상해없음,승용,남,58세,경상
2014061100100605,2014년 6월 11일 22시,수요일,광주광역시 남구 백운동,중상사고,0,1,0,0,차대차 - 측면직각충돌,중앙선침범,건조,맑음,단일로 - 기타,자전거,남,76세,중상,승용,남,42세,상해없음
2014061100100606,2014년 6월 11일 22시,수요일,광주광역시 북구 우산동,경상사고,0,0,1,0,차대사람 - 횡단중,신호위반,건조,맑음,단일로 - 횡단보도상,승용,남,29세,상해없음,보행자,여,23세,경상
2014061100100628,2014년 6월 11일 23시,수요일,광주광역시 광산구 월계동,경상사고,0,0,1,0,차대차 - 기타,교차로운행방법위반,건조,맑음,교차로 - 교차로안,승용,남,56세,상해없음,승용,남,58세,상해없음
2014061200100054,2014년 6월 12일 02시,목요일,광주광역시 서구 금호동,경상사고,0,0,3,0,차대사람 - 기타,기타,건조,맑음,교차로 - 교차로부근,승용,남,23세,상해없음,보행자,남,57세,경상
2014061200100067,2014년 6월 12일 04시,목요일,광주광역시 동구 소태동,부상신고사고,0,0,0,1,차량단독 - 전도전복,안전운전불이행,습기,비,단일로 - 기타,승용,남,53세,부상신고,,,,
2014061200100079,2014년 6월 12일 05시,목요일,광주광역시 북구 장등동,경상사고,0,0,1,0,차대차 - 추돌 - 주정차중,안전운전불이행,습기,비,교차로 - 교차로부근,화물,남,34세,상해없음,승용,남,69세,경상
2014061200100107,2014년 6월 12일 07시,목요일,광주광역시 서구 치평동,경상사고,0,0,1,0,차대차 - 추돌 - 진행중,차로위반,습기,흐림,단일로 - 기타,승용,남,64세,상해없음,화물,남,46세,경상
2014061200100137,2014년 6월 12일 08시,목요일,광주광역시 동구 소태동,중상사고,0,2,3,0,차대차 - 추돌 - 진행중,안전거리미확보,건조,맑음,단일로 - 기타,승용,남,59세,상해없음,화물,남,59세,중상
2014061200100138,2014년 6월 12일 08시,목요일,광주광역시 북구 운암동,경상사고,0,0,1,0,차대차 - 기타,안전운전불이행,건조,맑음,단일로 - 기타,승용,남,64세,상해없음,승용,여,48세,경상
2014061200100170,2014년 6월 12일 09시,목요일,광주광역시 서구 금호동,부상신고사고,0,0,0,1,차대차 - 측면직각충돌,교차로운행방법위반,건조,맑음,교차로 - 교차로안,승용,남,56세,상해없음,승용,여,31세,부상신고
2014061200100171,2014년 6월 12일 09시,목요일,광주광역시 광산구 장덕동,경상사고,0,0,1,0,차대사람 - 차도통행중,안전운전불이행,습기,흐림,교차로 - 교차로부근,승용,남,35세,상해없음,보행자,여,40세,경상
2014061200100196,2014년 6월 12일 10시,목요일,광주광역시 서구 내방동,중상사고,0,2,0,0,차대차 - 측면직각충돌,신호위반,습기,비,교차로 - 교차로안,승용,남,54세,상해없음,승용,남,73세,중상
2014061200100232,2014년 6월 12일 11시,목요일,광주광역시 북구 문흥동,경상사고,0,0,1,0,차대차 - 추돌 - 주정차중,안전운전불이행,건조,맑음,단일로 - 기타,승합,남,55세,상해없음,승용,여,44세,경상
2014061200100285,2014년 6월 12일 13시,목요일,광주광역시 북구 동림동,경상사고,0,0,1,0,차대사람 - 횡단중,안전운전불이행,건조,맑음,교차로 - 교차로안,화물,남,55세,상해없음,보행자,여,66세,경상
2014061200100316,2014년 6월 12일 14시,목요일,광주광역시 서구 농성동,경상사고,0,0,1,0,차대차 - 기타,안전운전불이행,습기,흐림,단일로 - 기타,승용,남,26세,상해없음,이륜,남,45세,경상
2014061200100416,2014년 6월 12일 17시,목요일,광주광역시 남구 주월동,중상사고,0,1,1,1,차대차 - 기타,안전거리미확보,건조,맑음,단일로 - 기타,승용,남,34세,상해없음,승용,남,32세,부상신고
2014061200100417,2014년 6월 12일 17시,목요일,광주광역시 광산구 임곡동,경상사고,0,0,3,0,차대차 - 측면직각충돌,직진우회전진행방해,건조,맑음,교차로 - 교차로안,승용,여,21세,경상,승용,남,58세,경상
2014061200100476,2014년 6월 12일 18시,목요일,광주광역시 서구 유촌동,경상사고,0,0,3,0,차대차 - 추돌 - 주정차중,안전거리미확보,건조,맑음,단일로 - 기타,승용,여,31세,상해없음,승용,여,36세,경상
2014061200100509,2014년 6월 12일 19시,목요일,광주광역시 남구 백운동,경상사고,0,0,1,0,차대차 - 추돌 - 주정차중,불법유턴,건조,맑음,단일로 - 기타,승용,남,59세,상해없음,승용,남,28세,경상
2014061200100511,2014년 6월 12일 19시,목요일,광주광역시 광산구 신가동,경상사고,0,0,1,0,차대사람 - 횡단중,안전운전불이행,건조,맑음,단일로 - 기타,승용,여,50세,상해없음,보행자,남,6세,경상
2014061200100545,2014년 6월 12일 20시,목요일,광주광역시 남구 주월동,경상사고,0,0,1,0,차대차 - 측면직각충돌,교차로운행방법위반,건조,맑음,교차로 - 교차로부근,승합,남,51세,상해없음,승용,남,65세,경상
2014061200100572,2014년 6월 12일 21시,목요일,광주광역시 광산구 쌍암동,경상사고,0,0,1,0,차대차 - 측면직각충돌,안전운전불이행,건조,맑음,교차로 - 교차로부근,승용,남,26세,상해없음,이륜,남,50세,경상
2014061200100602,2014년 6월 12일 22시,목요일,광주광역시 광산구 신가동,중상사고,0,1,0,0,차대차 - 측면직각충돌,안전운전불이행,건조,맑음,단일로 - 기타,화물,남,43세,상해없음,이륜,남,23세,중상
2014061200100624,2014년 6월 12일 23시,목요일,광주광역시 서구 쌍촌동,경상사고,0,0,1,0,차대차 - 기타,안전운전불이행,건조,맑음,단일로 - 기타,승용,여,51세,기타불명,승용,여,51세,기타불명
2014061200100625,2014년 6월 12일 23시,목요일,광주광역시 북구 북동,경상사고,0,0,2,0,차대차 - 기타,안전운전불이행,건조,맑음,교차로 - 교차로안,이륜,남,60세,경상,승용,남,23세,상해없음
2014061300100026,2014년 6월 13일 00시,금요일,광주광역시 남구 주월동,경상사고,0,0,2,0,차대차 - 기타,안전거리미확보,건조,맑음,단일로 - 기타,승용,남,41세,상해없음,승용,남,59세,경상
2014061300100027,2014년 6월 13일 00시,금요일,광주광역시 북구 운암동,경상사고,0,0,1,0,차대사람 - 횡단중,보행자보호의무위반,건조,맑음,교차로 - 교차로부근,승용,남,53세,상해없음,보행자,여,58세,경상
2014061300100028,2014년 6월 13일 00시,금요일,광주광역시 광산구 도산동,경상사고,0,0,1,0,차대사람 - 기타,안전운전불이행,건조,맑음,단일로 - 기타,승용,남,57세,상해없음,보행자,남,57세,경상
2014061300100058,2014년 6월 13일 04시,금요일,광주광역시 서구 농성동,경상사고,0,0,1,0,차대차 - 추돌 - 주정차중,안전운전불이행,건조,맑음,단일로 - 기타,승용,여,46세,상해없음,승용,여,22세,기타불명
2014061300100070,2014년 6월 13일 05시,금요일,광주광역시 광산구 삼거동,경상사고,0,0,1,0,차량단독 - 전도전복,안전운전불이행,건조,맑음,단일로 - 기타,승용,여,30세,경상,,,,