사고번호,사고일시,요일,시군구,사고내용,사망자수,중상자수,경상자수,부상신고자수,사고유형,법규위반,노면상태,기상상태,도로형태,가해운전자 차종,가해운전자 성별,가해운전자 연령,가해운전자 상해정도,피해운전자 차종,피해운전자 성별,피해운전자 연령,피해운전자 상해정도
2014061300100087,2014년 6월 13일 06시,금요일,광주광역시 남구 봉선동,부상신고사고,0,0,0,1,차대차 - 측면직각충돌,안전운전불이행,건조,맑음,단일로 - 기타,기타불명,기타불명,기타불명,기타불명,자전거,남,6세,부상신고
2014061300100110,2014년 6월 13일 07시,금요일,광주광역시 남구 백운동,경상사고,0,0,2,0,차대차 - 측면직각충돌,교차로운행방법위반,건조,맑음,교차로 - 교차로안,승용,여,32세,상해없음,원동기,남,78세,경상
2014061300100138,2014년 6월 13일 08시,금요일,광주광역시 북구 임동,경상사고,0,0,2,0,차대차 - 추돌 - 주정차중,안전운전불이행,건조,맑음,단일로 - 기타,승용,남,31세,상해없음,승용,남,49세,경상
2014061300100139,2014년 6월 13일 08시,금요일,광주광역시 광산구 월계동,경상사고,0,0,1,0,차대차 - 측면직각충돌,안전운전불이행,건조,맑음,교차로 - 교차로부근,승용,남,43세,상해없음,자전거,남,13세,경상
2014061300100195,2014년 6월 13일 10시,금요일,광주광역시 북구 운암동,경상사고,0,0,1,0,차대사람 - 횡단중,보행자보호의무위반,건조,맑음,단일로 - 횡단보도상,화물,남,46세,상해없음,보행자,여,26세,경상
2014061300100221,2014년 6월 13일 11시,금요일,광주광역시 서구 농성동,중상사고,0,1,3,0,차대차 - 측면직각충돌,신호위반,건조,맑음,교차로 - 교차로안,승용,남,76세,경상,승용,여,30세,경상
2014061300100222,2014년 6월 13일 11시,금요일,광주광역시 광산구 소촌동,경상사고,0,0,1,0,차대차 - 추돌 - 진행중,안전운전불이행,건조,맑음,단일로 - 횡단보도부근,승용,남,58세,상해없음,승용,남,42세,경상
2014061300100248,2014년 6월 13일 12시,금요일,광주광역시 동구 산수동,중상사고,0,1,0,0,차대차 - 기타,신호위반,건조,맑음,단일로 - 횡단보도상,승용,남,56세,상해없음,이륜,여,46세,중상
2014061300100249,2014년 6월 13일 12시,금요일,광주광역시 북구 두암동,중상사고,0,1,0,0,차대차 - 측면직각충돌,안전거리미확보,건조,맑음,단일로 - 기타,화물,남,54세,상해없음,원동기,남,22세,중상
2014061300100273,2014년 6월 13일 13시,금요일,광주광역시 동구 대의동,경상사고,0,0,1,0,차대사람 - 길가장자리구역통행중,안전운전불이행,건조,맑음,단일로 - 기타,기타불명,기타불명,기타불명,기타불명,보행자,여,51세,경상
2014061300100274,2014년 6월 13일 13시,금요일,광주광역시 동구 학동,경상사고,0,0,2,0,차대사람 - 기타,안전운전불이행,건조,맑음,단일로 - 기타,승합,남,44세,상해없음,보행자,여,39세,경상
2014061300100303,2014년 6월 13일 14시,금요일,광주광역시 동구 계림동,경상사고,0,0,1,0,차대차 - 기타,안전운전불이행,건조,맑음,기타 - 기타,승용,남,49세,상해없음,승용,남,64세,상해없음
2014061300100304,2014년 6월 13일 14시,금요일,광주광역시 남구 봉선동,경상사고,0,0,1,0,차대사람 - 기타,기타,건조,맑음,단일로 - 기타,원동기,기타불명,기타불명,기타불명,보행자,여,9세,경상
2014061300100373,2014년 6월 13일 16시,금요일,광주광역시 북구 풍향동,경상사고,0,0,1,0,차대사람 - 길가장자리구역통행중,안전운전불이행,건조,맑음,단일로 - 기타,기타불명,기타불명,기타불명,기타불명,보행자,여,12세,경상
2014061300100374,2014년 6월 13일 16시,금요일,광주광역시 북구 두암동,경상사고,0,0,1,0,차대차 - 측면직각충돌,안전거리미확보,건조,맑음,단일로 - 기타,화물,기타불명,기타불명,기타불명,승용,여,46세,경상
2014061300100418,2014년 6월 13일 17시,금요일,광주광역시 남구 송하동,경상사고,0,0,1,0,차대차 - 정면충돌,중앙선침범,건조,맑음,단일로 - 기타,승용,남,52세,상해없음,화물,남,54세,경상
2014061300100419,2014년 6월 13일 17시,금요일,광주광역시 북구 임동,중상사고,0,1,0,0,차대사람 - 기타,신호위반,건조,맑음,단일로 - 횡단보도상,건설기계,남,50세,상해없음,보행자,여,16세,중상
2014061300100420,2014년 6월 13일 17시,금요일,광주광역시 광산구 산정동,경상사고,0,0,2,0,차대차 - 추돌 - 주정차중,안전운전불이행,건조,맑음,단일로 - 기타,화물,남,46세,상해없음,승용,남,30세,경상
2014061300100421,2014년 6월 13일 17시,금요일,광주광역시 광산구 우산동,경상사고,0,0,5,0,차대차 - 추돌 - 진행중,안전거리미확보,건조,맑음,단일로 - 기타,승용,남,43세,상해없음,승용,남,58세,경상
2014061300100471,2014년 6월 13일 18시,금요일,광주광역시 서구 유촌동,경상사고,0,0,1,0,차대차 - 측면직각충돌,교차로운행방법위반,건조,맑음,교차로 - 교차로안,화물,남,40세,상해없음,승용,여,33세,경상
2014061300100472,2014년 6월 13일 18시,금요일,광주광역시 서구 화정동,경상사고,0,0,1,0,차대차 - 기타,교차로운행방법위반,건조,맑음,교차로 - 교차로부근,승합,남,47세,상해없음,승용,여,59세,경상
2014061300100473,2014년 6월 13일 18시,금요일,광주광역시 북구 두암동,경상사고,0,0,1,0,차대차 - 기타,안전운전불이행,건조,맑음,단일로 - 기타,승용,여,38세,상해없음,이륜,남,53세,경상
2014061300100537,2014년 6월 13일 20시,금요일,광주광역시 광산구 수완동,부상신고사고,0,0,0,1,차대차 - 기타,불법유턴,건조,맑음,교차로 - 교차로부근,기타불명,기타불명,기타불명,기타불명,자전거,여,14세,부상신고
2014061300100605,2014년 6월 13일 22시,금요일,광주광역시 남구 주월동,경상사고,0,0,1,0,차대차 - 측면직각충돌,안전운전불이행,건조,맑음,교차로 - 교차로부근,승용,여,41세,상해없음,승용,여,34세,경상
2014061300100606,2014년 6월 13일 22시,금요일,광주광역시 광산구 비아동,경상사고,0,0,1,0,차대사람 - 기타,안전운전불이행,건조,맑음,단일로 - 기타,승용,여,42세,상해없음,보행자,여,33세,경상
2014061400100053,2014년 6월 14일 01시,토요일,광주광역시 서구 쌍촌동,경상사고,0,0,1,0,차대사람 - 기타,안전운전불이행,건조,맑음,단일로 - 기타,승용,여,27세,상해없음,보행자,여,24세,경상
2014061400100054,2014년 6월 14일 01시,토요일,광주광역시 북구 중흥동,경상사고,0,0,1,0,차대차 - 측면직각충돌,신호위반,건조,맑음,교차로 - 교차로안,승용,남,38세,상해없음,승용,남,53세,경상
2014061400100078,2014년 6월 14일 02시,토요일,광주광역시 북구 용봉동,경상사고,0,0,1,0,차대사람 - 길가장자리구역통행중,안전운전불이행,건조,맑음,단일로 - 기타,승용,남,21세,상해없음,보행자,여,26세,경상
2014061400100100,2014년 6월 14일 03시,토요일,광주광역시 광산구 수완동,경상사고,0,0,1,0,차대차 - 기타,안전운전불이행,건조,맑음,단일로 - 기타,승용,남,36세,상해없음,승용,남,33세,경상
2014061400100122,2014년 6월 14일 05시,토요일,광주광역시 광산구 신창동,경상사고,0,0,1,0,차대차 - 추돌 - 주정차중,안전운전불이행,건조,맑음,단일로 - 기타,승용,남,33세,상해없음,승용,남,36세,경상
2014061400100135,2014년 6월 14일 06시,토요일,광주광역시 광산구 월곡동,경상사고,0,0,2,0,차대차 - 측면직각충돌,중앙선침범,건조,맑음,단일로 - 기타,승용,남,28세,상해없음,승용,남,32세,경상
2014061400100171,2014년 6월 14일 08시,토요일,광주광역시 광산구 우산동,중상사고,0,1,0,0,차대사람 - 기타,기타,건조,맑음,단일로 - 기타,승합,남,53세,상해없음,보행자,여,75세,중상
2014061400100196,2014년 6월 14일 09시,토요일,광주광역시 서구 화정동,경상사고,0,0,4,0,차대차 - 추돌 - 주정차중,안전운전불이행,건조,맑음,단일로 - 기타,화물,남,28세,상해없음,승용,남,32세,경상
2014061400100197,2014년 6월 14일 09시,토요일,광주광역시 남구 주월동,중상사고,0,2,0,0,차대사람 - 횡단중,불법유턴,건조,맑음,단일로 - 기타,승용,남,58세,상해없음,보행자,남,77세,중상
2014061400100198,2014년 6월 14일 09시,토요일,광주광역시 남구 진월동,부상신고사고,0,0,0,1,차대차 - 측면직각충돌,교차로운행방법위반,건조,맑음,교차로 - 교차로안,승용,남,36세,상해없음,원동기,남,62세,부상신고
2014061400100235,2014년 6월 14일 10시,토요일,광주광역시 북구 동림동,경상사고,0,0,2,0,차대차 - 측면직각충돌,교차로운행방법위반,건조,맑음,교차로 - 교차로안,승용,남,42세,경상,승용,여,42세,경상
2014061400100236,2014년 6월 14일 10시,토요일,광주광역시 광산구 용곡동,사망사고,1,0,0,0,차대차 - 기타,안전운전불이행,건조,맑음,단일로 - 기타,화물,남,49세,상해없음,이륜,남,73세,사망
2014061400100318,2014년 6월 14일 12시,토요일,광주광역시 서구 치평동,경상사고,0,0,1,0,차대차 - 추돌 - 진행중,안전거리미확보,건조,맑음,단일로 - 기타,화물,남,37세,상해없음,승용,남,33세,경상
2014061400100351,2014년 6월 14일 13시,토요일,광주광역시 북구 임동,경상사고,0,0,1,0,차대차 - 기타,안전운전불이행,건조,맑음,단일로 - 기타,승용,여,27세,기타불명,승용,남,21세,상해없음
2014061400100352,2014년 6월 14일 13시,토요일,광주광역시 광산구 장덕동,경상사고,0,0,1,0,차량단독 - 기타,안전운전불이행,건조,맑음,단일로 - 기타,승합,남,28세,상해없음,,,,
2014061400100398,2014년 6월 14일 14시,토요일,광주광역시 서구 치평동,경상사고,0,0,1,0,차대차 - 측면직각충돌,안전거리미확보,건조,맑음,교차로 - 교차로안,승용,남,60세,상해없음,승용,남,24세,경상
2014061400100399,2014년 6월 14일 14시,토요일,광주광역시 북구 동림동,경상사고,0,0,2,0,차대차 - 추돌 - 주정차중,안전운전불이행,건조,맑음,단일로 - 기타,승용,남,34세,상해없음,승용,남,43세,경상
2014061400100446,2014년 6월 14일 15시,토요일,광주광역시 서구 광천동,경상사고,0,0,2,0,차대차 - 측면직각충돌,안전거리미확보,건조,맑음,단일로 - 기타,승용,남,44세,상해없음,승용,남,27세,경상
2014061400100483,2014년 6월 14일 16시,토요일,광주광역시 남구 방림동,중상사고,0,1,0,0,차대차 - 측면직각충돌,안전운전불이행,건조,맑음,교차로 - 교차로부근,승용,여,31세,상해없음,자전거,여,23세,중상
2014061400100568,2014년 6월 14일 18시,토요일,광주광역시 북구 용두동,중상사고,0,1,0,0,차대사람 - 횡단중,신호위반,건조,맑음,단일로 - 횡단보도상,승용,남,44세,상해없음,보행자,남,45세,중상
2014061400100569,2014년 6월 14일 18시,토요일,광주광역시 광산구 도천동,경상사고,0,0,1,0,차대사람 - 횡단중,안전운전불이행,건조,맑음,단일로 - 기타,이륜,남,50세,상해없음,보행자,남,20세,경상
2014061400100609,2014년 6월 14일 19시,토요일,광주광역시 서구 쌍촌동,중상사고,0,1,4,0,차대차 - 측면직각충돌,신호위반,건조,맑음,단일로 - 횡단보도상,승용,남,63세,상해없음,이륜,남,30세,경상
2014061400100610,2014년 6월 14일 19시,토요일,광주광역시 북구 각화동,경상사고,0,0,1,0,차대사람 - 기타,안전운전불이행,건조,맑음,단일로 - 기타,승용,남,31세,상해없음,보행자,여,53세,경상
2014061400100641,2014년 6월 14일 20시,토요일,광주광역시 서구 금호동,경상사고,0,0,2,0,차대차 - 기타,차로위반,건조,맑음,단일로 - 기타,승용,남,25세,상해없음,승용,여,68세,상해없음
2014061400100675,2014년 6월 14일 21시,토요일,광주광역시 북구 풍향동,중상사고,0,1,1,0,차대차 - 기타,안전운전불이행,건조,흐림,단일로 - 기타,원동기,남,42세,중상,승합,남,37세,경상
2014061400100676,2014년 6월 14일 21시,토요일,광주광역시 서구 금호동,중상사고,0,1,0,0,차대사람 - 기타,안전운전불이행,건조,맑음,단일로 - 기타,승용,남,60세,상해없음,보행자,여,61세,중상
2014061400100677,2014년 6월 14일 21시,토요일,광주광역시 북구 두암동,경상사고,0,0,1,0,차대사람 - 횡단중,안전운전불이행,건조,맑음,단일로 - 기타,원동기,남,17세,상해없음,보행자,여,5세,경상
2014061400100678,2014년 6월 14일 21시,토요일,광주광역시 광산구 신창동,경상사고,0,0,1,0,차대차 - 기타,불법유턴,건조,맑음,단일로 - 기타,화물,남,51세,상해없음,이륜,남,19세,경상
2014061400100713,2014년 6월 14일 22시,토요일,광주광역시 서구 풍암동,경상사고,0,0,1,0,차대차 - 측면직각충돌,신호위반,건조,맑음,교차로 - 교차로안,승용,여,44세,상해없음,승용,여,41세,경상
2014061400100714,2014년 6월 14일 22시,토요일,광주광역시 북구 동림동,경상사고,0,0,1,1,차대사람 - 기타,안전운전불이행,건조,맑음,단일로 - 기타,이륜,남,50세,부상신고,보행자,남,48세,경상
2014061400100742,2014년 6월 14일 23시,토요일,광주광역시 서구 세하동,중상사고,0,1,1,0,차대차 - 정면충돌,안전운전불이행,건조,맑음,단일로 - 기타,승용,남,47세,상해없음,자전거,남,16세,중상
2014061500100031,2014년 6월 15일 00시,일요일,광주광역시 서구 유촌동,경상사고,0,0,4,0,차대차 - 추돌 - 주정차중,안전거리미확보,건조,맑음,교차로 - 교차로부근,승용,남,68세,상해없음,승용,남,22세,경상
2014061500100032,2014년 6월 15일 00시,일요일,광주광역시 서구 쌍촌동,경상사고,0,0,2,0,차대차 - 측면직각충돌,신호위반,건조,맑음,교차로 - 교차로안,이륜,남,37세,경상,승용,남,62세,경상
2014061500100054,2014년 6월 15일 02시,일요일,광주광역시 북구 용봉동,경상사고,0,0,2,0,차대차 - 측면직각충돌,신호위반,건조,맑음,교차로 - 교차로안,승용,남,23세,상해없음,승용,남,47세,경상
2014061500100070,2014년 6월 15일 03시,일요일,광주광역시 광산구 송정동,경상사고,0,0,1,0,차대차 - 정면충돌,안전운전불이행,건조,맑음,단일로 - 기타,기타불명,기타불명,기타불명,기타불명,자전거,여,73세,경상
2014061500100096,2014년 6월 15일 05시,일요일,광주광역시 동구 불로동,경상사고,0,0,1,0,차대차 - 기타,안전운전불이행,건조,맑음,단일로 - 기타,승용,남,22세,상해없음,승용,여,55세,경상
2014061500100144,2014년 6월 15일 09시,일요일,광주광역시 광산구 월곡동,사망사고,1,0,0,0,차대사람 - 횡단중,신호위반,건조,맑음,교차로 - 교차로부근,화물,남,49세,상해없음,보행자,여,7세,사망
2014061500100168,2014년 6월 15일 10시,일요일,광주광역시 서구 금호동,경상사고,0,0,4,0,차대차 - 정면충돌,신호위반,건조,맑음,교차로 - 교차로안,승용,여,22세,경상,승용,남,33세,경상
2014061500100169,2014년 6월 15일 10시,일요일,광주광역시 광산구 산월동,경상사고,0,0,2,0,차대차 - 정면충돌,중앙선침범,건조,맑음,단일로 - 기타,승용,남,31세,상해없음,이륜,남,80세,경상
2014061500100245,2014년 6월 15일 13시,일요일,광주광역시 광산구 송정동,부상신고사고,0,0,0,1,차대차 - 측면직각충돌,안전운전불이행,건조,맑음,교차로 - 교차로안,승용,기타불명,기타불명,기타불명,자전거,여,44세,부상신고
2014061500100246,2014년 6월 15일 13시,일요일,광주광역시 광산구 도천동,중상사고,0,1,0,0,차대사람 - 횡단중,보행자보호의무위반,건조,맑음,교차로 - 교차로안,승용,남,40세,상해없음,보행자,여,16세,중상
2014061500100282,2014년 6월 15일 14시,일요일,광주광역시 북구 장등동,경상사고,0,0,3,0,차대차 - 측면직각충돌,안전운전불이행,건조,맑음,단일로 - 기타,승용,남,65세,상해없음,승용,여,42세,경상
2014061500100283,2014년 6월 15일 14시,일요일,광주광역시 북구 두암동,경상사고,0,0,1,0,차대사람 - 기타,안전운전불이행,건조,맑음,단일로 - 기타,승용,남,61세,상해없음,보행자,여,14세,경상
2014061500100314,2014년 6월 15일 15시,일요일,광주광역시 서구 화정동,중상사고,0,1,0,0,차대차 - 측면직각충돌,안전운전불이행,건조,맑음,교차로 - 교차로안,원동기,남,16세,중상,승용,남,54세,상해없음
2014061500100315,2014년 6월 15일 15시,일요일,광주광역시 남구 주월동,경상사고,0,0,7,1,차대차 - 추돌 - 주정차중,안전운전불이행,건조,맑음,단일로 - 기타,승용,남,51세,상해없음,승용,여,26세,경상
2014061500100316,2014년 6월 15일 15시,일요일,광주광역시 북구 풍향동,경상사고,0,0,1,0,차대차 - 정면충돌,신호위반,건조,맑음,교차로 - 교차로안,승용,남,56세,상해없음,이륜,남,16세,경상
2014061500100344,2014년 6월 15일 16시,일요일,광주광역시 서구 매월동,경상사고,0,0,3,0,차대차 - 측면직각충돌,안전운전불이행,건조,맑음,단일로 - 기타,승용,여,31세,상해없음,승용,여,35세,경상
2014061500100380,2014년 6월 15일 17시,일요일,광주광역시 서구 광천동,경상사고,0,0,2,0,차대차 - 추돌 - 주정차중,안전운전불이행,건조,맑음,교차로 - 교차로부근,승용,남,55세,상해없음,승용,남,56세,경상
2014061500100381,2014년 6월 15일 17시,일요일,광주광역시 북구 용봉동,경상사고,0,0,1,0,차대차 - 측면직각충돌,교차로운행방법위반,건조,맑음,교차로 - 교차로안,승용,남,56세,상해없음,원동기,남,18세,경상
2014061500100415,2014년 6월 15일 18시,일요일,광주광역시 남구 진월동,경상사고,0,0,1,0,차대차 - 기타,안전거리미확보,건조,맑음,단일로 - 기타,승용,여,45세,상해없음,원동기,남,21세,경상
2014061500100439,2014년 6월 15일 19시,일요일,광주광역시 북구 운암동,부상신고사고,0,0,0,1,차대차 - 추돌 - 진행중,안전거리미확보,건조,맑음,단일로 - 기타,이륜,남,30세,부상신고,화물,남,23세,상해없음
2014061500100471,2014년 6월 15일 20시,일요일,광주광역시 서구 풍암동,경상사고,0,0,3,0,차대차 - 기타,교차로운행방법위반,건조,맑음,교차로 - 교차로안,승용,남,54세,상해없음,승용,남,40세,경상
2014061500100472,2014년 6월 15일 20시,일요일,광주광역시 서구 농성동,경상사고,0,0,2,0,차대차 - 추돌 - 주정차중,안전거리미확보,건조,맑음,단일로 - 기타,승용,남,52세,상해없음,승용,남,37세,경상
2014061500100473,2014년 6월 15일 20시,일요일,광주광역시 북구 신안동,중상사고,0,1,0,1,차대차 - 기타,안전운전불이행,건조,맑음,교차로 - 교차로부근,승용,남,67세,부상신고,승용,여,28세,중상
2014061500100496,2014년 6월 15일 21시,일요일,광주광역시 광산구 월계동,경상사고,0,0,1,0,차대차 - 측면직각충돌,안전운전불이행,건조,맑음,단일로 - 기타,승용,남,47세,기타불명,자전거,남,37세,경상
2014061600100013,2014년 6월 16일 00시,월요일,광주광역시 서구 농성동,경상사고,0,0,1,0,차대차 - 기타,신호위반,건조,맑음,교차로 - 교차로안,기타불명,기타불명,기타불명,기타불명,승용,남,55세,기타불명
2014061600100027,2014년 6월 16일 01시,월요일,광주광역시 남구 사동,경상사고,0,0,2,0,차대차 - 측면직각충돌,안전운전불이행,건조,맑음,교차로 - 교차로부근,승용,남,27세,상해없음,승용,남,52세,상해없음
2014061600100028,2014년 6월 16일 01시,월요일,광주광역시 북구 운암동,경상사고,0,0,1,0,차량단독 - 공작물충돌,안전운전불이행,건조,맑음,단일로 - 기타,승용,남,20세,경상,,,,
2014061600100034,2014년 6월 16일 03시,월요일,광주광역시 광산구 복룡동,중상사고,0,1,1,0,차대차 - 정면충돌,중앙선침범,건조,맑음,단일로 - 기타,승용,여,51세,상해없음,승용,남,58세,경상
2014061600100045,2014년 6월 16일 05시,월요일,광주광역시 서구 화정동,경상사고,0,0,2,0,차대차 - 측면직각충돌,안전거리미확보,건조,맑음,단일로 - 기타,승용,남,65세,상해없음,승용,남,60세,경상
2014061600100089,2014년 6월 16일 07시,월요일,광주광역시 서구 광천동,경상사고,0,0,1,0,차대차 - 기타,안전운전불이행,건조,맑음,교차로 - 교차로안,승용,남,53세,상해없음,자전거,남,36세,경상
2014061600100090,2014년 6월 16일 07시,월요일,광주광역시 광산구 도천동,부상신고사고,0,0,0,1,차대사람 - 횡단중,안전운전불이행,건조,맑음,단일로 - 기타,기타불명,기타불명,기타불명,기타불명,보행자,여,14세,부상신고
2014061600100124,2014년 6월 16일 08시,월요일,광주광역시 동구 학동,경상사고,0,0,2,0,차대차 - 추돌 - 주정차중,안전운전불이행,건조,맑음,단일로 - 기타,승용,여,21세,상해없음,승용,남,47세,경상
2014061600100161,2014년 6월 16일 09시,월요일,광주광역시 북구 중흥동,중상사고,0,1,0,0,차대차 - 추돌 - 진행중,교차로운행방법위반,건조,맑음,교차로 - 교차로안,화물,남,62세,상해없음,자전거,남,78세,중상
2014061600100162,2014년 6월 16일 09시,월요일,광주광역시 광산구 도산동,경상사고,0,0,2,0,차대차 - 추돌 - 주정차중,중앙선침범,건조,맑음,교차로 - 교차로부근,승용,여,51세,경상,승용,남,66세,상해없음
2014061600100163,2014년 6월 16일 09시,월요일,광주광역시 광산구 신가동,경상사고,0,0,1,0,차대사람 - 횡단중,보행자보호의무위반,건조,맑음,단일로 - 횡단보도상,승용,여,35세,상해없음,보행자,여,20세,경상
2014061600100215,2014년 6월 16일 11시,월요일,광주광역시 광산구 산정동,경상사고,0,0,1,0,차대차 - 측면직각충돌,안전거리미확보,건조,맑음,단일로 - 기타,기타불명,기타불명,기타불명,기타불명,승용,남,52세,경상
2014061600100306,2014년 6월 16일 14시,월요일,광주광역시 북구 두암동,경상사고,0,0,1,0,차대차 - 측면직각충돌,안전운전불이행,건조,맑음,단일로 - 기타,승용,여,51세,상해없음,승용,남,26세,경상
2014061600100345,2014년 6월 16일 15시,월요일,광주광역시 남구 백운동,경상사고,0,0,2,0,차대차 - 추돌 - 진행중,안전운전불이행,건조,맑음,단일로 - 기타,승용,남,57세,상해없음,승용,남,39세,경상
2014061600100376,2014년 6월 16일 16시,월요일,광주광역시 남구 송하동,경상사고,0,0,1,0,차대차 - 추돌 - 진행중,안전거리미확보,건조,맑음,교차로 - 교차로부근,승용,남,48세,상해없음,화물,남,40세,경상
2014061600100377,2014년 6월 16일 16시,월요일,광주광역시 광산구 산월동,경상사고,0,0,1,0,차대사람 - 기타,안전운전불이행,건조,맑음,단일로 - 기타,승용,남,68세,상해없음,보행자,남,77세,경상
2014061600100378,2014년 6월 16일 16시,월요일,광주광역시 광산구 수완동,경상사고,0,0,1,0,차량단독 - 기타,안전운전불이행,건조,맑음,단일로 - 기타,승합,남,59세,기타불명,,,,
2014061600100449,2014년 6월 16일 18시,월요일,광주광역시 광산구 우산동,중상사고,0,1,0,0,차대사람 - 기타,안전운전불이행,건조,맑음,단일로 - 기타,승용,남,47세,상해없음,보행자,남,8세,중상
2014061600100579,2014년 6월 16일 22시,월요일,광주광역시 광산구 산정동,경상사고,0,0,1,0,차대차 - 추돌 - 주정차중,기타,건조,맑음,단일로 - 기타,승용,남,33세,상해없음,원동기,남,47세,경상
2014061600100604,2014년 6월 16일 23시,월요일,광주광역시 북구 운암동,경상사고,0,0,1,0,차대차 - 측면직각충돌,신호위반,건조,맑음,단일로 - 기타,승용,여,55세,상해없음,승용,남,31세,경상
2014061600100605,2014년 6월 16일 23시,월요일,광주광역시 광산구 월곡동,경상사고,0,0,1,0,차대차 - 추돌 - 진행중,안전운전불이행,건조,맑음,단일로 - 기타,이륜,남,16세,경상,승용,남,27세,상해없음
2014061700100040,2014년 6월 17일 02시,화요일,광주광역시 서구 쌍촌동,경상사고,0,0,2,0,차대차 - 측면직각충돌,신호위반,건조,맑음,교차로 - 교차로안,승용,남,34세,상해없음,승용,남,32세,경상
2014061700100044,2014년 6월 17일 03시,화요일,광주광역시 북구 유동,경상사고,0,0,3,0,차대차 - 추돌 - 주정차중,안전운전불이행,건조,맑음,단일로 - 기타,승용,남,35세,상해없음,승용,남,33세,경상
2014061700100075,2014년 6월 17일 06시,화요일,광주광역시 서구 치평동,경상사고,0,0,2,0,차대차 - 기타,안전거리미확보,건조,맑음,단일로 - 기타,승합,남,43세,상해없음,화물,남,60세,경상
2014061700100142,2014년 6월 17일 08시,화요일,광주광역시 서구 치평동,중상사고,0,1,0,0,차대사람 - 기타,안전운전불이행,습기,비,단일로 - 기타,승용,남,35세,상해없음,보행자,남,12세,중상
2014061700100143,2014년 6월 17일 08시,화요일,광주광역시 남구 주월동,경상사고,0,0,1,0,차대차 - 측면직각충돌,교차로운행방법위반,습기,비,교차로 - 교차로안,화물,남,38세,상해없음,승용,여,55세,경상
2014061700100144,2014년 6월 17일 08시,화요일,광주광역시 북구 운암동,경상사고,0,0,2,0,차대차 - 기타,교차로운행방법위반,습기,비,교차로 - 교차로안,승용,남,61세,상해없음,승용,남,66세,경상
2014061700100181,2014년 6월 17일 09시,화요일,광주광역시 광산구 우산동,경상사고,0,0,5,0,차대차 - 추돌 - 주정차중,안전운전불이행,건조,맑음,교차로 - 교차로부근,승용,남,47세,상해없음,승용,남,48세,경상
2014061700100205,2014년 6월 17일 10시,화요일,광주광역시 북구 오룡동,경상사고,0,0,1,0,차대차 - 추돌 - 주정차중,안전운전불이행,습기,비,교차로 - 교차로부근,화물,남,50세,상해없음,승용,여,40세,경상
2014061700100241,2014년 6월 17일 11시,화요일,광주광역시 남구 주월동,경상사고,0,0,1,0,차대차 - 측면직각충돌,교차로운행방법위반,건조,맑음,교차로 - 교차로안,승용,남,37세,상해없음,승용,남,52세,경상
2014061700100270,2014년 6월 17일 12시,화요일,광주광역시 남구 월산동,중상사고,0,1,0,0,차대사람 - 횡단중,안전운전불이행,습기,흐림,단일로 - 기타,건설기계,남,58세,상해없음,보행자,여,20세,중상
2014061700100424,2014년 6월 17일 17시,화요일,광주광역시 서구 유촌동,경상사고,0,0,1,0,차대차 - 기타,안전운전불이행,건조,맑음,단일로 - 횡단보도상,자전거,남,30세,경상,이륜,남,26세,상해없음
2014061700100460,2014년 6월 17일 18시,화요일,광주광역시 서구 풍암동,경상사고,0,0,1,0,차대차 - 기타,안전운전불이행,건조,맑음,단일로 - 기타,승용,남,20세,경상,승용,여,53세,상해없음
2014061700100461,2014년 6월 17일 18시,화요일,광주광역시 남구 진월동,중상사고,0,1,0,0,차대사람 - 기타,안전운전불이행,건조,맑음,단일로 - 기타,기타불명,기타불명,기타불명,기타불명,보행자,남,5세,중상
2014061700100500,2014년 6월 17일 19시,화요일,광주광역시 서구 금호동,경상사고,0,0,1,0,차대사람 - 횡단중,보행자보호의무위반,건조,맑음,단일로 - 기타,승용,여,51세,상해없음,보행자,여,10세,경상
2014061700100535,2014년 6월 17일 20시,화요일,광주광역시 북구 각화동,중상사고,0,1,0,0,차대사람 - 횡단중,안전운전불이행,건조,맑음,교차로 - 교차로부근,승용,기타불명,기타불명,기타불명,보행자,여,37세,중상
2014061700100536,2014년 6월 17일 20시,화요일,광주광역시 광산구 산월동,경상사고,0,0,2,0,차대차 - 추돌 - 진행중,안전운전불이행,건조,맑음,교차로 - 교차로부근,화물,남,43세,상해없음,승용,남,51세,경상
2014061700100596,2014년 6월 17일 22시,화요일,광주광역시 서구 쌍촌동,경상사고,0,0,5,0,차대차 - 측면직각충돌,안전거리미확보,건조,맑음,교차로 - 교차로부근,승용,남,42세,경상,승용,남,28세,경상
2014061700100597,2014년 6월 17일 22시,화요일,광주광역시 북구 중흥동,경상사고,0,0,1,0,차대사람 - 횡단중,중앙선침범,건조,맑음,단일로 - 기타,승용,남,65세,상해없음,보행자,여,19세,경상
2014061800100035,2014년 6월 18일 02시,수요일,광주광역시 광산구 비아동,경상사고,0,0,1,0,차대차 - 추돌 - 진행중,안전운전불이행,건조,맑음,교차로 - 교차로부근,승용,남,49세,상해없음,승용,남,46세,경상
2014061800100076,2014년 6월 18일 06시,수요일,광주광역시 광산구 산월동,경상사고,0,0,1,0,차대차 - 측면직각충돌,안전운전불이행,건조,맑음,단일로 - 기타,자전거,여,14세,경상,승용,남,44세,상해없음
2014061800100104,2014년 6월 18일 07시,수요일,광주광역시 광산구 신가동,경상사고,0,0,1,0,차대차 - 기타,안전운전불이행,건조,맑음,기타 - 기타,승용,남,41세,상해없음,자전거,남,17세,경상
2014061800100140,2014년 6월 18일 08시,수요일,광주광역시 북구 양산동,부상신고사고,0,0,0,2,차대차 - 추돌 - 진행중,안전거리미확보,건조,맑음,단일로 - 기타,승용,여,48세,상해없음,승용,여,31세,부상신고