사고번호,사고일시,요일,시군구,사고내용,사망자수,중상자수,경상자수,부상신고자수,사고유형,법규위반,노면상태,기상상태,도로형태,가해운전자 차종,가해운전자 성별,가해운전자 연령,가해운전자 상해정도,피해운전자 차종,피해운전자 성별,피해운전자 연령,피해운전자 상해정도
2014061800100211,2014년 6월 18일 10시,수요일,광주광역시 동구 대인동,중상사고,0,1,0,0,차대차 - 측면직각충돌,신호위반,건조,맑음,교차로 - 교차로안,자전거,남,77세,중상,화물,남,65세,상해없음
2014061800100240,2014년 6월 18일 11시,수요일,광주광역시 남구 진월동,경상사고,0,0,1,0,차대사람 - 횡단중,안전운전불이행,건조,맑음,단일로 - 기타,승용,남,48세,상해없음,보행자,여,76세,경상
2014061800100274,2014년 6월 18일 12시,수요일,광주광역시 서구 쌍촌동,경상사고,0,0,1,0,차대차 - 기타,신호위반,건조,맑음,교차로 - 교차로안,승용,여,55세,상해없음,이륜,남,30세,경상
2014061800100301,2014년 6월 18일 13시,수요일,광주광역시 북구 동림동,경상사고,0,0,1,0,차대차 - 측면직각충돌,안전운전불이행,건조,맑음,단일로 - 기타,화물,남,34세,상해없음,원동기,남,31세,경상
2014061800100302,2014년 6월 18일 13시,수요일,광주광역시 광산구 산정동,경상사고,0,0,3,0,차대차 - 측면직각충돌,교차로운행방법위반,건조,맑음,교차로 - 교차로안,승용,남,29세,상해없음,승용,여,53세,경상
2014061800100378,2014년 6월 18일 15시,수요일,광주광역시 광산구 운남동,경상사고,0,0,1,0,차대사람 - 횡단중,안전운전불이행,건조,맑음,단일로 - 기타,승합,기타불명,기타불명,기타불명,보행자,남,12세,경상
2014061800100419,2014년 6월 18일 16시,수요일,광주광역시 서구 매월동,중상사고,0,1,1,0,차대차 - 측면직각충돌,안전거리미확보,건조,맑음,단일로 - 기타,승용,여,52세,경상,승용,남,75세,중상
2014061800100505,2014년 6월 18일 18시,수요일,광주광역시 동구 지산동,중상사고,0,2,2,0,차대차 - 정면충돌,교차로운행방법위반,건조,맑음,교차로 - 교차로안,승용,남,58세,중상,승용,남,25세,경상
2014061800100538,2014년 6월 18일 19시,수요일,광주광역시 서구 양동,중상사고,0,1,0,0,차대사람 - 기타,안전운전불이행,건조,맑음,단일로 - 기타,승용,남,70세,상해없음,보행자,남,62세,중상
2014061800100571,2014년 6월 18일 20시,수요일,광주광역시 북구 임동,경상사고,0,0,2,0,차대차 - 측면직각충돌,안전운전불이행,건조,맑음,단일로 - 기타,승용,남,44세,상해없음,승용,남,28세,경상
2014061800100606,2014년 6월 18일 21시,수요일,광주광역시 광산구 도산동,경상사고,0,0,1,0,차량단독 - 기타,안전운전불이행,건조,맑음,단일로 - 기타,승용,남,58세,상해없음,,,,
2014061800100607,2014년 6월 18일 21시,수요일,광주광역시 광산구 수완동,경상사고,0,0,1,0,차대차 - 측면직각충돌,교차로운행방법위반,건조,맑음,교차로 - 교차로안,승합,남,67세,상해없음,승용,남,40세,경상
2014061800100667,2014년 6월 18일 23시,수요일,광주광역시 남구 봉선동,경상사고,0,0,2,0,차대차 - 추돌 - 주정차중,안전운전불이행,건조,맑음,단일로 - 기타,승용,남,53세,상해없음,승용,여,51세,경상
2014061800100668,2014년 6월 18일 23시,수요일,광주광역시 광산구 소촌동,경상사고,0,0,2,0,차대차 - 추돌 - 주정차중,안전운전불이행,건조,맑음,교차로 - 교차로부근,승용,여,44세,상해없음,승용,남,42세,경상
2014061900100021,2014년 6월 19일 00시,목요일,광주광역시 서구 광천동,경상사고,0,0,1,0,차대사람 - 횡단중,안전운전불이행,건조,맑음,단일로 - 횡단보도상,승용,남,33세,상해없음,보행자,남,50세,경상
2014061900100060,2014년 6월 19일 04시,목요일,광주광역시 광산구 도천동,중상사고,0,1,1,0,차대차 - 추돌 - 진행중,안전운전불이행,건조,맑음,단일로 - 기타,승용,남,32세,중상,화물,남,48세,경상
2014061900100111,2014년 6월 19일 07시,목요일,광주광역시 광산구 산정동,경상사고,0,0,1,0,차대사람 - 기타,안전운전불이행,건조,맑음,단일로 - 기타,승용,남,63세,상해없음,보행자,남,30세,경상
2014061900100188,2014년 6월 19일 09시,목요일,광주광역시 서구 양동,중상사고,0,1,0,0,차대차 - 측면직각충돌,교차로운행방법위반,건조,맑음,교차로 - 교차로안,이륜,남,60세,중상,화물,남,37세,상해없음
2014061900100209,2014년 6월 19일 10시,목요일,광주광역시 서구 쌍촌동,중상사고,0,1,0,0,차대차 - 기타,안전거리미확보,건조,맑음,단일로 - 기타,승용,남,42세,상해없음,이륜,남,40세,중상
2014061900100210,2014년 6월 19일 10시,목요일,광주광역시 남구 주월동,경상사고,0,0,2,0,차대차 - 기타,안전운전불이행,건조,맑음,교차로 - 교차로부근,승용,남,65세,상해없음,승용,여,41세,경상
2014061900100243,2014년 6월 19일 11시,목요일,광주광역시 서구 치평동,경상사고,0,0,1,0,차대차 - 측면직각충돌,안전거리미확보,건조,맑음,단일로 - 기타,승용,여,48세,상해없음,승용,여,46세,경상
2014061900100244,2014년 6월 19일 11시,목요일,광주광역시 서구 화정동,경상사고,0,0,1,0,차대차 - 추돌 - 진행중,안전거리미확보,건조,맑음,단일로 - 기타,승용,남,43세,상해없음,승용,남,67세,경상
2014061900100260,2014년 6월 19일 12시,목요일,광주광역시 북구 문흥동,경상사고,0,0,1,0,차대사람 - 길가장자리구역통행중,안전운전불이행,건조,맑음,단일로 - 기타,승용,여,56세,상해없음,보행자,여,52세,경상
2014061900100351,2014년 6월 19일 15시,목요일,광주광역시 남구 주월동,경상사고,0,0,1,0,차대차 - 기타,안전운전불이행,건조,맑음,교차로 - 교차로안,자전거,남,18세,경상,승용,남,28세,상해없음
2014061900100352,2014년 6월 19일 15시,목요일,광주광역시 남구 백운동,경상사고,0,0,1,0,차대차 - 추돌 - 진행중,안전거리미확보,건조,맑음,단일로 - 기타,승용,남,57세,상해없음,승용,여,61세,경상
2014061900100383,2014년 6월 19일 16시,목요일,광주광역시 서구 내방동,경상사고,0,0,2,0,차대차 - 측면직각충돌,불법유턴,건조,맑음,교차로 - 교차로안,승용,남,47세,상해없음,승용,남,52세,경상
2014061900100439,2014년 6월 19일 17시,목요일,광주광역시 서구 광천동,경상사고,0,0,4,0,차대차 - 추돌 - 주정차중,안전운전불이행,건조,맑음,단일로 - 기타,승용,남,59세,상해없음,승용,여,51세,경상
2014061900100479,2014년 6월 19일 18시,목요일,광주광역시 남구 월산동,경상사고,0,0,3,0,차대차 - 기타,교차로운행방법위반,건조,맑음,교차로 - 교차로부근,승용,여,65세,상해없음,승용,여,38세,경상
2014061900100514,2014년 6월 19일 19시,목요일,광주광역시 광산구 산정동,경상사고,0,0,1,0,차대사람 - 기타,안전운전불이행,건조,맑음,단일로 - 기타,승용,남,32세,상해없음,보행자,남,53세,경상
2014061900100562,2014년 6월 19일 20시,목요일,광주광역시 북구 양산동,경상사고,0,0,1,0,차대차 - 측면직각충돌,안전거리미확보,건조,맑음,단일로 - 기타,승용,남,53세,상해없음,원동기,남,19세,경상
2014061900100563,2014년 6월 19일 20시,목요일,광주광역시 광산구 수완동,중상사고,0,1,0,0,차대차 - 측면직각충돌,안전운전불이행,건조,맑음,단일로 - 기타,원동기,남,17세,중상,승용,남,22세,상해없음
2014061900100594,2014년 6월 19일 21시,목요일,광주광역시 서구 유촌동,경상사고,0,0,1,0,차대차 - 추돌 - 주정차중,안전운전불이행,건조,맑음,단일로 - 기타,승용,남,39세,상해없음,승용,남,50세,경상
2014061900100625,2014년 6월 19일 22시,목요일,광주광역시 남구 서동,중상사고,0,2,0,0,차대사람 - 횡단중,안전운전불이행,건조,맑음,교차로 - 교차로부근,승용,남,59세,상해없음,보행자,남,18세,중상
2014061900100626,2014년 6월 19일 22시,목요일,광주광역시 북구 풍향동,경상사고,0,0,1,0,차대사람 - 차도통행중,안전운전불이행,건조,맑음,단일로 - 기타,승용,남,68세,상해없음,보행자,남,20세,경상
2014061900100627,2014년 6월 19일 22시,목요일,광주광역시 광산구 소촌동,경상사고,0,0,1,0,차대사람 - 횡단중,신호위반,건조,맑음,교차로 - 교차로안,승용,남,53세,상해없음,보행자,여,16세,경상
2014061900100647,2014년 6월 19일 23시,목요일,광주광역시 동구 동명동,경상사고,0,0,3,0,차대차 - 추돌 - 진행중,안전거리미확보,건조,맑음,교차로 - 교차로부근,승용,남,25세,상해없음,승용,남,32세,경상
2014062000100021,2014년 6월 20일 00시,금요일,광주광역시 남구 주월동,경상사고,0,0,1,0,차대사람 - 길가장자리구역통행중,안전운전불이행,건조,맑음,교차로 - 교차로안,승용,여,28세,상해없음,보행자,여,58세,경상
2014062000100037,2014년 6월 20일 01시,금요일,광주광역시 서구 화정동,경상사고,0,0,2,0,차대차 - 측면직각충돌,신호위반,건조,맑음,교차로 - 교차로안,승용,남,26세,상해없음,승용,남,41세,경상
2014062000100038,2014년 6월 20일 01시,금요일,광주광역시 서구 쌍촌동,경상사고,0,0,2,0,차대차 - 추돌 - 주정차중,안전운전불이행,건조,맑음,단일로 - 기타,승용,남,46세,상해없음,승용,여,52세,경상
2014062000100052,2014년 6월 20일 02시,금요일,광주광역시 북구 풍향동,경상사고,0,0,3,0,차대차 - 측면직각충돌,신호위반,건조,맑음,교차로 - 교차로안,승용,남,59세,상해없음,승용,남,54세,경상
2014062000100076,2014년 6월 20일 05시,금요일,광주광역시 서구 금호동,경상사고,0,0,2,0,차대차 - 추돌 - 주정차중,안전운전불이행,건조,맑음,교차로 - 교차로부근,승용,남,39세,상해없음,승용,남,59세,경상
2014062000100155,2014년 6월 20일 08시,금요일,광주광역시 북구 신안동,경상사고,0,0,1,0,차대차 - 추돌 - 진행중,안전거리미확보,건조,맑음,단일로 - 기타,승용,남,25세,상해없음,승용,여,35세,경상
2014062000100156,2014년 6월 20일 08시,금요일,광주광역시 북구 양산동,경상사고,0,0,3,0,차대차 - 측면직각충돌,안전운전불이행,건조,맑음,교차로 - 교차로부근,승용,여,39세,상해없음,승용,여,32세,경상
2014062000100229,2014년 6월 20일 11시,금요일,광주광역시 서구 매월동,경상사고,0,0,2,0,차대차 - 측면직각충돌,신호위반,건조,맑음,교차로 - 교차로안,승합,남,53세,상해없음,승용,남,52세,경상
2014062000100260,2014년 6월 20일 12시,금요일,광주광역시 서구 치평동,중상사고,0,3,0,0,차대차 - 측면직각충돌,안전운전불이행,건조,맑음,교차로 - 교차로안,승용,여,61세,상해없음,승용,여,32세,중상
2014062000100261,2014년 6월 20일 12시,금요일,광주광역시 북구 운암동,경상사고,0,0,1,0,차대사람 - 보도통행중,기타,건조,맑음,단일로 - 기타,승용,여,54세,상해없음,보행자,여,17세,경상
2014062000100319,2014년 6월 20일 14시,금요일,광주광역시 북구 각화동,경상사고,0,0,1,0,차대사람 - 길가장자리구역통행중,안전운전불이행,건조,맑음,교차로 - 교차로부근,화물,남,61세,상해없음,보행자,여,73세,경상
2014062000100320,2014년 6월 20일 14시,금요일,광주광역시 북구 운암동,경상사고,0,0,1,0,차대사람 - 횡단중,안전운전불이행,건조,맑음,단일로 - 기타,화물,남,34세,상해없음,보행자,여,69세,경상
2014062000100321,2014년 6월 20일 14시,금요일,광주광역시 북구 운암동,경상사고,0,0,1,0,차대차 - 추돌 - 주정차중,안전거리미확보,건조,맑음,단일로 - 기타,승용,남,55세,상해없음,승용,여,69세,상해없음
2014062000100360,2014년 6월 20일 15시,금요일,광주광역시 서구 매월동,경상사고,0,0,2,0,차대차 - 측면직각충돌,안전거리미확보,건조,맑음,단일로 - 기타,승용,남,30세,상해없음,승용,남,30세,경상
2014062000100400,2014년 6월 20일 16시,금요일,광주광역시 남구 방림동,경상사고,0,0,1,0,차대차 - 측면직각충돌,안전운전불이행,건조,맑음,교차로 - 교차로안,원동기,남,57세,경상,승용,여,48세,상해없음
2014062000100401,2014년 6월 20일 16시,금요일,광주광역시 북구 두암동,중상사고,0,1,0,0,차대사람 - 차도통행중,안전운전불이행,건조,맑음,단일로 - 기타,승용,여,44세,상해없음,보행자,남,69세,중상
2014062000100447,2014년 6월 20일 17시,금요일,광주광역시 서구 풍암동,경상사고,0,0,1,0,차대차 - 추돌 - 진행중,안전거리미확보,건조,맑음,단일로 - 기타,승용,여,48세,상해없음,승용,여,36세,경상
2014062000100448,2014년 6월 20일 17시,금요일,광주광역시 북구 용봉동,경상사고,0,0,1,0,차대차 - 측면직각충돌,안전운전불이행,건조,맑음,단일로 - 기타,승용,여,22세,상해없음,승용,남,43세,경상
2014062000100495,2014년 6월 20일 18시,금요일,광주광역시 서구 내방동,경상사고,0,0,1,0,차대사람 - 기타,안전운전불이행,건조,맑음,단일로 - 기타,승용,여,34세,상해없음,보행자,남,5세,경상
2014062000100496,2014년 6월 20일 18시,금요일,광주광역시 서구 동천동,경상사고,0,0,1,0,차대차 - 추돌 - 주정차중,안전운전불이행,건조,맑음,단일로 - 기타,승용,여,40세,상해없음,승용,남,54세,경상
2014062000100497,2014년 6월 20일 18시,금요일,광주광역시 북구 중흥동,경상사고,0,0,3,0,차대차 - 측면직각충돌,신호위반,건조,맑음,교차로 - 교차로안,이륜,남,22세,경상,승용,남,34세,경상
2014062000100535,2014년 6월 20일 19시,금요일,광주광역시 광산구 신가동,중상사고,0,1,0,0,차량단독 - 전도전복,안전운전불이행,건조,맑음,기타 - 기타,원동기,남,39세,중상,,,,
2014062000100711,2014년 6월 20일 23시,금요일,광주광역시 남구 진월동,경상사고,0,0,1,0,차대차 - 추돌 - 주정차중,안전운전불이행,건조,맑음,단일로 - 기타,승용,남,61세,상해없음,화물,남,53세,경상
2014062100100071,2014년 6월 21일 01시,토요일,광주광역시 북구 운암동,경상사고,0,0,1,0,차량단독 - 공작물충돌,안전운전불이행,건조,맑음,단일로 - 기타,승용,남,26세,상해없음,,,,
2014062100100089,2014년 6월 21일 02시,토요일,광주광역시 동구 소태동,경상사고,0,0,1,0,차량단독 - 기타,안전운전불이행,건조,맑음,단일로 - 기타,승용,남,48세,경상,,,,
2014062100100090,2014년 6월 21일 02시,토요일,광주광역시 서구 쌍촌동,경상사고,0,0,1,0,차대차 - 추돌 - 주정차중,안전운전불이행,건조,맑음,단일로 - 기타,승용,남,34세,상해없음,승용,남,59세,경상
2014062100100118,2014년 6월 21일 03시,토요일,광주광역시 서구 화정동,중상사고,0,1,0,0,차대사람 - 횡단중,보행자보호의무위반,건조,맑음,교차로 - 교차로부근,기타불명,기타불명,기타불명,기타불명,보행자,남,36세,중상
2014062100100119,2014년 6월 21일 03시,토요일,광주광역시 광산구 양동,경상사고,0,0,1,0,차대차 - 측면직각충돌,신호위반,건조,흐림,교차로 - 교차로안,승용,남,54세,상해없음,자전거,남,26세,경상
2014062100100217,2014년 6월 21일 09시,토요일,광주광역시 서구 치평동,중상사고,0,1,0,0,차대차 - 기타,안전운전불이행,건조,맑음,교차로 - 교차로부근,승용,남,66세,상해없음,자전거,남,78세,중상
2014062100100218,2014년 6월 21일 09시,토요일,광주광역시 광산구 운남동,경상사고,0,0,1,0,차대차 - 측면직각충돌,신호위반,건조,맑음,교차로 - 교차로안,자전거,남,12세,경상,승용,여,44세,상해없음
2014062100100281,2014년 6월 21일 11시,토요일,광주광역시 북구 운암동,중상사고,0,1,1,0,차대차 - 기타,교차로운행방법위반,건조,맑음,교차로 - 교차로안,원동기,여,35세,중상,승용,여,27세,상해없음
2014062100100302,2014년 6월 21일 12시,토요일,광주광역시 서구 치평동,경상사고,0,0,2,0,차대차 - 추돌 - 주정차중,안전거리미확보,습기,비,교차로 - 교차로부근,승용,여,49세,상해없음,승용,여,32세,경상
2014062100100303,2014년 6월 21일 12시,토요일,광주광역시 남구 백운동,중상사고,0,1,0,0,차대차 - 기타,신호위반,건조,맑음,단일로 - 횡단보도상,승용,여,60세,상해없음,자전거,남,71세,중상
2014062100100304,2014년 6월 21일 12시,토요일,광주광역시 광산구 월곡동,경상사고,0,0,1,0,차대차 - 기타,안전운전불이행,습기,비,교차로 - 교차로부근,이륜,남,47세,경상,화물,남,59세,상해없음
2014062100100328,2014년 6월 21일 13시,토요일,광주광역시 북구 신안동,경상사고,0,0,1,0,차대사람 - 기타,안전운전불이행,건조,맑음,단일로 - 기타,승용,남,73세,상해없음,보행자,남,45세,경상
2014062100100363,2014년 6월 21일 14시,토요일,광주광역시 서구 화정동,경상사고,0,0,2,0,차대차 - 측면직각충돌,교차로운행방법위반,건조,맑음,교차로 - 교차로부근,승용,남,66세,상해없음,승용,남,40세,경상
2014062100100469,2014년 6월 21일 17시,토요일,광주광역시 동구 금남로5가,경상사고,0,0,1,0,차대사람 - 횡단중,안전운전불이행,건조,맑음,단일로 - 횡단보도부근,승용,남,53세,상해없음,보행자,남,82세,경상
2014062100100505,2014년 6월 21일 18시,토요일,광주광역시 광산구 산정동,경상사고,0,0,2,0,차대차 - 기타,중앙선침범,습기,비,단일로 - 기타,승용,남,55세,상해없음,화물,남,54세,경상
2014062100100506,2014년 6월 21일 18시,토요일,광주광역시 광산구 비아동,경상사고,0,0,1,0,차대차 - 추돌 - 진행중,안전거리미확보,건조,맑음,단일로 - 기타,승용,남,76세,상해없음,화물,남,71세,경상
2014062100100537,2014년 6월 21일 19시,토요일,광주광역시 북구 두암동,경상사고,0,0,1,0,차대차 - 측면직각충돌,교차로운행방법위반,건조,맑음,교차로 - 교차로안,승합,기타불명,기타불명,기타불명,화물,남,62세,경상
2014062100100571,2014년 6월 21일 20시,토요일,광주광역시 서구 광천동,경상사고,0,0,2,0,차대차 - 측면직각충돌,안전운전불이행,건조,맑음,교차로 - 교차로안,승용,여,47세,상해없음,승용,여,47세,경상
2014062100100572,2014년 6월 21일 20시,토요일,광주광역시 서구 농성동,경상사고,0,0,1,0,차대사람 - 기타,안전운전불이행,습기,흐림,단일로 - 기타,화물,남,34세,상해없음,보행자,남,52세,경상
2014062100100666,2014년 6월 21일 22시,토요일,광주광역시 동구 산수동,경상사고,0,0,1,0,차대차 - 기타,안전운전불이행,건조,맑음,교차로 - 교차로안,기타불명,기타불명,기타불명,기타불명,자전거,남,14세,경상
2014062100100667,2014년 6월 21일 22시,토요일,광주광역시 광산구 소촌동,경상사고,0,0,1,0,차대차 - 추돌 - 주정차중,안전운전불이행,건조,맑음,단일로 - 기타,화물,남,49세,상해없음,승용,남,50세,경상
2014062100100668,2014년 6월 21일 22시,토요일,광주광역시 광산구 수완동,경상사고,0,0,2,0,차대차 - 기타,안전운전불이행,건조,맑음,교차로 - 교차로부근,승용,남,28세,상해없음,승용,남,39세,경상
2014062100100700,2014년 6월 21일 23시,토요일,광주광역시 북구 문흥동,경상사고,0,0,1,0,차대차 - 기타,안전운전불이행,건조,흐림,단일로 - 기타,승용,남,49세,상해없음,원동기,남,17세,경상
2014062100100701,2014년 6월 21일 23시,토요일,광주광역시 광산구 쌍암동,경상사고,0,0,1,0,차대차 - 기타,중앙선침범,건조,맑음,단일로 - 기타,승용,남,44세,상해없음,승용,남,31세,경상
2014062200100021,2014년 6월 22일 00시,일요일,광주광역시 서구 치평동,경상사고,0,0,1,0,차대차 - 측면직각충돌,안전거리미확보,건조,맑음,교차로 - 교차로부근,승용,남,24세,상해없음,승용,남,48세,경상
2014062200100022,2014년 6월 22일 00시,일요일,광주광역시 서구 쌍촌동,경상사고,0,0,3,0,차대차 - 기타,안전운전불이행,건조,맑음,단일로 - 기타,승용,남,23세,상해없음,승용,남,37세,경상
2014062200100039,2014년 6월 22일 01시,일요일,광주광역시 북구 문흥동,경상사고,0,0,1,0,차대차 - 추돌 - 주정차중,안전운전불이행,건조,맑음,단일로 - 기타,승용,남,32세,상해없음,승용,남,29세,경상
2014062200100060,2014년 6월 22일 02시,일요일,광주광역시 북구 각화동,중상사고,0,1,1,0,차대차 - 측면직각충돌,안전운전불이행,건조,맑음,단일로 - 기타,승용,남,37세,상해없음,승용,남,57세,중상
2014062200100073,2014년 6월 22일 03시,일요일,광주광역시 서구 유촌동,경상사고,0,0,1,0,차대차 - 추돌 - 주정차중,안전운전불이행,건조,맑음,교차로 - 교차로부근,승용,여,27세,상해없음,승용,남,41세,상해없음
2014062200100086,2014년 6월 22일 04시,일요일,광주광역시 동구 충장로3가,경상사고,0,0,1,0,차대차 - 기타,교차로운행방법위반,건조,흐림,교차로 - 교차로부근,화물,남,50세,상해없음,자전거,남,56세,경상
2014062200100087,2014년 6월 22일 04시,일요일,광주광역시 동구 불로동,중상사고,0,1,0,0,차대사람 - 기타,안전운전불이행,건조,흐림,교차로 - 교차로안,승용,남,18세,상해없음,보행자,남,22세,중상
2014062200100135,2014년 6월 22일 08시,일요일,광주광역시 남구 봉선동,경상사고,0,0,1,0,차대차 - 기타,안전운전불이행,습기,비,단일로 - 기타,기타불명,기타불명,기타불명,기타불명,원동기,남,43세,경상
2014062200100146,2014년 6월 22일 09시,일요일,광주광역시 북구 두암동,중상사고,0,1,0,0,차대차 - 측면직각충돌,안전거리미확보,건조,맑음,단일로 - 기타,이륜,남,76세,중상,승용,남,56세,상해없음
2014062200100188,2014년 6월 22일 11시,일요일,광주광역시 북구 두암동,경상사고,0,0,2,0,차대차 - 측면직각충돌,신호위반,건조,맑음,교차로 - 교차로안,승용,남,48세,상해없음,승용,남,27세,경상
2014062200100211,2014년 6월 22일 12시,일요일,광주광역시 서구 농성동,중상사고,0,1,0,0,차대사람 - 기타,안전운전불이행,건조,맑음,단일로 - 기타,승용,여,49세,상해없음,보행자,남,64세,중상
2014062200100234,2014년 6월 22일 13시,일요일,광주광역시 북구 각화동,경상사고,0,0,2,0,차대차 - 추돌 - 주정차중,안전운전불이행,건조,맑음,단일로 - 기타,승용,남,54세,상해없음,승용,남,46세,경상
2014062200100290,2014년 6월 22일 15시,일요일,광주광역시 서구 세하동,중상사고,0,1,0,0,차대차 - 측면직각충돌,안전운전불이행,건조,맑음,단일로 - 기타,원동기,남,52세,중상,승용,남,56세,상해없음
2014062200100353,2014년 6월 22일 17시,일요일,광주광역시 북구 문흥동,중상사고,0,2,5,0,차대차 - 추돌 - 주정차중,안전운전불이행,건조,맑음,단일로 - 기타,승용,남,39세,경상,승용,남,40세,경상
2014062200100437,2014년 6월 22일 20시,일요일,광주광역시 북구 일곡동,경상사고,0,0,1,0,차대차 - 측면직각충돌,중앙선침범,건조,맑음,교차로 - 교차로부근,승합,남,58세,상해없음,이륜,남,35세,경상
2014062200100507,2014년 6월 22일 23시,일요일,광주광역시 북구 동림동,경상사고,0,0,1,0,차대차 - 추돌 - 진행중,안전운전불이행,건조,맑음,단일로 - 기타,승합,남,49세,상해없음,승용,남,29세,경상
2014062300100061,2014년 6월 23일 05시,월요일,광주광역시 광산구 우산동,중상사고,0,1,0,0,차량단독 - 공작물충돌,안전운전불이행,건조,맑음,단일로 - 기타,승용,남,28세,중상,,,,
2014062300100100,2014년 6월 23일 07시,월요일,광주광역시 동구 용산동,경상사고,0,0,2,0,차대차 - 추돌 - 진행중,안전거리미확보,건조,맑음,단일로 - 기타,승합,남,47세,상해없음,승용,여,27세,경상
2014062300100133,2014년 6월 23일 08시,월요일,광주광역시 북구 신용동,경상사고,0,0,2,0,차대차 - 추돌 - 진행중,기타,건조,맑음,교차로 - 교차로안,승용,남,23세,상해없음,승용,남,24세,경상
2014062300100191,2014년 6월 23일 10시,월요일,광주광역시 서구 양동,경상사고,0,0,1,0,차대차 - 측면직각충돌,안전거리미확보,건조,맑음,단일로 - 기타,화물,남,71세,상해없음,승용,여,30세,경상
2014062300100192,2014년 6월 23일 10시,월요일,광주광역시 광산구 송정동,경상사고,0,0,1,0,차대차 - 추돌 - 진행중,안전운전불이행,건조,맑음,교차로 - 교차로부근,승용,남,48세,상해없음,승용,여,52세,경상
2014062300100222,2014년 6월 23일 11시,월요일,광주광역시 서구 쌍촌동,경상사고,0,0,2,0,차대차 - 측면직각충돌,교차로운행방법위반,건조,맑음,교차로 - 교차로안,승용,남,54세,경상,승용,남,45세,경상
2014062300100236,2014년 6월 23일 12시,월요일,광주광역시 광산구 신가동,경상사고,0,0,2,0,차대차 - 정면충돌,신호위반,건조,맑음,교차로 - 교차로안,승용,남,55세,상해없음,승용,여,49세,경상
2014062300100262,2014년 6월 23일 13시,월요일,광주광역시 북구 신안동,경상사고,0,0,1,0,차대차 - 측면직각충돌,중앙선침범,습기,흐림,단일로 - 기타,화물,남,41세,상해없음,이륜,남,27세,경상
2014062300100294,2014년 6월 23일 14시,월요일,광주광역시 북구 일곡동,경상사고,0,0,1,0,차대차 - 측면직각충돌,안전거리미확보,건조,맑음,단일로 - 기타,승용,남,53세,상해없음,원동기,남,35세,경상
2014062300100369,2014년 6월 23일 16시,월요일,광주광역시 동구 지산동,경상사고,0,0,1,0,차대차 - 측면직각충돌,직진우회전진행방해,건조,맑음,교차로 - 교차로안,이륜,남,64세,경상,승용,남,59세,상해없음
2014062300100370,2014년 6월 23일 16시,월요일,광주광역시 북구 두암동,경상사고,0,0,2,0,차대사람 - 기타,안전운전불이행,건조,맑음,단일로 - 기타,화물,남,37세,상해없음,보행자,남,58세,경상
2014062300100371,2014년 6월 23일 16시,월요일,광주광역시 광산구 하남동,중상사고,0,1,1,0,차대차 - 측면직각충돌,안전거리미확보,건조,맑음,단일로 - 기타,승합,남,62세,상해없음,이륜,남,69세,중상
2014062300100415,2014년 6월 23일 17시,월요일,광주광역시 서구 쌍촌동,경상사고,0,0,1,0,차대차 - 측면직각충돌,안전운전불이행,건조,맑음,단일로 - 기타,승용,남,48세,상해없음,승용,남,24세,경상
2014062300100457,2014년 6월 23일 18시,월요일,광주광역시 북구 오치동,경상사고,0,0,2,0,차대차 - 측면직각충돌,안전거리미확보,건조,맑음,단일로 - 기타,승용,남,46세,상해없음,승용,여,61세,경상
2014062300100563,2014년 6월 23일 21시,월요일,광주광역시 광산구 산정동,경상사고,0,0,2,0,차대사람 - 기타,안전운전불이행,건조,맑음,단일로 - 기타,승용,여,28세,상해없음,보행자,남,43세,경상
2014062300100586,2014년 6월 23일 22시,월요일,광주광역시 서구 농성동,경상사고,0,0,2,0,차대차 - 측면직각충돌,중앙선침범,건조,맑음,단일로 - 기타,승용,여,41세,상해없음,승용,남,42세,경상
2014062300100587,2014년 6월 23일 22시,월요일,광주광역시 남구 봉선동,경상사고,0,0,1,0,차대사람 - 기타,안전운전불이행,건조,맑음,교차로 - 교차로안,기타불명,기타불명,기타불명,기타불명,보행자,여,38세,경상
2014062300100608,2014년 6월 23일 23시,월요일,광주광역시 서구 풍암동,경상사고,0,0,1,0,차대차 - 추돌 - 진행중,안전운전불이행,건조,맑음,교차로 - 교차로부근,화물,남,39세,상해없음,승용,여,33세,경상
2014062400100040,2014년 6월 24일 02시,화요일,광주광역시 서구 덕흥동,중상사고,0,1,1,0,차대차 - 기타,중앙선침범,습기,흐림,단일로 - 기타,승용,여,49세,경상,승용,여,36세,중상
2014062400100097,2014년 6월 24일 07시,화요일,광주광역시 광산구 비아동,경상사고,0,0,3,0,차대차 - 추돌 - 진행중,안전운전불이행,습기,비,단일로 - 기타,승합,남,43세,상해없음,화물,남,54세,경상
2014062400100128,2014년 6월 24일 08시,화요일,광주광역시 남구 사동,경상사고,0,0,1,0,차대차 - 측면직각충돌,신호위반,습기,비,교차로 - 교차로안,승용,남,27세,상해없음,승용,남,52세,상해없음
2014062400100129,2014년 6월 24일 08시,화요일,광주광역시 광산구 수완동,경상사고,0,0,1,0,차대사람 - 횡단중,안전운전불이행,건조,흐림,단일로 - 기타,승용,기타불명,기타불명,기타불명,보행자,남,13세,경상
2014062400100178,2014년 6월 24일 10시,화요일,광주광역시 북구 동림동,경상사고,0,0,1,0,차대차 - 측면직각충돌,안전거리미확보,건조,맑음,단일로 - 기타,이륜,남,64세,경상,승용,여,42세,상해없음