사고번호,사고일시,요일,시군구,사고내용,사망자수,중상자수,경상자수,부상신고자수,사고유형,법규위반,노면상태,기상상태,도로형태,가해운전자 차종,가해운전자 성별,가해운전자 연령,가해운전자 상해정도,피해운전자 차종,피해운전자 성별,피해운전자 연령,피해운전자 상해정도
2014062400100207,2014년 6월 24일 11시,화요일,광주광역시 광산구 월곡동,경상사고,0,0,1,0,차대차 - 추돌 - 주정차중,안전운전불이행,건조,맑음,단일로 - 기타,승용,남,53세,상해없음,화물,남,43세,기타불명
2014062400100266,2014년 6월 24일 13시,화요일,광주광역시 남구 봉선동,경상사고,0,0,1,0,차대사람 - 기타,안전운전불이행,건조,맑음,단일로 - 기타,화물,남,24세,상해없음,보행자,여,58세,경상
2014062400100340,2014년 6월 24일 15시,화요일,광주광역시 서구 농성동,경상사고,0,0,1,0,차대차 - 기타,안전운전불이행,건조,맑음,교차로 - 교차로부근,승합,남,41세,기타불명,승합,남,55세,상해없음
2014062400100341,2014년 6월 24일 15시,화요일,광주광역시 광산구 서봉동,경상사고,0,0,1,0,차대차 - 기타,안전운전불이행,건조,맑음,단일로 - 기타,승용,남,28세,상해없음,화물,남,45세,상해없음
2014062400100377,2014년 6월 24일 16시,화요일,광주광역시 서구 치평동,경상사고,0,0,1,0,차대차 - 측면직각충돌,신호위반,건조,맑음,교차로 - 교차로안,승용,남,32세,상해없음,승용,남,32세,경상
2014062400100378,2014년 6월 24일 16시,화요일,광주광역시 남구 대지동,중상사고,0,1,0,0,차대사람 - 기타,안전운전불이행,건조,맑음,단일로 - 기타,승용,남,58세,상해없음,보행자,남,14세,중상
2014062400100447,2014년 6월 24일 18시,화요일,광주광역시 북구 양산동,경상사고,0,0,1,0,차대차 - 기타,안전운전불이행,건조,맑음,단일로 - 기타,승용,남,22세,상해없음,자전거,남,18세,경상
2014062400100448,2014년 6월 24일 18시,화요일,광주광역시 광산구 도천동,부상신고사고,0,0,0,1,차대차 - 추돌 - 진행중,안전운전불이행,건조,맑음,교차로 - 교차로부근,자전거,남,54세,부상신고,승용,여,27세,상해없음
2014062400100449,2014년 6월 24일 18시,화요일,광주광역시 광산구 신창동,경상사고,0,0,1,0,차대차 - 기타,기타,건조,맑음,교차로 - 교차로부근,승용,남,52세,상해없음,자전거,남,6세,경상
2014062400100450,2014년 6월 24일 18시,화요일,광주광역시 광산구 신창동,경상사고,0,0,1,0,차대차 - 추돌 - 진행중,안전거리미확보,건조,맑음,단일로 - 기타,승용,남,56세,상해없음,승용,남,46세,경상
2014062400100506,2014년 6월 24일 20시,화요일,광주광역시 광산구 송정동,경상사고,0,0,1,0,차대차 - 기타,안전운전불이행,건조,맑음,단일로 - 기타,승용,남,41세,상해없음,자전거,남,54세,경상
2014062400100507,2014년 6월 24일 20시,화요일,광주광역시 광산구 산정동,부상신고사고,0,0,0,1,차대차 - 추돌 - 진행중,안전운전불이행,건조,맑음,단일로 - 기타,승용,여,33세,상해없음,승용,남,61세,부상신고
2014062400100538,2014년 6월 24일 21시,화요일,광주광역시 서구 광천동,중상사고,0,1,0,0,차대차 - 측면직각충돌,신호위반,건조,맑음,교차로 - 교차로안,승합,남,24세,상해없음,원동기,남,48세,중상
2014062400100539,2014년 6월 24일 21시,화요일,광주광역시 광산구 도산동,경상사고,0,0,1,0,차대차 - 추돌 - 진행중,안전운전불이행,건조,맑음,교차로 - 교차로부근,승용,여,44세,상해없음,승용,여,50세,경상
2014062400100569,2014년 6월 24일 22시,화요일,광주광역시 광산구 신창동,경상사고,0,0,1,0,차대차 - 추돌 - 주정차중,안전운전불이행,건조,맑음,단일로 - 기타,승용,남,45세,상해없음,승용,여,22세,경상
2014062400100593,2014년 6월 24일 23시,화요일,광주광역시 광산구 도산동,경상사고,0,0,3,0,차대차 - 추돌 - 주정차중,안전운전불이행,건조,맑음,교차로 - 교차로부근,승용,남,53세,상해없음,승용,남,31세,경상
2014062500100053,2014년 6월 25일 03시,수요일,광주광역시 북구 용봉동,경상사고,0,0,1,0,차대차 - 측면직각충돌,신호위반,건조,맑음,교차로 - 교차로안,승용,남,25세,상해없음,승용,남,36세,경상
2014062500100084,2014년 6월 25일 06시,수요일,광주광역시 남구 백운동,부상신고사고,0,0,0,1,차량단독 - 기타,안전운전불이행,건조,맑음,단일로 - 기타,승합,남,64세,상해없음,,,,
2014062500100103,2014년 6월 25일 07시,수요일,광주광역시 광산구 월곡동,경상사고,0,0,1,0,차대차 - 측면직각충돌,안전운전불이행,건조,맑음,교차로 - 교차로부근,승용,여,45세,상해없음,자전거,남,15세,경상
2014062500100172,2014년 6월 25일 09시,수요일,광주광역시 북구 우산동,경상사고,0,0,1,0,차대차 - 측면직각충돌,안전운전불이행,건조,맑음,교차로 - 교차로안,승합,남,46세,상해없음,원동기,남,34세,경상
2014062500100202,2014년 6월 25일 10시,수요일,광주광역시 서구 쌍촌동,경상사고,0,0,1,0,차대차 - 측면직각충돌,안전운전불이행,건조,맑음,단일로 - 기타,승용,여,36세,상해없음,승용,남,34세,경상
2014062500100203,2014년 6월 25일 10시,수요일,광주광역시 남구 노대동,경상사고,0,0,2,0,차대차 - 추돌 - 주정차중,안전운전불이행,건조,맑음,단일로 - 기타,승용,남,37세,상해없음,승용,남,47세,경상
2014062500100204,2014년 6월 25일 10시,수요일,광주광역시 광산구 서봉동,경상사고,0,0,2,0,차대차 - 추돌 - 주정차중,안전운전불이행,건조,맑음,단일로 - 기타,화물,남,60세,경상,화물,여,47세,경상
2014062500100262,2014년 6월 25일 12시,수요일,광주광역시 서구 농성동,중상사고,0,1,0,0,차대차 - 측면직각충돌,안전운전불이행,건조,맑음,단일로 - 횡단보도상,승용,남,55세,상해없음,자전거,남,68세,중상
2014062500100263,2014년 6월 25일 12시,수요일,광주광역시 서구 치평동,경상사고,0,0,1,0,차대차 - 추돌 - 주정차중,안전운전불이행,건조,맑음,단일로 - 기타,승용,남,34세,상해없음,승용,기타불명,기타불명,기타불명
2014062500100360,2014년 6월 25일 15시,수요일,광주광역시 북구 용두동,경상사고,0,0,1,0,차대차 - 기타,불법유턴,건조,맑음,단일로 - 기타,승합,남,33세,상해없음,자전거,남,13세,경상
2014062500100361,2014년 6월 25일 15시,수요일,광주광역시 광산구 수완동,경상사고,0,0,1,0,차대사람 - 기타,안전운전불이행,건조,맑음,교차로 - 교차로부근,승용,여,41세,상해없음,보행자,남,2세,경상
2014062500100391,2014년 6월 25일 16시,수요일,광주광역시 북구 우산동,중상사고,0,1,0,0,차대사람 - 차도통행중,안전운전불이행,건조,맑음,단일로 - 기타,승용,남,41세,상해없음,보행자,여,60세,중상
2014062500100427,2014년 6월 25일 17시,수요일,광주광역시 서구 광천동,경상사고,0,0,2,0,차대차 - 추돌 - 진행중,안전거리미확보,건조,맑음,단일로 - 기타,승용,남,54세,상해없음,승용,여,28세,경상
2014062500100465,2014년 6월 25일 18시,수요일,광주광역시 광산구 송정동,경상사고,0,0,1,0,차대차 - 기타,기타,건조,맑음,단일로 - 기타,화물,남,49세,상해없음,자전거,여,67세,경상
2014062500100466,2014년 6월 25일 18시,수요일,광주광역시 광산구 신촌동,경상사고,0,0,1,0,차대차 - 기타,안전운전불이행,건조,맑음,단일로 - 기타,승용,여,66세,기타불명,자전거,남,13세,경상
2014062500100574,2014년 6월 25일 21시,수요일,광주광역시 광산구 장덕동,경상사고,0,0,1,0,차대차 - 측면직각충돌,신호위반,건조,맑음,교차로 - 교차로안,원동기,남,18세,상해없음,승용,남,46세,경상
2014062500100600,2014년 6월 25일 22시,수요일,광주광역시 동구 학동,경상사고,0,0,1,0,차대차 - 측면직각충돌,안전운전불이행,건조,맑음,교차로 - 교차로안,자전거,남,24세,경상,승용,남,45세,상해없음
2014062500100601,2014년 6월 25일 22시,수요일,광주광역시 남구 월산동,중상사고,0,1,2,0,차대차 - 측면직각충돌,신호위반,건조,맑음,교차로 - 교차로안,이륜,남,19세,중상,승용,남,26세,경상
2014062500100631,2014년 6월 25일 23시,수요일,광주광역시 광산구 신가동,경상사고,0,0,4,0,차대차 - 추돌 - 진행중,차로위반,건조,맑음,단일로 - 기타,승합,남,64세,상해없음,승용,여,35세,경상
2014062600100019,2014년 6월 26일 00시,목요일,광주광역시 남구 주월동,경상사고,0,0,1,0,차대사람 - 기타,보행자보호의무위반,건조,맑음,단일로 - 기타,승용,남,36세,상해없음,보행자,남,29세,경상
2014062600100020,2014년 6월 26일 00시,목요일,광주광역시 광산구 하남동,경상사고,0,0,2,0,차대차 - 측면직각충돌,교차로운행방법위반,건조,맑음,교차로 - 교차로안,승용,남,40세,상해없음,승용,남,62세,경상
2014062600100030,2014년 6월 26일 01시,목요일,광주광역시 광산구 신가동,경상사고,0,0,1,0,차대차 - 추돌 - 주정차중,안전운전불이행,건조,맑음,교차로 - 교차로부근,승용,남,44세,상해없음,승용,남,39세,경상
2014062600100050,2014년 6월 26일 03시,목요일,광주광역시 북구 운암동,경상사고,0,0,1,0,차대차 - 추돌 - 주정차중,안전운전불이행,건조,맑음,단일로 - 기타,승용,남,51세,상해없음,승용,남,49세,경상
2014062600100055,2014년 6월 26일 04시,목요일,광주광역시 북구 문흥동,경상사고,0,0,1,0,차대차 - 측면직각충돌,교차로운행방법위반,건조,맑음,교차로 - 교차로안,승용,남,43세,상해없음,승용,남,70세,경상
2014062600100072,2014년 6월 26일 06시,목요일,광주광역시 북구 임동,경상사고,0,0,2,0,차대차 - 측면직각충돌,신호위반,건조,맑음,교차로 - 교차로안,화물,남,62세,상해없음,승용,남,51세,경상
2014062600100135,2014년 6월 26일 08시,목요일,광주광역시 광산구 수완동,중상사고,0,1,4,0,차대차 - 측면직각충돌,교차로운행방법위반,건조,맑음,교차로 - 교차로부근,승용,남,35세,상해없음,화물,남,51세,경상
2014062600100165,2014년 6월 26일 09시,목요일,광주광역시 북구 신안동,경상사고,0,0,1,0,차량단독 - 공작물충돌,안전운전불이행,건조,맑음,교차로 - 교차로부근,승용,여,52세,경상,,,,
2014062600100166,2014년 6월 26일 09시,목요일,광주광역시 광산구 신가동,중상사고,0,1,1,0,차대차 - 추돌 - 진행중,안전운전불이행,건조,맑음,교차로 - 교차로부근,승용,남,68세,중상,승용,여,37세,경상
2014062600100197,2014년 6월 26일 10시,목요일,광주광역시 서구 매월동,경상사고,0,0,1,0,차대차 - 측면직각충돌,신호위반,건조,맑음,교차로 - 교차로안,승용,남,64세,상해없음,화물,남,45세,경상
2014062600100277,2014년 6월 26일 13시,목요일,광주광역시 서구 유촌동,경상사고,0,0,1,0,차대차 - 기타,안전운전불이행,건조,맑음,교차로 - 교차로부근,승용,남,59세,상해없음,승용,여,40세,경상
2014062600100306,2014년 6월 26일 14시,목요일,광주광역시 서구 마륵동,경상사고,0,0,3,0,차대차 - 기타,안전운전불이행,건조,맑음,교차로 - 교차로안,승용,남,66세,상해없음,승용,남,47세,경상
2014062600100330,2014년 6월 26일 15시,목요일,광주광역시 광산구 우산동,경상사고,0,0,5,0,차대차 - 측면직각충돌,안전거리미확보,건조,맑음,단일로 - 기타,승용,여,48세,경상,승용,남,62세,경상
2014062600100373,2014년 6월 26일 16시,목요일,광주광역시 남구 주월동,경상사고,0,0,3,0,차대차 - 추돌 - 진행중,안전거리미확보,건조,맑음,단일로 - 기타,승용,여,65세,상해없음,승용,여,27세,경상
2014062600100458,2014년 6월 26일 18시,목요일,광주광역시 서구 농성동,경상사고,0,0,4,0,차대차 - 측면직각충돌,안전운전불이행,건조,맑음,교차로 - 교차로안,승용,남,31세,기타불명,승용,여,28세,경상
2014062600100459,2014년 6월 26일 18시,목요일,광주광역시 광산구 도산동,경상사고,0,0,1,0,차대차 - 추돌 - 주정차중,안전거리미확보,건조,맑음,단일로 - 기타,승용,남,33세,상해없음,승용,여,43세,경상
2014062600100494,2014년 6월 26일 19시,목요일,광주광역시 남구 서동,사망사고,1,0,0,0,차대차 - 추돌 - 주정차중,기타,건조,맑음,단일로 - 기타,화물,남,57세,상해없음,승용,여,59세,기타불명
2014062600100495,2014년 6월 26일 19시,목요일,광주광역시 북구 장등동,중상사고,0,1,1,0,차대차 - 측면직각충돌,신호위반,건조,맑음,교차로 - 교차로안,화물,남,57세,상해없음,승용,남,24세,중상
2014062600100557,2014년 6월 26일 21시,목요일,광주광역시 북구 문흥동,경상사고,0,0,1,0,차대차 - 측면직각충돌,교차로운행방법위반,건조,맑음,교차로 - 교차로안,원동기,남,17세,경상,승용,남,38세,상해없음
2014062600100584,2014년 6월 26일 22시,목요일,광주광역시 남구 봉선동,경상사고,0,0,1,0,차대사람 - 길가장자리구역통행중,안전운전불이행,건조,맑음,단일로 - 기타,이륜,남,20세,상해없음,보행자,남,30세,경상
2014062600100585,2014년 6월 26일 22시,목요일,광주광역시 북구 매곡동,경상사고,0,0,2,0,차대차 - 측면직각충돌,안전운전불이행,건조,맑음,단일로 - 기타,승용,남,60세,경상,승용,남,59세,경상
2014062600100586,2014년 6월 26일 22시,목요일,광주광역시 광산구 산월동,중상사고,0,1,0,0,차대사람 - 횡단중,안전운전불이행,건조,맑음,단일로 - 기타,승용,남,55세,상해없음,보행자,남,15세,중상
2014062600100608,2014년 6월 26일 23시,목요일,광주광역시 남구 방림동,중상사고,0,1,1,0,차대차 - 측면직각충돌,안전운전불이행,건조,맑음,단일로 - 기타,승용,남,46세,상해없음,이륜,남,16세,경상
2014062600100609,2014년 6월 26일 23시,목요일,광주광역시 광산구 흑석동,중상사고,0,1,0,0,차대사람 - 기타,안전운전불이행,건조,맑음,단일로 - 기타,승용,남,65세,상해없음,보행자,여,33세,중상
2014062600100610,2014년 6월 26일 23시,목요일,광주광역시 광산구 도산동,경상사고,0,0,1,0,차대차 - 측면직각충돌,신호위반,건조,맑음,교차로 - 교차로안,자전거,남,47세,경상,승용,남,48세,상해없음
2014062700100053,2014년 6월 27일 04시,금요일,광주광역시 서구 광천동,경상사고,0,0,4,0,차대차 - 정면충돌,안전운전불이행,건조,맑음,교차로 - 교차로부근,승용,남,46세,상해없음,승용,남,24세,경상
2014062700100064,2014년 6월 27일 05시,금요일,광주광역시 남구 백운동,경상사고,0,0,1,0,차대차 - 측면직각충돌,안전운전불이행,건조,맑음,교차로 - 교차로안,승용,남,24세,상해없음,승용,여,40세,경상
2014062700100110,2014년 6월 27일 07시,금요일,광주광역시 남구 주월동,부상신고사고,0,0,0,1,차대차 - 측면직각충돌,안전운전불이행,건조,맑음,교차로 - 교차로안,자전거,남,16세,부상신고,승용,남,60세,상해없음
2014062700100156,2014년 6월 27일 08시,금요일,광주광역시 서구 풍암동,경상사고,0,0,1,0,차대차 - 기타,안전운전불이행,건조,맑음,단일로 - 기타,승용,여,39세,상해없음,승합,남,63세,상해없음
2014062700100239,2014년 6월 27일 11시,금요일,광주광역시 서구 치평동,경상사고,0,0,1,0,차대차 - 기타,안전거리미확보,건조,맑음,교차로 - 교차로부근,승용,여,49세,상해없음,승용,남,44세,경상
2014062700100240,2014년 6월 27일 11시,금요일,광주광역시 남구 양림동,경상사고,0,0,2,0,차대차 - 추돌 - 주정차중,안전운전불이행,건조,맑음,단일로 - 기타,승용,남,58세,상해없음,승용,남,53세,경상
2014062700100310,2014년 6월 27일 14시,금요일,광주광역시 남구 백운동,중상사고,0,1,0,0,차대사람 - 기타,안전운전불이행,건조,맑음,단일로 - 횡단보도상,기타불명,기타불명,기타불명,기타불명,보행자,여,51세,중상
2014062700100311,2014년 6월 27일 14시,금요일,광주광역시 남구 백운동,경상사고,0,0,1,0,차대차 - 기타,교차로운행방법위반,건조,맑음,교차로 - 교차로부근,승용,남,55세,상해없음,건설기계,남,46세,경상
2014062700100312,2014년 6월 27일 14시,금요일,광주광역시 북구 신용동,경상사고,0,0,1,0,차대차 - 측면직각충돌,안전운전불이행,건조,맑음,단일로 - 기타,기타불명,기타불명,기타불명,기타불명,자전거,남,7세,경상
2014062700100383,2014년 6월 27일 16시,금요일,광주광역시 남구 화장동,경상사고,0,0,2,0,차대차 - 기타,교차로운행방법위반,기타,맑음,교차로 - 교차로안,화물,남,51세,경상,승용,남,26세,경상
2014062700100468,2014년 6월 27일 18시,금요일,광주광역시 동구 계림동,경상사고,0,0,1,0,차대차 - 측면직각충돌,교차로운행방법위반,건조,맑음,교차로 - 교차로안,이륜,남,20세,경상,승용,남,37세,상해없음
2014062700100470,2014년 6월 27일 18시,금요일,광주광역시 남구 백운동,경상사고,0,0,1,0,차대차 - 기타,안전운전불이행,건조,맑음,교차로 - 교차로안,승용,남,35세,상해없음,승용,남,42세,경상
2014062700100471,2014년 6월 27일 18시,금요일,광주광역시 북구 풍향동,중상사고,0,1,0,0,차대차 - 측면직각충돌,안전운전불이행,건조,맑음,단일로 - 기타,이륜,남,24세,중상,승용,여,43세,상해없음
2014062700100501,2014년 6월 27일 19시,금요일,광주광역시 북구 두암동,경상사고,0,0,1,0,차대사람 - 횡단중,안전운전불이행,건조,맑음,단일로 - 횡단보도부근,승용,여,30세,상해없음,보행자,여,70세,경상
2014062700100502,2014년 6월 27일 19시,금요일,광주광역시 광산구 송정동,경상사고,0,0,1,0,차대차 - 측면직각충돌,안전운전불이행,건조,맑음,교차로 - 교차로부근,원동기,남,50세,경상,화물,남,43세,상해없음
2014062700100541,2014년 6월 27일 20시,금요일,광주광역시 서구 내방동,경상사고,0,0,2,0,차대차 - 추돌 - 진행중,안전운전불이행,건조,맑음,단일로 - 기타,승용,남,49세,상해없음,승용,여,52세,경상
2014062700100614,2014년 6월 27일 22시,금요일,광주광역시 동구 지산동,경상사고,0,0,1,0,차대차 - 측면직각충돌,중앙선침범,건조,맑음,단일로 - 기타,승용,여,50세,상해없음,승용,남,38세,경상
2014062700100615,2014년 6월 27일 22시,금요일,광주광역시 북구 두암동,중상사고,0,1,1,0,차대사람 - 기타,안전운전불이행,건조,맑음,단일로 - 기타,이륜,남,16세,경상,보행자,여,37세,중상
2014062700100645,2014년 6월 27일 23시,금요일,광주광역시 북구 두암동,중상사고,0,1,0,0,차대차 - 추돌 - 주정차중,안전운전불이행,건조,맑음,단일로 - 기타,승용,남,53세,상해없음,승용,남,43세,중상
2014062700100646,2014년 6월 27일 23시,금요일,광주광역시 북구 유동,중상사고,0,1,0,0,차대차 - 측면직각충돌,신호위반,습기,흐림,교차로 - 교차로안,이륜,남,54세,중상,승용,남,25세,상해없음
2014062800100024,2014년 6월 28일 00시,토요일,광주광역시 북구 용두동,경상사고,0,0,1,0,차대사람 - 기타,안전운전불이행,건조,맑음,교차로 - 교차로부근,승합,남,59세,상해없음,보행자,남,57세,경상
2014062800100047,2014년 6월 28일 01시,토요일,광주광역시 남구 주월동,경상사고,0,0,1,0,차대차 - 측면직각충돌,교차로운행방법위반,건조,맑음,교차로 - 교차로안,승용,여,31세,상해없음,원동기,남,52세,경상
2014062800100095,2014년 6월 28일 04시,토요일,광주광역시 북구 문흥동,경상사고,0,0,1,0,차대차 - 추돌 - 진행중,안전운전불이행,건조,맑음,단일로 - 기타,기타불명,기타불명,기타불명,기타불명,기타불명,기타불명,기타불명,기타불명
2014062800100125,2014년 6월 28일 06시,토요일,광주광역시 광산구 월계동,경상사고,0,0,2,0,차대차 - 측면직각충돌,교차로운행방법위반,건조,맑음,교차로 - 교차로안,승용,남,29세,상해없음,승용,여,41세,경상
2014062800100143,2014년 6월 28일 07시,토요일,광주광역시 서구 금호동,경상사고,0,0,2,0,차대차 - 기타,차로위반,건조,맑음,단일로 - 기타,승용,여,46세,기타불명,승용,남,27세,경상
2014062800100157,2014년 6월 28일 08시,토요일,광주광역시 북구 용두동,경상사고,0,0,1,0,차대차 - 측면직각충돌,안전운전불이행,건조,맑음,교차로 - 교차로안,화물,남,37세,상해없음,원동기,남,79세,경상
2014062800100190,2014년 6월 28일 09시,토요일,광주광역시 북구 동림동,경상사고,0,0,1,0,차대차 - 측면직각충돌,안전운전불이행,건조,맑음,교차로 - 교차로안,승용,남,29세,상해없음,승용,여,40세,상해없음
2014062800100220,2014년 6월 28일 10시,토요일,광주광역시 동구 계림동,경상사고,0,0,2,0,차대차 - 추돌 - 진행중,안전거리미확보,건조,맑음,교차로 - 교차로안,승용,남,69세,상해없음,승용,여,57세,경상
2014062800100221,2014년 6월 28일 10시,토요일,광주광역시 광산구 월곡동,경상사고,0,0,1,0,차대차 - 추돌 - 진행중,안전운전불이행,건조,맑음,교차로 - 교차로부근,승용,남,22세,상해없음,승용,남,41세,경상
2014062800100354,2014년 6월 28일 14시,토요일,광주광역시 북구 두암동,중상사고,0,1,0,0,차대차 - 추돌 - 진행중,안전운전불이행,건조,맑음,교차로 - 교차로부근,승용,남,40세,상해없음,이륜,남,51세,중상
2014062800100386,2014년 6월 28일 15시,토요일,광주광역시 서구 화정동,경상사고,0,0,1,0,차대차 - 기타,안전운전불이행,건조,맑음,교차로 - 교차로부근,승합,남,52세,상해없음,화물,남,49세,상해없음
2014062800100387,2014년 6월 28일 15시,토요일,광주광역시 북구 신안동,중상사고,0,1,1,0,차대차 - 측면직각충돌,안전운전불이행,건조,맑음,단일로 - 기타,승합,남,60세,상해없음,승용,남,27세,상해없음
2014062800100421,2014년 6월 28일 16시,토요일,광주광역시 서구 유촌동,경상사고,0,0,8,0,차대차 - 추돌 - 진행중,안전운전불이행,건조,맑음,단일로 - 기타,승용,남,53세,경상,승용,남,34세,경상
2014062800100422,2014년 6월 28일 16시,토요일,광주광역시 북구 신용동,경상사고,0,0,2,0,차대차 - 측면직각충돌,안전운전불이행,건조,맑음,단일로 - 기타,승용,남,40세,상해없음,화물,남,65세,경상
2014062800100514,2014년 6월 28일 19시,토요일,광주광역시 남구 백운동,중상사고,0,1,0,0,차대사람 - 횡단중,안전운전불이행,건조,맑음,교차로 - 교차로부근,승용,여,59세,상해없음,보행자,남,57세,중상
2014062800100542,2014년 6월 28일 20시,토요일,광주광역시 북구 운암동,중상사고,0,1,0,0,차대사람 - 기타,안전운전불이행,건조,맑음,교차로 - 교차로안,승용,남,21세,상해없음,보행자,남,44세,중상
2014062800100543,2014년 6월 28일 20시,토요일,광주광역시 광산구 산월동,중상사고,0,1,0,1,차대사람 - 횡단중,신호위반,건조,맑음,교차로 - 교차로부근,이륜,남,17세,부상신고,보행자,여,52세,중상
2014062800100578,2014년 6월 28일 21시,토요일,광주광역시 북구 용봉동,경상사고,0,0,1,0,차대차 - 측면직각충돌,안전운전불이행,건조,맑음,단일로 - 기타,승용,남,55세,상해없음,이륜,남,32세,경상
2014062900100024,2014년 6월 29일 00시,일요일,광주광역시 서구 풍암동,중상사고,0,1,0,0,차량단독 - 공작물충돌,안전운전불이행,건조,맑음,교차로 - 교차로부근,승용,여,49세,중상,,,,
2014062900100047,2014년 6월 29일 01시,일요일,광주광역시 동구 광산동,경상사고,0,0,1,0,차대사람 - 기타,안전운전불이행,건조,맑음,교차로 - 교차로안,승용,남,20세,상해없음,보행자,남,23세,경상
2014062900100048,2014년 6월 29일 01시,일요일,광주광역시 서구 치평동,경상사고,0,0,2,0,차대차 - 기타,신호위반,건조,맑음,교차로 - 교차로안,승용,남,56세,상해없음,승용,남,54세,상해없음
2014062900100096,2014년 6월 29일 04시,일요일,광주광역시 북구 문흥동,경상사고,0,0,1,0,차대차 - 정면충돌,중앙선침범,건조,맑음,교차로 - 교차로부근,승용,남,39세,상해없음,승용,남,63세,경상
2014062900100148,2014년 6월 29일 08시,일요일,광주광역시 서구 농성동,중상사고,0,1,0,0,차량단독 - 공작물충돌,안전운전불이행,건조,맑음,단일로 - 기타,승용,남,38세,중상,,,,
2014062900100149,2014년 6월 29일 08시,일요일,광주광역시 북구 충효동,사망사고,1,0,0,0,차량단독 - 도로외이탈 - 추락,안전운전불이행,건조,맑음,단일로 - 기타,승용,남,48세,사망,,,,
2014062900100324,2014년 6월 29일 15시,일요일,광주광역시 남구 방림동,경상사고,0,0,2,0,차대차 - 측면직각충돌,신호위반,건조,맑음,교차로 - 교차로안,특수,남,43세,상해없음,승용,남,23세,경상
2014062900100325,2014년 6월 29일 15시,일요일,광주광역시 북구 임동,경상사고,0,0,1,0,차대차 - 측면직각충돌,불법유턴,건조,맑음,단일로 - 기타,승용,남,51세,상해없음,승용,남,46세,상해없음
2014062900100360,2014년 6월 29일 16시,일요일,광주광역시 남구 주월동,경상사고,0,0,1,0,차량단독 - 공작물충돌,안전운전불이행,건조,맑음,단일로 - 기타,승용,남,47세,상해없음,,,,
2014062900100361,2014년 6월 29일 16시,일요일,광주광역시 북구 일곡동,경상사고,0,0,3,0,차대차 - 측면직각충돌,직진우회전진행방해,건조,맑음,교차로 - 교차로안,승용,남,48세,상해없음,승용,여,30세,경상
2014062900100396,2014년 6월 29일 17시,일요일,광주광역시 서구 광천동,경상사고,0,0,1,0,차대차 - 측면직각충돌,교차로운행방법위반,건조,맑음,교차로 - 교차로안,승합,여,38세,상해없음,승용,여,31세,경상
2014062900100397,2014년 6월 29일 17시,일요일,광주광역시 광산구 월곡동,경상사고,0,0,1,0,차대사람 - 기타,안전운전불이행,건조,맑음,교차로 - 교차로부근,승용,남,67세,상해없음,보행자,여,51세,경상
2014062900100426,2014년 6월 29일 18시,일요일,광주광역시 서구 내방동,경상사고,0,0,6,0,차대차 - 측면직각충돌,교차로운행방법위반,건조,맑음,교차로 - 교차로안,승용,여,48세,상해없음,승용,여,42세,경상
2014062900100472,2014년 6월 29일 20시,일요일,광주광역시 광산구 하남동,중상사고,0,1,0,0,차대사람 - 횡단중,안전운전불이행,건조,맑음,교차로 - 교차로안,승합,남,44세,상해없음,보행자,남,52세,중상
2014062900100494,2014년 6월 29일 21시,일요일,광주광역시 동구 계림동,경상사고,0,0,1,0,차대차 - 기타,교차로운행방법위반,건조,맑음,교차로 - 교차로부근,승용,여,44세,상해없음,이륜,남,45세,경상
2014062900100541,2014년 6월 29일 23시,일요일,광주광역시 서구 쌍촌동,경상사고,0,0,1,0,차대사람 - 횡단중,안전운전불이행,건조,맑음,단일로 - 기타,승용,기타불명,기타불명,기타불명,보행자,남,34세,경상
2014062900100542,2014년 6월 29일 23시,일요일,광주광역시 서구 금호동,경상사고,0,0,2,0,차대차 - 추돌 - 주정차중,불법유턴,건조,맑음,단일로 - 기타,승용,남,24세,상해없음,승용,여,50세,경상
2014063000100009,2014년 6월 30일 00시,월요일,광주광역시 북구 운암동,경상사고,0,0,1,0,차대사람 - 길가장자리구역통행중,안전운전불이행,건조,맑음,교차로 - 교차로부근,승용,기타불명,기타불명,기타불명,보행자,여,35세,경상
2014063000100020,2014년 6월 30일 01시,월요일,광주광역시 서구 화정동,경상사고,0,0,1,0,차대차 - 추돌 - 주정차중,안전운전불이행,건조,맑음,단일로 - 기타,승용,기타불명,기타불명,기타불명,승용,남,55세,상해없음
2014063000100021,2014년 6월 30일 01시,월요일,광주광역시 북구 운암동,경상사고,0,0,1,0,차대차 - 측면직각충돌,안전거리미확보,건조,맑음,단일로 - 기타,승용,남,56세,경상,승용,남,28세,상해없음
2014063000100022,2014년 6월 30일 01시,월요일,광주광역시 광산구 우산동,경상사고,0,0,1,0,차대차 - 추돌 - 진행중,안전운전불이행,건조,맑음,교차로 - 교차로부근,승용,남,26세,기타불명,승용,남,37세,경상
2014063000100134,2014년 6월 30일 08시,월요일,광주광역시 동구 소태동,경상사고,0,0,1,0,차대차 - 측면직각충돌,안전거리미확보,건조,맑음,단일로 - 터널,승용,남,36세,상해없음,승용,여,32세,경상
2014063000100135,2014년 6월 30일 08시,월요일,광주광역시 광산구 도천동,경상사고,0,0,1,0,차대차 - 추돌 - 주정차중,안전운전불이행,건조,맑음,단일로 - 기타,승용,남,35세,상해없음,승용,남,53세,경상
2014063000100136,2014년 6월 30일 08시,월요일,광주광역시 광산구 우산동,경상사고,0,0,1,0,차대차 - 기타,안전거리미확보,건조,맑음,교차로 - 교차로안,승합,남,48세,상해없음,자전거,남,70세,경상