사고번호,사고일시,요일,시군구,사고내용,사망자수,중상자수,경상자수,부상신고자수,사고유형,법규위반,노면상태,기상상태,도로형태,가해운전자 차종,가해운전자 성별,가해운전자 연령,가해운전자 상해정도,피해운전자 차종,피해운전자 성별,피해운전자 연령,피해운전자 상해정도
2014071100100258,2014년 7월 11일 11시,금요일,광주광역시 서구 유촌동,경상사고,0,0,2,0,차대차 - 기타,안전거리미확보,건조,맑음,단일로 - 기타,건설기계,남,53세,상해없음,승용,남,73세,경상
2014071100100290,2014년 7월 11일 12시,금요일,광주광역시 동구 계림동,경상사고,0,0,1,0,차대사람 - 기타,안전운전불이행,건조,맑음,단일로 - 기타,화물,남,31세,상해없음,보행자,여,52세,경상
2014071100100314,2014년 7월 11일 13시,금요일,광주광역시 광산구 신창동,부상신고사고,0,0,0,1,차량단독 - 공작물충돌,기타,건조,맑음,기타 - 기타,화물,남,34세,부상신고,,,,
2014071100100395,2014년 7월 11일 15시,금요일,광주광역시 남구 봉선동,경상사고,0,0,3,0,차대차 - 추돌 - 주정차중,안전운전불이행,건조,맑음,단일로 - 기타,승용,여,50세,상해없음,승용,여,34세,경상
2014071100100431,2014년 7월 11일 16시,금요일,광주광역시 남구 주월동,경상사고,0,0,3,0,차대차 - 기타,안전운전불이행,건조,맑음,단일로 - 기타,승용,남,36세,상해없음,승용,남,30세,경상
2014071100100432,2014년 7월 11일 16시,금요일,광주광역시 북구 문흥동,경상사고,0,0,1,0,차대차 - 추돌 - 주정차중,안전운전불이행,건조,맑음,교차로 - 교차로부근,승용,남,38세,상해없음,승용,남,68세,상해없음
2014071100100492,2014년 7월 11일 17시,금요일,광주광역시 북구 운암동,경상사고,0,0,1,0,차대차 - 측면직각충돌,교차로운행방법위반,건조,맑음,교차로 - 교차로안,승용,여,58세,상해없음,승용,남,32세,경상
2014071100100549,2014년 7월 11일 18시,금요일,광주광역시 서구 쌍촌동,경상사고,0,0,1,0,차대차 - 추돌 - 주정차중,안전운전불이행,건조,맑음,단일로 - 기타,승용,남,57세,기타불명,승용,여,35세,경상
2014071100100550,2014년 7월 11일 18시,금요일,광주광역시 서구 동천동,경상사고,0,0,11,0,차대차 - 추돌 - 주정차중,안전운전불이행,건조,맑음,단일로 - 기타,승합,남,57세,상해없음,승용,남,24세,경상
2014071100100584,2014년 7월 11일 19시,금요일,광주광역시 서구 화정동,경상사고,0,0,1,0,차대사람 - 기타,안전운전불이행,건조,맑음,교차로 - 교차로안,승용,여,29세,상해없음,보행자,남,28세,경상
2014071100100585,2014년 7월 11일 19시,금요일,광주광역시 서구 풍암동,경상사고,0,0,4,0,차대차 - 추돌 - 주정차중,안전거리미확보,건조,맑음,교차로 - 교차로부근,승용,여,37세,경상,승용,여,56세,경상
2014071100100586,2014년 7월 11일 19시,금요일,광주광역시 서구 양동,경상사고,0,0,1,0,차량단독 - 기타,기타,건조,맑음,단일로 - 기타,승합,남,54세,상해없음,,,,
2014071100100587,2014년 7월 11일 19시,금요일,광주광역시 광산구 고룡동,경상사고,0,0,3,0,차대차 - 기타,교차로운행방법위반,건조,맑음,교차로 - 교차로안,승용,남,49세,상해없음,승용,남,29세,경상
2014071100100634,2014년 7월 11일 20시,금요일,광주광역시 서구 치평동,중상사고,0,1,0,0,차대차 - 측면직각충돌,안전운전불이행,건조,맑음,단일로 - 기타,승용,여,27세,상해없음,이륜,남,19세,중상
2014071100100635,2014년 7월 11일 20시,금요일,광주광역시 광산구 월계동,경상사고,0,0,2,0,차대차 - 추돌 - 진행중,교차로운행방법위반,건조,맑음,교차로 - 교차로안,승용,여,54세,상해없음,승용,남,22세,경상
2014071100100673,2014년 7월 11일 21시,금요일,광주광역시 북구 용봉동,중상사고,0,1,0,0,차대차 - 측면직각충돌,안전거리미확보,건조,맑음,단일로 - 기타,승용,여,23세,상해없음,원동기,남,32세,중상
2014071100100720,2014년 7월 11일 22시,금요일,광주광역시 광산구 장덕동,중상사고,0,1,0,0,차대차 - 측면직각충돌,안전운전불이행,건조,맑음,단일로 - 횡단보도상,승합,남,67세,상해없음,자전거,남,16세,중상
2014071100100752,2014년 7월 11일 23시,금요일,광주광역시 북구 용봉동,경상사고,0,0,1,0,차대사람 - 차도통행중,불법유턴,건조,맑음,단일로 - 기타,승용,남,34세,상해없음,보행자,남,56세,경상
2014071100100753,2014년 7월 11일 23시,금요일,광주광역시 광산구 월계동,경상사고,0,0,2,0,차대차 - 기타,안전거리미확보,건조,맑음,단일로 - 기타,승용,남,45세,상해없음,승용,여,33세,경상
2014071200100073,2014년 7월 12일 02시,토요일,광주광역시 서구 광천동,경상사고,0,0,1,0,차대사람 - 기타,안전운전불이행,건조,맑음,교차로 - 교차로안,승용,남,36세,상해없음,보행자,남,43세,경상
2014071200100074,2014년 7월 12일 02시,토요일,광주광역시 북구 문흥동,경상사고,0,0,1,0,차량단독 - 공작물충돌,안전운전불이행,건조,맑음,단일로 - 기타,승용,남,36세,상해없음,,,,
2014071200100075,2014년 7월 12일 02시,토요일,광주광역시 광산구 소촌동,경상사고,0,0,6,0,차량단독 - 전도전복,안전운전불이행,건조,맑음,단일로 - 기타,승용,남,28세,경상,,,,
2014071200100136,2014년 7월 12일 06시,토요일,광주광역시 광산구 운남동,경상사고,0,0,1,0,차대차 - 추돌 - 주정차중,안전운전불이행,건조,맑음,단일로 - 기타,이륜,남,16세,경상,승용,남,27세,상해없음
2014071200100177,2014년 7월 12일 08시,토요일,광주광역시 동구 운림동,중상사고,0,1,0,0,차대사람 - 기타,안전운전불이행,건조,맑음,단일로 - 기타,승용,남,45세,상해없음,보행자,여,54세,중상
2014071200100178,2014년 7월 12일 08시,토요일,광주광역시 광산구 흑석동,중상사고,0,1,0,0,차대차 - 측면직각충돌,신호위반,건조,맑음,교차로 - 교차로안,승용,남,43세,상해없음,자전거,여,21세,중상
2014071200100236,2014년 7월 12일 10시,토요일,광주광역시 서구 덕흥동,경상사고,0,0,1,0,차대차 - 기타,안전거리미확보,건조,맑음,단일로 - 기타,승용,남,64세,상해없음,승용,남,49세,상해없음
2014071200100237,2014년 7월 12일 10시,토요일,광주광역시 서구 쌍촌동,경상사고,0,0,1,0,차대차 - 기타,안전운전불이행,건조,맑음,교차로 - 교차로안,기타불명,기타불명,기타불명,기타불명,자전거,남,54세,경상
2014071200100271,2014년 7월 12일 11시,토요일,광주광역시 광산구 수완동,경상사고,0,0,2,0,차대차 - 측면직각충돌,안전거리미확보,건조,맑음,단일로 - 기타,화물,남,35세,상해없음,승용,남,37세,경상
2014071200100306,2014년 7월 12일 12시,토요일,광주광역시 광산구 산월동,경상사고,0,0,1,0,차대차 - 측면직각충돌,신호위반,건조,맑음,단일로 - 횡단보도상,승용,남,29세,상해없음,자전거,남,13세,경상
2014071200100363,2014년 7월 12일 14시,토요일,광주광역시 남구 송하동,경상사고,0,0,1,0,차대사람 - 기타,안전운전불이행,건조,맑음,단일로 - 기타,승합,남,57세,상해없음,보행자,여,54세,경상
2014071200100439,2014년 7월 12일 17시,토요일,광주광역시 북구 운암동,경상사고,0,0,2,0,차대차 - 측면직각충돌,안전운전불이행,건조,맑음,단일로 - 기타,승용,남,55세,상해없음,승용,여,42세,경상
2014071200100494,2014년 7월 12일 19시,토요일,광주광역시 광산구 소촌동,경상사고,0,0,1,0,차대차 - 측면직각충돌,신호위반,건조,맑음,교차로 - 교차로안,승용,남,41세,상해없음,승용,남,33세,경상
2014071200100495,2014년 7월 12일 19시,토요일,광주광역시 광산구 산월동,경상사고,0,0,1,0,차대차 - 기타,교차로운행방법위반,건조,맑음,교차로 - 교차로부근,화물,남,52세,상해없음,승용,남,30세,상해없음
2014071200100588,2014년 7월 12일 22시,토요일,광주광역시 서구 화정동,경상사고,0,0,5,0,차대차 - 추돌 - 진행중,안전운전불이행,습기,흐림,단일로 - 기타,승용,남,34세,기타불명,승용,여,47세,경상
2014071200100589,2014년 7월 12일 22시,토요일,광주광역시 북구 연제동,경상사고,0,0,1,0,차대차 - 기타,안전운전불이행,습기,비,단일로 - 기타,승용,남,40세,상해없음,승용,남,30세,경상
2014071300100023,2014년 7월 13일 00시,일요일,광주광역시 북구 매곡동,경상사고,0,0,1,0,차대차 - 측면직각충돌,중앙선침범,습기,비,단일로 - 기타,승용,여,50세,상해없음,승합,남,48세,상해없음
2014071300100024,2014년 7월 13일 00시,일요일,광주광역시 북구 연제동,중상사고,0,1,0,0,차대사람 - 횡단중,보행자보호의무위반,습기,비,교차로 - 교차로안,승용,남,20세,상해없음,보행자,남,28세,중상
2014071300100047,2014년 7월 13일 01시,일요일,광주광역시 동구 대인동,경상사고,0,0,2,0,차대차 - 추돌 - 진행중,안전거리미확보,습기,비,단일로 - 횡단보도부근,승용,남,46세,상해없음,승용,남,21세,경상
2014071300100048,2014년 7월 13일 01시,일요일,광주광역시 서구 광천동,경상사고,0,0,1,0,차대차 - 추돌 - 진행중,안전거리미확보,건조,흐림,교차로 - 교차로부근,승용,남,61세,상해없음,승용,남,49세,경상
2014071300100049,2014년 7월 13일 01시,일요일,광주광역시 광산구 쌍암동,경상사고,0,0,1,0,차대차 - 추돌 - 진행중,안전거리미확보,건조,맑음,교차로 - 교차로부근,승용,남,61세,상해없음,승용,남,49세,경상
2014071300100087,2014년 7월 13일 03시,일요일,광주광역시 북구 동림동,경상사고,0,0,1,0,차대사람 - 차도통행중,중앙선침범,건조,맑음,단일로 - 기타,승용,남,71세,상해없음,보행자,남,48세,경상
2014071300100128,2014년 7월 13일 06시,일요일,광주광역시 서구 치평동,경상사고,0,0,2,0,차대차 - 측면직각충돌,교차로운행방법위반,건조,맑음,교차로 - 교차로안,승용,남,23세,상해없음,승용,남,58세,경상
2014071300100129,2014년 7월 13일 06시,일요일,광주광역시 남구 방림동,중상사고,0,1,0,0,차대차 - 측면직각충돌,안전운전불이행,건조,맑음,단일로 - 횡단보도상,승용,여,36세,상해없음,자전거,남,65세,중상
2014071300100144,2014년 7월 13일 07시,일요일,광주광역시 북구 양산동,경상사고,0,0,1,0,차대차 - 측면직각충돌,중앙선침범,습기,흐림,단일로 - 기타,승용,남,53세,상해없음,승용,남,48세,경상
2014071300100180,2014년 7월 13일 09시,일요일,광주광역시 북구 두암동,경상사고,0,0,1,0,차대차 - 측면직각충돌,안전운전불이행,습기,비,교차로 - 교차로안,승용,남,45세,상해없음,자전거,여,51세,경상
2014071300100210,2014년 7월 13일 11시,일요일,광주광역시 북구 임동,경상사고,0,0,2,0,차대차 - 측면직각충돌,안전거리미확보,건조,맑음,단일로 - 기타,승용,여,77세,상해없음,승용,여,54세,경상
2014071300100300,2014년 7월 13일 14시,일요일,광주광역시 광산구 월계동,경상사고,0,0,1,0,차대사람 - 횡단중,보행자보호의무위반,건조,맑음,교차로 - 교차로부근,이륜,남,18세,상해없음,보행자,남,24세,경상
2014071300100386,2014년 7월 13일 17시,일요일,광주광역시 광산구 운수동,경상사고,0,0,3,0,차대차 - 추돌 - 주정차중,안전운전불이행,건조,맑음,교차로 - 교차로부근,승용,남,46세,상해없음,승용,남,43세,경상
2014071300100451,2014년 7월 13일 19시,일요일,광주광역시 서구 금호동,경상사고,0,0,1,0,차대차 - 추돌 - 진행중,안전거리미확보,건조,흐림,교차로 - 교차로부근,승용,여,30세,상해없음,승용,남,24세,경상
2014071300100452,2014년 7월 13일 19시,일요일,광주광역시 광산구 우산동,중상사고,0,1,1,0,차대차 - 정면충돌,안전운전불이행,건조,맑음,단일로 - 기타,자전거,남,18세,중상,자전거,남,17세,경상
2014071300100477,2014년 7월 13일 20시,일요일,광주광역시 서구 쌍촌동,경상사고,0,0,2,0,차대차 - 기타,신호위반,건조,맑음,교차로 - 교차로안,승용,남,53세,상해없음,승용,남,55세,상해없음
2014071300100478,2014년 7월 13일 20시,일요일,광주광역시 광산구 송정동,경상사고,0,0,2,0,차대차 - 기타,안전거리미확보,건조,맑음,교차로 - 교차로부근,승용,남,63세,상해없음,승용,남,43세,경상
2014071300100530,2014년 7월 13일 23시,일요일,광주광역시 서구 치평동,중상사고,0,1,5,1,차대차 - 기타,안전운전불이행,건조,기타,교차로 - 교차로부근,승용,남,41세,부상신고,승용,남,48세,경상
2014071300100531,2014년 7월 13일 23시,일요일,광주광역시 북구 신안동,경상사고,0,0,1,0,차대차 - 추돌 - 주정차중,안전거리미확보,건조,맑음,단일로 - 기타,승용,남,78세,상해없음,화물,남,32세,경상
2014071400100067,2014년 7월 14일 06시,월요일,광주광역시 북구 각화동,중상사고,0,1,0,0,차대사람 - 길가장자리구역통행중,안전운전불이행,건조,맑음,단일로 - 기타,승용,남,40세,상해없음,보행자,남,63세,중상
2014071400100131,2014년 7월 14일 08시,월요일,광주광역시 남구 사동,경상사고,0,0,1,0,차대차 - 추돌 - 주정차중,안전거리미확보,건조,맑음,단일로 - 기타,승용,남,64세,상해없음,승용,여,35세,경상
2014071400100162,2014년 7월 14일 09시,월요일,광주광역시 남구 사동,사망사고,1,0,0,0,차대사람 - 횡단중,안전운전불이행,건조,맑음,교차로 - 교차로부근,승용,여,56세,상해없음,보행자,여,64세,사망
2014071400100163,2014년 7월 14일 09시,월요일,광주광역시 광산구 도산동,중상사고,0,1,0,0,차대차 - 측면직각충돌,기타,건조,맑음,단일로 - 기타,승용,남,39세,상해없음,이륜,남,77세,중상
2014071400100264,2014년 7월 14일 13시,월요일,광주광역시 북구 운암동,경상사고,0,0,1,0,차대차 - 추돌 - 주정차중,안전운전불이행,건조,맑음,단일로 - 기타,자전거,남,24세,경상,승용,남,46세,상해없음
2014071400100350,2014년 7월 14일 16시,월요일,광주광역시 서구 쌍촌동,경상사고,0,0,1,0,차대사람 - 기타,안전운전불이행,건조,맑음,단일로 - 기타,승용,남,24세,상해없음,보행자,여,63세,경상
2014071400100393,2014년 7월 14일 17시,월요일,광주광역시 남구 진월동,중상사고,0,1,0,0,차대사람 - 기타,안전운전불이행,건조,맑음,단일로 - 기타,승합,남,58세,상해없음,보행자,여,78세,중상
2014071400100464,2014년 7월 14일 19시,월요일,광주광역시 광산구 신창동,경상사고,0,0,2,0,차대차 - 추돌 - 진행중,안전거리미확보,건조,맑음,단일로 - 터널,승용,남,47세,상해없음,승용,여,30세,경상
2014071400100540,2014년 7월 14일 21시,월요일,광주광역시 서구 쌍촌동,경상사고,0,0,1,0,차량단독 - 기타,안전운전불이행,건조,맑음,단일로 - 기타,이륜,남,37세,경상,,,,
2014071400100566,2014년 7월 14일 22시,월요일,광주광역시 북구 운암동,경상사고,0,0,1,0,차대차 - 추돌 - 주정차중,안전운전불이행,건조,맑음,교차로 - 교차로안,승용,남,46세,상해없음,승용,여,35세,상해없음
2014071400100584,2014년 7월 14일 23시,월요일,광주광역시 북구 운암동,경상사고,0,0,2,0,차대차 - 측면직각충돌,중앙선침범,건조,맑음,미분류 - 미분류,화물,남,24세,상해없음,승용,남,38세,경상
2014071400100585,2014년 7월 14일 23시,월요일,광주광역시 광산구 운남동,중상사고,0,1,2,0,차대사람 - 차도통행중,안전운전불이행,건조,맑음,교차로 - 교차로부근,원동기,남,17세,경상,보행자,남,44세,중상
2014071500100026,2014년 7월 15일 01시,화요일,광주광역시 동구 대인동,경상사고,0,0,2,0,차대차 - 정면충돌,신호위반,건조,맑음,교차로 - 교차로안,승용,남,57세,상해없음,승용,여,27세,경상
2014071500100090,2014년 7월 15일 07시,화요일,광주광역시 북구 중흥동,경상사고,0,0,5,0,차대차 - 추돌 - 진행중,안전거리미확보,건조,맑음,단일로 - 기타,승용,여,26세,경상,승용,남,31세,상해없음
2014071500100091,2014년 7월 15일 07시,화요일,광주광역시 광산구 하남동,경상사고,0,0,2,0,차대차 - 측면직각충돌,교차로운행방법위반,건조,맑음,교차로 - 교차로안,승용,여,50세,경상,화물,남,54세,경상
2014071500100128,2014년 7월 15일 08시,화요일,광주광역시 북구 신안동,경상사고,0,0,1,0,차대차 - 측면직각충돌,안전거리미확보,건조,맑음,단일로 - 기타,승용,남,72세,상해없음,승용,남,40세,경상
2014071500100129,2014년 7월 15일 08시,화요일,광주광역시 북구 신용동,경상사고,0,0,5,0,차대차 - 측면직각충돌,안전운전불이행,건조,맑음,교차로 - 교차로부근,승용,여,28세,경상,승용,여,35세,경상
2014071500100175,2014년 7월 15일 10시,화요일,광주광역시 북구 지야동,사망사고,1,0,0,0,차대차 - 측면직각충돌,교차로운행방법위반,건조,흐림,교차로 - 교차로안,승용,남,44세,상해없음,원동기,남,69세,사망
2014071500100176,2014년 7월 15일 10시,화요일,광주광역시 북구 지야동,경상사고,0,0,3,0,차대차 - 측면직각충돌,안전거리미확보,건조,맑음,단일로 - 기타,승용,여,50세,경상,화물,남,43세,경상
2014071500100213,2014년 7월 15일 11시,화요일,광주광역시 북구 용두동,경상사고,0,0,1,0,차대차 - 측면직각충돌,안전운전불이행,건조,맑음,단일로 - 기타,이륜,남,17세,경상,승용,남,49세,상해없음
2014071500100214,2014년 7월 15일 11시,화요일,광주광역시 광산구 수완동,경상사고,0,0,1,0,차대차 - 기타,교차로운행방법위반,건조,맑음,교차로 - 교차로안,승용,남,37세,상해없음,승용,남,31세,상해없음
2014071500100246,2014년 7월 15일 12시,화요일,광주광역시 서구 동천동,경상사고,0,0,4,0,차대차 - 추돌 - 진행중,안전거리미확보,습기,비,단일로 - 기타,화물,기타불명,기타불명,기타불명,승용,남,50세,경상
2014071500100247,2014년 7월 15일 12시,화요일,광주광역시 북구 월출동,경상사고,0,0,2,0,차대차 - 측면직각충돌,교차로운행방법위반,건조,맑음,교차로 - 교차로안,승용,남,22세,상해없음,승용,남,37세,경상
2014071500100291,2014년 7월 15일 14시,화요일,광주광역시 북구 우산동,경상사고,0,0,3,0,차대차 - 추돌 - 주정차중,안전운전불이행,건조,맑음,단일로 - 기타,승용,남,58세,상해없음,승용,남,40세,경상
2014071500100361,2014년 7월 15일 16시,화요일,광주광역시 서구 풍암동,경상사고,0,0,1,0,차대사람 - 기타,안전운전불이행,건조,맑음,교차로 - 교차로안,승용,여,27세,상해없음,보행자,여,8세,경상
2014071500100455,2014년 7월 15일 18시,화요일,광주광역시 광산구 신가동,경상사고,0,0,1,0,차대차 - 추돌 - 진행중,신호위반,건조,맑음,교차로 - 교차로안,원동기,남,71세,경상,화물,남,63세,상해없음
2014071500100492,2014년 7월 15일 19시,화요일,광주광역시 동구 계림동,경상사고,0,0,5,0,차대차 - 기타,안전거리미확보,건조,맑음,기타 - 기타,승용,남,45세,상해없음,승용,여,26세,경상
2014071500100493,2014년 7월 15일 19시,화요일,광주광역시 광산구 신가동,경상사고,0,0,1,0,차대차 - 추돌 - 진행중,안전거리미확보,건조,맑음,교차로 - 교차로부근,승용,남,52세,상해없음,원동기,남,25세,경상
2014071500100531,2014년 7월 15일 20시,화요일,광주광역시 동구 계림동,경상사고,0,0,1,0,차대차 - 측면직각충돌,안전운전불이행,건조,맑음,교차로 - 교차로안,승용,여,65세,상해없음,승용,남,38세,상해없음
2014071500100532,2014년 7월 15일 20시,화요일,광주광역시 북구 풍향동,사망사고,1,0,0,0,차대사람 - 횡단중,안전운전불이행,건조,맑음,단일로 - 기타,승용,남,39세,상해없음,보행자,여,66세,사망
2014071500100575,2014년 7월 15일 21시,화요일,광주광역시 남구 송하동,경상사고,0,0,1,0,차대사람 - 횡단중,신호위반,건조,맑음,교차로 - 교차로부근,승용,여,54세,상해없음,보행자,남,31세,경상
2014071500100613,2014년 7월 15일 22시,화요일,광주광역시 동구 지산동,경상사고,0,0,1,0,차대사람 - 길가장자리구역통행중,안전운전불이행,기타,기타,교차로 - 교차로안,기타불명,기타불명,기타불명,기타불명,보행자,남,20세,경상
2014071600100018,2014년 7월 16일 00시,수요일,광주광역시 광산구 신창동,경상사고,0,0,2,0,차대차 - 추돌 - 주정차중,안전거리미확보,건조,맑음,단일로 - 기타,승용,남,29세,상해없음,승용,남,53세,경상
2014071600100052,2014년 7월 16일 04시,수요일,광주광역시 북구 오치동,사망사고,1,0,0,0,차대사람 - 횡단중,안전운전불이행,건조,맑음,단일로 - 기타,승용,남,57세,상해없음,보행자,남,79세,사망
2014071600100089,2014년 7월 16일 07시,수요일,광주광역시 남구 송하동,사망사고,1,0,0,0,차대차 - 기타,안전운전불이행,건조,맑음,교차로 - 교차로부근,승용,남,56세,상해없음,자전거,남,65세,사망
2014071600100128,2014년 7월 16일 08시,수요일,광주광역시 광산구 장덕동,중상사고,0,1,1,0,차대차 - 추돌 - 주정차중,안전운전불이행,건조,맑음,교차로 - 교차로부근,승용,여,46세,중상,승합,남,64세,경상
2014071600100168,2014년 7월 16일 09시,수요일,광주광역시 북구 용봉동,경상사고,0,0,1,0,차대사람 - 횡단중,신호위반,건조,맑음,단일로 - 횡단보도상,이륜,기타불명,기타불명,기타불명,보행자,여,65세,경상
2014071600100191,2014년 7월 16일 10시,수요일,광주광역시 북구 신안동,중상사고,0,1,0,0,차대사람 - 기타,안전운전불이행,건조,맑음,단일로 - 기타,승합,남,60세,상해없음,보행자,여,73세,중상
2014071600100215,2014년 7월 16일 11시,수요일,광주광역시 서구 치평동,경상사고,0,0,1,0,차대차 - 측면직각충돌,차로위반,건조,맑음,단일로 - 기타,승용,남,52세,상해없음,승용,남,46세,경상
2014071600100216,2014년 7월 16일 11시,수요일,광주광역시 북구 각화동,경상사고,0,0,1,0,차대사람 - 길가장자리구역통행중,안전운전불이행,습기,흐림,단일로 - 기타,승용,여,68세,상해없음,보행자,남,70세,경상
2014071600100217,2014년 7월 16일 11시,수요일,광주광역시 광산구 소촌동,경상사고,0,0,2,0,차대차 - 추돌 - 주정차중,안전운전불이행,건조,맑음,단일로 - 기타,승용,남,55세,상해없음,승용,여,53세,경상
2014071600100277,2014년 7월 16일 13시,수요일,광주광역시 서구 치평동,경상사고,0,0,1,0,차대차 - 측면직각충돌,교차로운행방법위반,건조,맑음,교차로 - 교차로안,승용,남,46세,상해없음,승용,남,40세,경상
2014071600100278,2014년 7월 16일 13시,수요일,광주광역시 광산구 신가동,경상사고,0,0,1,0,차대차 - 기타,안전운전불이행,건조,맑음,교차로 - 교차로안,승용,남,63세,상해없음,화물,남,35세,경상
2014071600100311,2014년 7월 16일 14시,수요일,광주광역시 서구 풍암동,경상사고,0,0,2,0,차대차 - 기타,안전운전불이행,건조,맑음,단일로 - 기타,화물,남,52세,상해없음,승용,여,35세,경상
2014071600100312,2014년 7월 16일 14시,수요일,광주광역시 남구 봉선동,경상사고,0,0,1,0,차대차 - 추돌 - 주정차중,안전거리미확보,건조,맑음,단일로 - 기타,승용,남,40세,상해없음,승용,남,38세,경상
2014071600100313,2014년 7월 16일 14시,수요일,광주광역시 광산구 옥동,경상사고,0,0,1,0,차대차 - 추돌 - 진행중,안전운전불이행,건조,맑음,단일로 - 기타,승용,남,37세,상해없음,승용,남,31세,경상
2014071600100343,2014년 7월 16일 15시,수요일,광주광역시 서구 동천동,경상사고,0,0,1,0,차대차 - 기타,안전운전불이행,건조,맑음,단일로 - 기타,승용,남,58세,상해없음,승용,남,46세,경상
2014071600100443,2014년 7월 16일 17시,수요일,광주광역시 동구 산수동,경상사고,0,0,2,1,차대차 - 측면직각충돌,안전운전불이행,건조,맑음,단일로 - 기타,이륜,남,17세,경상,승용,남,44세,경상
2014071600100444,2014년 7월 16일 17시,수요일,광주광역시 남구 구동,경상사고,0,0,2,0,차대차 - 측면직각충돌,안전운전불이행,건조,맑음,단일로 - 기타,승용,남,61세,상해없음,승용,남,24세,경상
2014071600100445,2014년 7월 16일 17시,수요일,광주광역시 남구 월산동,경상사고,0,0,2,0,차대차 - 측면직각충돌,중앙선침범,건조,맑음,교차로 - 교차로부근,승용,여,53세,상해없음,승용,여,36세,경상
2014071600100485,2014년 7월 16일 18시,수요일,광주광역시 동구 산수동,부상신고사고,0,0,0,1,차대사람 - 횡단중,안전운전불이행,습기,비,단일로 - 기타,기타불명,기타불명,기타불명,기타불명,보행자,남,53세,부상신고
2014071600100527,2014년 7월 16일 19시,수요일,광주광역시 북구 오룡동,경상사고,0,0,1,0,차대차 - 측면직각충돌,교차로운행방법위반,건조,맑음,교차로 - 교차로안,승합,남,39세,상해없음,승용,여,33세,경상
2014071600100605,2014년 7월 16일 21시,수요일,광주광역시 광산구 운남동,경상사고,0,0,1,0,차대차 - 측면직각충돌,안전거리미확보,습기,흐림,단일로 - 기타,승용,남,53세,상해없음,승용,남,24세,경상
2014071600100647,2014년 7월 16일 22시,수요일,광주광역시 동구 충장로5가,경상사고,0,0,1,0,차대차 - 측면직각충돌,안전거리미확보,습기,비,교차로 - 교차로부근,자전거,남,17세,경상,승용,남,35세,상해없음
2014071600100648,2014년 7월 16일 22시,수요일,광주광역시 북구 양산동,중상사고,0,1,1,0,차대차 - 정면충돌,중앙선침범,건조,맑음,단일로 - 기타,승용,남,36세,경상,승용,남,43세,중상
2014071600100649,2014년 7월 16일 22시,수요일,광주광역시 광산구 하남동,경상사고,0,0,4,0,차대차 - 추돌 - 주정차중,안전운전불이행,건조,흐림,교차로 - 교차로부근,승용,남,20세,상해없음,승용,남,39세,경상
2014071600100679,2014년 7월 16일 23시,수요일,광주광역시 동구 금동,부상신고사고,0,0,0,1,차대사람 - 기타,안전운전불이행,습기,비,단일로 - 기타,기타불명,기타불명,기타불명,기타불명,보행자,남,48세,부상신고
2014071600100680,2014년 7월 16일 23시,수요일,광주광역시 남구 서동,경상사고,0,0,2,0,차대차 - 측면직각충돌,중앙선침범,건조,맑음,단일로 - 기타,승용,남,44세,상해없음,승용,남,29세,경상
2014071600100681,2014년 7월 16일 23시,수요일,광주광역시 광산구 신창동,경상사고,0,0,1,0,차대차 - 측면직각충돌,안전운전불이행,습기,비,교차로 - 교차로부근,승용,남,44세,기타불명,승용,남,30세,경상
2014071700100018,2014년 7월 17일 00시,목요일,광주광역시 동구 서석동,중상사고,0,1,0,0,차대사람 - 횡단중,과속,건조,흐림,단일로 - 기타,승용,남,55세,상해없음,보행자,남,44세,중상
2014071700100019,2014년 7월 17일 00시,목요일,광주광역시 동구 금남로5가,중상사고,0,1,0,0,차대사람 - 길가장자리구역통행중,안전운전불이행,건조,맑음,교차로 - 교차로안,승용,남,32세,상해없음,보행자,남,68세,중상
2014071700100020,2014년 7월 17일 00시,목요일,광주광역시 광산구 산월동,중상사고,0,1,0,0,차대차 - 측면직각충돌,안전운전불이행,습기,비,교차로 - 교차로안,승용,남,52세,상해없음,이륜,남,19세,중상
2014071700100048,2014년 7월 17일 02시,목요일,광주광역시 북구 임동,중상사고,0,1,2,0,차대차 - 정면충돌,신호위반,습기,비,교차로 - 교차로안,승용,남,32세,경상,승용,남,34세,중상
2014071700100073,2014년 7월 17일 05시,목요일,광주광역시 서구 화정동,경상사고,0,0,1,0,차대차 - 측면직각충돌,차로위반,습기,비,단일로 - 기타,승용,남,34세,상해없음,승용,여,68세,경상
2014071700100108,2014년 7월 17일 07시,목요일,광주광역시 광산구 하산동,경상사고,0,0,1,0,차대차 - 추돌 - 주정차중,안전거리미확보,습기,비,단일로 - 기타,승합,여,38세,기타불명,승용,여,44세,경상
2014071700100163,2014년 7월 17일 08시,목요일,광주광역시 서구 벽진동,경상사고,0,0,1,0,차대차 - 추돌 - 진행중,안전운전불이행,건조,맑음,단일로 - 기타,승용,남,56세,경상,승합,남,66세,상해없음
2014071700100164,2014년 7월 17일 08시,목요일,광주광역시 북구 양산동,경상사고,0,0,1,0,차대차 - 측면직각충돌,안전운전불이행,습기,비,단일로 - 기타,승용,남,49세,상해없음,화물,남,32세,경상
2014071700100196,2014년 7월 17일 09시,목요일,광주광역시 북구 일곡동,경상사고,0,0,2,0,차대차 - 측면직각충돌,신호위반,습기,비,교차로 - 교차로안,승용,여,46세,상해없음,승용,남,44세,경상
2014071700100197,2014년 7월 17일 09시,목요일,광주광역시 북구 용봉동,경상사고,0,0,2,0,차대차 - 기타,교차로운행방법위반,습기,비,교차로 - 교차로안,승용,여,51세,경상,화물,남,32세,경상