사고번호,사고일시,요일,시군구,사고내용,사망자수,중상자수,경상자수,부상신고자수,사고유형,법규위반,노면상태,기상상태,도로형태,가해운전자 차종,가해운전자 성별,가해운전자 연령,가해운전자 상해정도,피해운전자 차종,피해운전자 성별,피해운전자 연령,피해운전자 상해정도
2014072600100491,2014년 7월 26일 18시,토요일,광주광역시 서구 유촌동,중상사고,0,1,0,0,차대사람 - 횡단중,보행자보호의무위반,건조,맑음,단일로 - 횡단보도상,승용,여,42세,상해없음,보행자,남,12세,중상
2014072600100492,2014년 7월 26일 18시,토요일,광주광역시 서구 화정동,경상사고,0,0,1,0,차대차 - 기타,안전운전불이행,건조,맑음,단일로 - 기타,승용,남,52세,상해없음,이륜,남,16세,경상
2014072600100590,2014년 7월 26일 21시,토요일,광주광역시 광산구 수완동,중상사고,0,1,1,0,차대차 - 기타,중앙선침범,건조,맑음,단일로 - 기타,화물,기타불명,기타불명,기타불명,이륜,남,31세,중상
2014072600100612,2014년 7월 26일 22시,토요일,광주광역시 동구 서석동,경상사고,0,0,1,0,차대차 - 추돌 - 주정차중,안전운전불이행,건조,맑음,단일로 - 기타,승용,남,40세,상해없음,승용,남,45세,상해없음
2014072600100613,2014년 7월 26일 22시,토요일,광주광역시 서구 치평동,중상사고,0,1,1,0,차대차 - 측면직각충돌,차로위반,건조,맑음,단일로 - 기타,승용,여,47세,상해없음,승용,남,52세,중상
2014072600100614,2014년 7월 26일 22시,토요일,광주광역시 서구 화정동,경상사고,0,0,2,0,차대차 - 추돌 - 주정차중,안전운전불이행,건조,맑음,단일로 - 기타,승용,남,34세,상해없음,승용,남,61세,경상
2014072600100643,2014년 7월 26일 23시,토요일,광주광역시 북구 풍향동,경상사고,0,0,3,0,차대차 - 측면직각충돌,신호위반,건조,맑음,단일로 - 기타,승용,남,58세,상해없음,승용,남,45세,경상
2014072700100058,2014년 7월 27일 02시,일요일,광주광역시 서구 치평동,경상사고,0,0,1,0,차대사람 - 횡단중,안전운전불이행,건조,맑음,단일로 - 기타,승용,여,58세,상해없음,보행자,남,32세,경상
2014072700100081,2014년 7월 27일 04시,일요일,광주광역시 서구 화정동,경상사고,0,0,1,0,차대사람 - 기타,안전운전불이행,건조,맑음,기타 - 기타,승용,남,37세,상해없음,보행자,남,28세,경상
2014072700100090,2014년 7월 27일 05시,일요일,광주광역시 북구 신안동,경상사고,0,0,2,0,차대차 - 측면직각충돌,신호위반,건조,맑음,교차로 - 교차로안,승용,남,50세,상해없음,승용,남,64세,경상
2014072700100115,2014년 7월 27일 07시,일요일,광주광역시 서구 쌍촌동,중상사고,0,1,3,0,차대차 - 측면직각충돌,신호위반,건조,맑음,교차로 - 교차로안,승합,남,32세,상해없음,승용,남,46세,경상
2014072700100149,2014년 7월 27일 09시,일요일,광주광역시 북구 문흥동,경상사고,0,0,2,0,차대차 - 기타,안전거리미확보,건조,맑음,단일로 - 기타,승용,남,65세,상해없음,승용,남,59세,경상
2014072700100165,2014년 7월 27일 10시,일요일,광주광역시 동구 대의동,경상사고,0,0,1,0,차대차 - 기타,안전거리미확보,건조,맑음,기타 - 기타,승용,남,78세,상해없음,승용,여,61세,경상
2014072700100246,2014년 7월 27일 13시,일요일,광주광역시 서구 쌍촌동,경상사고,0,0,1,0,차대차 - 기타,안전운전불이행,건조,맑음,단일로 - 기타,승합,남,56세,상해없음,승용,여,29세,경상
2014072700100247,2014년 7월 27일 13시,일요일,광주광역시 남구 주월동,경상사고,0,0,1,0,차대차 - 기타,안전운전불이행,건조,맑음,교차로 - 교차로부근,승용,남,57세,상해없음,자전거,남,23세,경상
2014072700100281,2014년 7월 27일 14시,일요일,광주광역시 북구 매곡동,경상사고,0,0,1,0,차대차 - 측면직각충돌,기타,건조,맑음,단일로 - 기타,화물,남,47세,상해없음,이륜,남,26세,경상
2014072700100320,2014년 7월 27일 15시,일요일,광주광역시 서구 화정동,경상사고,0,0,1,0,차대차 - 기타,안전운전불이행,건조,맑음,단일로 - 기타,승용,남,55세,상해없음,승용,남,42세,경상
2014072700100355,2014년 7월 27일 16시,일요일,광주광역시 북구 두암동,경상사고,0,0,3,0,차대차 - 기타,안전운전불이행,건조,맑음,단일로 - 기타,승용,남,67세,상해없음,승합,남,42세,경상
2014072700100356,2014년 7월 27일 16시,일요일,광주광역시 광산구 하남동,중상사고,0,1,0,0,차대차 - 측면직각충돌,신호위반,건조,맑음,교차로 - 교차로안,승용,남,71세,상해없음,이륜,남,48세,중상
2014072700100437,2014년 7월 27일 18시,일요일,광주광역시 서구 풍암동,경상사고,0,0,2,0,차대차 - 추돌 - 주정차중,안전운전불이행,건조,맑음,단일로 - 기타,승용,여,34세,상해없음,승용,남,34세,기타불명
2014072700100438,2014년 7월 27일 18시,일요일,광주광역시 서구 양동,경상사고,0,0,1,0,차대차 - 기타,안전거리미확보,건조,맑음,단일로 - 기타,승용,남,22세,상해없음,이륜,남,30세,경상
2014072700100439,2014년 7월 27일 18시,일요일,광주광역시 북구 용봉동,경상사고,0,0,1,0,차대사람 - 기타,안전운전불이행,건조,맑음,단일로 - 기타,승용,여,52세,상해없음,보행자,여,84세,경상
2014072700100464,2014년 7월 27일 19시,일요일,광주광역시 동구 지산동,사망사고,1,0,1,0,차대사람 - 기타,안전운전불이행,건조,맑음,교차로 - 교차로안,승용,남,19세,경상,보행자,여,70세,사망
2014072700100502,2014년 7월 27일 20시,일요일,광주광역시 북구 오치동,경상사고,0,0,1,0,차대차 - 측면직각충돌,안전운전불이행,건조,맑음,교차로 - 교차로안,승용,남,39세,상해없음,이륜,남,17세,경상
2014072700100503,2014년 7월 27일 20시,일요일,광주광역시 광산구 수완동,경상사고,0,0,2,0,차대차 - 기타,불법유턴,건조,맑음,단일로 - 기타,승용,남,44세,상해없음,승용,남,20세,경상
2014072700100525,2014년 7월 27일 21시,일요일,광주광역시 북구 두암동,중상사고,0,1,0,0,차대차 - 기타,안전거리미확보,건조,맑음,단일로 - 기타,승용,남,20세,상해없음,이륜,남,23세,중상
2014072700100552,2014년 7월 27일 22시,일요일,광주광역시 북구 두암동,경상사고,0,0,1,0,차대사람 - 길가장자리구역통행중,안전운전불이행,건조,맑음,단일로 - 기타,승용,여,20세,상해없음,보행자,남,54세,경상
2014072800100071,2014년 7월 28일 07시,월요일,광주광역시 서구 매월동,경상사고,0,0,1,0,차대차 - 기타,신호위반,건조,맑음,교차로 - 교차로안,화물,남,54세,상해없음,화물,남,50세,경상
2014072800100122,2014년 7월 28일 09시,월요일,광주광역시 동구 내남동,경상사고,0,0,1,0,차대차 - 기타,안전거리미확보,건조,맑음,단일로 - 기타,승용,남,54세,상해없음,승용,여,52세,경상
2014072800100123,2014년 7월 28일 09시,월요일,광주광역시 서구 치평동,경상사고,0,0,4,0,차대차 - 기타,교차로운행방법위반,건조,맑음,교차로 - 교차로안,승용,여,31세,경상,승용,남,27세,경상
2014072800100124,2014년 7월 28일 09시,월요일,광주광역시 광산구 우산동,경상사고,0,0,1,0,차대사람 - 횡단중,안전운전불이행,건조,맑음,단일로 - 기타,승용,남,53세,상해없음,보행자,남,33세,경상
2014072800100287,2014년 7월 28일 14시,월요일,광주광역시 광산구 소촌동,경상사고,0,0,6,0,차대차 - 추돌 - 진행중,차로위반,습기,흐림,단일로 - 기타,승용,남,48세,경상,화물,남,42세,경상
2014072800100288,2014년 7월 28일 14시,월요일,광주광역시 광산구 안청동,경상사고,0,0,4,0,차대차 - 측면직각충돌,교차로운행방법위반,건조,맑음,교차로 - 교차로안,승합,남,29세,경상,화물,여,27세,경상
2014072800100403,2014년 7월 28일 17시,월요일,광주광역시 동구 학동,경상사고,0,0,5,1,차대차 - 측면직각충돌,중앙선침범,습기,비,교차로 - 교차로부근,승용,여,52세,경상,승합,남,63세,경상
2014072800100404,2014년 7월 28일 17시,월요일,광주광역시 북구 중흥동,중상사고,0,1,0,0,차대사람 - 횡단중,기타,습기,비,단일로 - 기타,승합,남,30세,상해없음,보행자,여,58세,중상
2014072800100405,2014년 7월 28일 17시,월요일,광주광역시 북구 운암동,중상사고,0,1,1,0,차대차 - 추돌 - 진행중,안전운전불이행,습기,비,단일로 - 교량,화물,남,57세,중상,승용,남,75세,경상
2014072800100406,2014년 7월 28일 17시,월요일,광주광역시 북구 문흥동,경상사고,0,0,1,0,차대차 - 추돌 - 주정차중,안전거리미확보,습기,비,단일로 - 기타,승용,남,28세,상해없음,승용,남,73세,경상
2014072800100442,2014년 7월 28일 18시,월요일,광주광역시 서구 화정동,경상사고,0,0,1,0,차대차 - 기타,교차로운행방법위반,습기,비,교차로 - 교차로안,승용,남,40세,상해없음,자전거,남,24세,경상
2014072800100443,2014년 7월 28일 18시,월요일,광주광역시 서구 치평동,중상사고,0,1,1,0,차대차 - 기타,교차로운행방법위반,습기,비,교차로 - 교차로안,승용,남,53세,경상,승용,여,46세,중상
2014072800100444,2014년 7월 28일 18시,월요일,광주광역시 서구 광천동,경상사고,0,0,2,0,차대차 - 기타,안전운전불이행,습기,비,단일로 - 기타,승용,남,47세,기타불명,승용,여,34세,경상
2014072800100445,2014년 7월 28일 18시,월요일,광주광역시 북구 오치동,경상사고,0,0,2,0,차대차 - 측면직각충돌,교차로운행방법위반,건조,맑음,교차로 - 교차로안,승용,남,43세,경상,승용,남,58세,경상
2014072800100510,2014년 7월 28일 20시,월요일,광주광역시 광산구 신창동,경상사고,0,0,1,0,차대차 - 기타,안전운전불이행,건조,맑음,단일로 - 기타,승용,여,40세,상해없음,승용,남,47세,경상
2014072800100547,2014년 7월 28일 21시,월요일,광주광역시 북구 용두동,경상사고,0,0,2,0,차대차 - 추돌 - 주정차중,안전운전불이행,습기,비,단일로 - 기타,승용,남,35세,상해없음,승용,남,33세,경상
2014072800100548,2014년 7월 28일 21시,월요일,광주광역시 광산구 흑석동,경상사고,0,0,2,0,차대사람 - 기타,안전운전불이행,습기,비,단일로 - 기타,승용,남,24세,상해없음,보행자,남,40세,경상
2014072800100549,2014년 7월 28일 21시,월요일,광주광역시 광산구 신가동,경상사고,0,0,2,0,차대차 - 측면직각충돌,신호위반,건조,맑음,교차로 - 교차로안,승용,남,50세,상해없음,승용,남,23세,경상
2014072800100577,2014년 7월 28일 22시,월요일,광주광역시 남구 주월동,경상사고,0,0,1,0,차대차 - 측면직각충돌,안전거리미확보,습기,비,단일로 - 기타,승용,남,46세,상해없음,원동기,남,17세,경상
2014072800100578,2014년 7월 28일 22시,월요일,광주광역시 북구 임동,경상사고,0,0,2,0,차대차 - 추돌 - 진행중,안전운전불이행,습기,비,교차로 - 교차로부근,승용,남,42세,상해없음,승용,남,28세,경상
2014072800100579,2014년 7월 28일 22시,월요일,광주광역시 광산구 소촌동,부상신고사고,0,0,0,1,차량단독 - 기타,안전운전불이행,습기,비,기타 - 기타,자전거,남,49세,부상신고,,,,
2014072800100607,2014년 7월 28일 23시,월요일,광주광역시 서구 풍암동,사망사고,1,0,0,0,차량단독 - 전도전복,안전운전불이행,습기,비,교차로 - 교차로부근,원동기,남,48세,사망,,,,
2014072800100608,2014년 7월 28일 23시,월요일,광주광역시 광산구 월곡동,경상사고,0,0,1,0,차대차 - 측면직각충돌,안전운전불이행,습기,비,단일로 - 기타,승용,남,63세,상해없음,이륜,남,18세,경상
2014072800100609,2014년 7월 28일 23시,월요일,광주광역시 광산구 장덕동,중상사고,0,1,0,1,차대차 - 측면직각충돌,신호위반,습기,흐림,교차로 - 교차로안,승용,남,38세,부상신고,승용,남,60세,중상
2014072900100020,2014년 7월 29일 00시,화요일,광주광역시 광산구 수완동,경상사고,0,0,3,0,차대차 - 추돌 - 주정차중,안전운전불이행,습기,비,교차로 - 교차로부근,승용,여,45세,경상,승용,남,25세,경상
2014072900100066,2014년 7월 29일 04시,화요일,광주광역시 서구 동천동,경상사고,0,0,1,0,차대차 - 측면직각충돌,안전거리미확보,건조,맑음,단일로 - 기타,기타불명,기타불명,기타불명,기타불명,승용,남,53세,경상
2014072900100083,2014년 7월 29일 06시,화요일,광주광역시 광산구 산정동,경상사고,0,0,1,0,차대사람 - 기타,안전운전불이행,건조,맑음,교차로 - 교차로부근,승용,남,31세,상해없음,보행자,남,20세,경상
2014072900100126,2014년 7월 29일 08시,화요일,광주광역시 북구 신용동,경상사고,0,0,3,0,차대차 - 기타,안전운전불이행,건조,맑음,교차로 - 교차로부근,건설기계,남,62세,상해없음,승용,남,51세,경상
2014072900100156,2014년 7월 29일 09시,화요일,광주광역시 동구 서석동,경상사고,0,0,1,0,차대차 - 측면직각충돌,교차로운행방법위반,건조,맑음,교차로 - 교차로안,승용,남,42세,상해없음,승용,여,48세,상해없음
2014072900100285,2014년 7월 29일 13시,화요일,광주광역시 광산구 월계동,경상사고,0,0,2,0,차대차 - 추돌 - 진행중,직진우회전진행방해,건조,맑음,교차로 - 교차로안,원동기,남,17세,경상,자전거,여,17세,경상
2014072900100317,2014년 7월 29일 14시,화요일,광주광역시 서구 화정동,경상사고,0,0,1,0,차대차 - 기타,불법유턴,건조,맑음,단일로 - 기타,승용,남,60세,상해없음,승용,남,33세,경상
2014072900100318,2014년 7월 29일 14시,화요일,광주광역시 북구 용두동,경상사고,0,0,3,0,차대차 - 추돌 - 주정차중,안전운전불이행,건조,맑음,교차로 - 교차로부근,승용,여,65세,기타불명,승용,남,42세,경상
2014072900100319,2014년 7월 29일 14시,화요일,광주광역시 광산구 도산동,경상사고,0,0,1,0,차대사람 - 보도통행중,안전운전불이행,건조,맑음,교차로 - 교차로부근,승용,여,39세,상해없음,보행자,남,49세,경상
2014072900100353,2014년 7월 29일 15시,화요일,광주광역시 북구 운암동,경상사고,0,0,1,0,차대차 - 측면직각충돌,교차로운행방법위반,건조,맑음,교차로 - 교차로안,승용,남,47세,상해없음,자전거,남,19세,경상
2014072900100449,2014년 7월 29일 18시,화요일,광주광역시 광산구 산정동,경상사고,0,0,1,0,차대차 - 추돌 - 주정차중,안전운전불이행,건조,맑음,교차로 - 교차로부근,승용,남,65세,상해없음,승용,남,48세,경상
2014072900100487,2014년 7월 29일 19시,화요일,광주광역시 동구 학동,경상사고,0,0,1,0,차대차 - 추돌 - 주정차중,안전운전불이행,건조,맑음,교차로 - 교차로부근,승용,남,21세,상해없음,승용,남,54세,경상
2014072900100518,2014년 7월 29일 20시,화요일,광주광역시 남구 진월동,경상사고,0,0,1,0,차대차 - 측면직각충돌,신호위반,건조,맑음,단일로 - 기타,승용,남,28세,상해없음,원동기,남,27세,경상
2014072900100519,2014년 7월 29일 20시,화요일,광주광역시 남구 봉선동,경상사고,0,0,1,0,차대차 - 기타,안전운전불이행,건조,맑음,단일로 - 기타,승용,남,40세,상해없음,승용,여,32세,경상
2014072900100520,2014년 7월 29일 20시,화요일,광주광역시 북구 두암동,경상사고,0,0,1,0,차대차 - 측면직각충돌,신호위반,건조,맑음,교차로 - 교차로안,승용,남,22세,상해없음,원동기,남,28세,경상
2014072900100580,2014년 7월 29일 22시,화요일,광주광역시 북구 양산동,경상사고,0,0,1,0,차대사람 - 횡단중,안전운전불이행,건조,맑음,단일로 - 기타,승용,남,49세,상해없음,보행자,여,47세,경상
2014072900100581,2014년 7월 29일 22시,화요일,광주광역시 북구 오치동,경상사고,0,0,1,0,차대차 - 측면직각충돌,안전운전불이행,건조,맑음,단일로 - 기타,승용,여,48세,상해없음,화물,남,49세,상해없음
2014072900100582,2014년 7월 29일 22시,화요일,광주광역시 북구 신용동,경상사고,0,0,1,1,차대차 - 추돌 - 주정차중,안전운전불이행,건조,맑음,교차로 - 교차로안,승용,남,62세,부상신고,화물,남,44세,경상
2014072900100583,2014년 7월 29일 22시,화요일,광주광역시 북구 두암동,중상사고,0,1,0,0,차대사람 - 기타,안전운전불이행,건조,맑음,단일로 - 기타,승용,여,38세,상해없음,보행자,남,45세,중상
2014073000100024,2014년 7월 30일 01시,수요일,광주광역시 서구 쌍촌동,경상사고,0,0,3,0,차대차 - 추돌 - 주정차중,안전운전불이행,건조,맑음,교차로 - 교차로부근,승용,남,40세,상해없음,승용,남,50세,경상
2014073000100153,2014년 7월 30일 09시,수요일,광주광역시 서구 농성동,중상사고,0,1,0,0,차대차 - 기타,신호위반,건조,맑음,교차로 - 교차로안,원동기,남,70세,중상,승합,남,53세,상해없음
2014073000100154,2014년 7월 30일 09시,수요일,광주광역시 북구 중흥동,경상사고,0,0,1,0,차대차 - 측면직각충돌,안전운전불이행,건조,맑음,단일로 - 기타,승용,남,69세,상해없음,원동기,남,55세,경상
2014073000100155,2014년 7월 30일 09시,수요일,광주광역시 북구 두암동,경상사고,0,0,1,0,차대차 - 측면직각충돌,안전거리미확보,건조,맑음,단일로 - 기타,승용,여,31세,상해없음,이륜,남,68세,경상
2014073000100231,2014년 7월 30일 11시,수요일,광주광역시 북구 유동,경상사고,0,0,1,0,차대차 - 측면직각충돌,중앙선침범,건조,맑음,단일로 - 횡단보도부근,원동기,남,70세,경상,승용,여,22세,상해없음
2014073000100262,2014년 7월 30일 12시,수요일,광주광역시 남구 방림동,경상사고,0,0,1,0,차대차 - 측면직각충돌,안전운전불이행,건조,맑음,교차로 - 교차로안,승용,여,46세,상해없음,승용,남,33세,경상
2014073000100291,2014년 7월 30일 13시,수요일,광주광역시 서구 풍암동,경상사고,0,0,1,0,차대차 - 측면직각충돌,안전운전불이행,건조,맑음,교차로 - 교차로부근,승용,남,50세,상해없음,승용,남,46세,경상
2014073000100292,2014년 7월 30일 13시,수요일,광주광역시 남구 주월동,중상사고,0,1,0,0,차대사람 - 횡단중,보행자보호의무위반,건조,맑음,단일로 - 횡단보도상,화물,남,34세,상해없음,보행자,여,60세,중상
2014073000100371,2014년 7월 30일 15시,수요일,광주광역시 동구 계림동,중상사고,0,1,1,0,차대차 - 추돌 - 진행중,안전운전불이행,건조,맑음,단일로 - 기타,이륜,남,56세,상해없음,승용,남,55세,경상
2014073000100438,2014년 7월 30일 17시,수요일,광주광역시 광산구 운남동,경상사고,0,0,1,0,차대차 - 측면직각충돌,차로위반,건조,맑음,단일로 - 기타,이륜,남,19세,경상,승용,여,37세,상해없음
2014073000100485,2014년 7월 30일 18시,수요일,광주광역시 서구 유촌동,경상사고,0,0,1,0,차대사람 - 기타,보행자보호의무위반,건조,맑음,교차로 - 교차로부근,승용,남,40세,상해없음,보행자,여,7세,경상
2014073000100555,2014년 7월 30일 20시,수요일,광주광역시 서구 쌍촌동,경상사고,0,0,1,0,차대차 - 추돌 - 주정차중,안전운전불이행,건조,맑음,단일로 - 기타,승용,남,32세,경상,승용,여,30세,기타불명
2014073000100556,2014년 7월 30일 20시,수요일,광주광역시 북구 운암동,경상사고,0,0,2,0,차대차 - 기타,안전운전불이행,건조,맑음,교차로 - 교차로안,승용,남,60세,경상,승용,남,54세,상해없음
2014073000100586,2014년 7월 30일 21시,수요일,광주광역시 동구 금남로1가,경상사고,0,0,1,0,차대차 - 기타,안전운전불이행,건조,맑음,교차로 - 교차로부근,승용,남,51세,상해없음,자전거,남,22세,경상
2014073000100587,2014년 7월 30일 21시,수요일,광주광역시 북구 청풍동,경상사고,0,0,4,0,차대차 - 측면직각충돌,중앙선침범,건조,맑음,단일로 - 기타,승용,남,60세,상해없음,승용,남,43세,경상
2014073000100627,2014년 7월 30일 22시,수요일,광주광역시 서구 쌍촌동,경상사고,0,0,3,0,차대차 - 추돌 - 주정차중,안전거리미확보,건조,흐림,단일로 - 기타,승용,남,21세,상해없음,이륜,남,21세,경상
2014073000100628,2014년 7월 30일 22시,수요일,광주광역시 서구 광천동,경상사고,0,0,3,0,차대차 - 측면직각충돌,안전운전불이행,건조,맑음,교차로 - 교차로안,승용,남,46세,상해없음,승합,남,50세,경상
2014073000100629,2014년 7월 30일 22시,수요일,광주광역시 서구 동천동,경상사고,0,0,1,0,차대사람 - 기타,안전운전불이행,습기,비,단일로 - 기타,승용,남,44세,상해없음,보행자,남,61세,경상
2014073000100630,2014년 7월 30일 22시,수요일,광주광역시 광산구 도산동,경상사고,0,0,2,0,차대사람 - 기타,신호위반,건조,흐림,교차로 - 교차로안,원동기,남,39세,경상,보행자,남,54세,경상
2014073100100019,2014년 7월 31일 00시,목요일,광주광역시 서구 쌍촌동,경상사고,0,0,2,0,차대차 - 측면직각충돌,신호위반,건조,맑음,교차로 - 교차로안,승용,여,20세,기타불명,화물,남,22세,경상
2014073100100042,2014년 7월 31일 01시,목요일,광주광역시 서구 농성동,경상사고,0,0,1,0,차대차 - 정면충돌,신호위반,건조,맑음,교차로 - 교차로안,승용,남,27세,상해없음,승용,남,64세,경상
2014073100100043,2014년 7월 31일 01시,목요일,광주광역시 북구 각화동,경상사고,0,0,3,0,차대차 - 추돌 - 주정차중,안전운전불이행,건조,맑음,교차로 - 교차로부근,승용,남,31세,상해없음,승용,남,32세,경상
2014073100100089,2014년 7월 31일 05시,목요일,광주광역시 서구 치평동,경상사고,0,0,2,0,차대차 - 기타,교차로운행방법위반,건조,맑음,교차로 - 교차로안,승용,남,58세,경상,승용,여,29세,경상
2014073100100128,2014년 7월 31일 07시,목요일,광주광역시 동구 계림동,경상사고,0,0,2,0,차대차 - 측면직각충돌,직진우회전진행방해,건조,맑음,교차로 - 교차로안,승용,남,49세,상해없음,승용,남,50세,상해없음
2014073100100129,2014년 7월 31일 07시,목요일,광주광역시 남구 진월동,경상사고,0,0,1,0,차대차 - 추돌 - 주정차중,안전운전불이행,건조,맑음,교차로 - 교차로부근,승용,남,25세,상해없음,승용,여,45세,경상
2014073100100184,2014년 7월 31일 09시,목요일,광주광역시 북구 운암동,경상사고,0,0,1,0,차대차 - 추돌 - 주정차중,안전운전불이행,건조,맑음,단일로 - 기타,화물,남,63세,상해없음,화물,남,43세,경상
2014073100100191,2014년 7월 31일 09시,목요일,광주광역시 동구 학동,경상사고,0,0,1,0,차대사람 - 횡단중,신호위반,건조,맑음,교차로 - 교차로안,승용,남,44세,상해없음,보행자,여,21세,경상
2014073100100192,2014년 7월 31일 09시,목요일,광주광역시 북구 우산동,경상사고,0,0,1,0,차대사람 - 기타,안전운전불이행,건조,맑음,단일로 - 기타,승용,남,32세,상해없음,보행자,남,32세,경상
2014073100100260,2014년 7월 31일 11시,목요일,광주광역시 동구 선교동,중상사고,0,1,0,0,차량단독 - 공작물충돌,안전운전불이행,기타,기타,단일로 - 기타,승용,남,69세,중상,,,,
2014073100100288,2014년 7월 31일 12시,목요일,광주광역시 남구 백운동,중상사고,0,1,0,0,차대차 - 측면직각충돌,교차로운행방법위반,건조,맑음,교차로 - 교차로안,승용,남,33세,상해없음,이륜,남,60세,중상
2014073100100328,2014년 7월 31일 13시,목요일,광주광역시 동구 계림동,경상사고,0,0,1,0,차대차 - 기타,교차로운행방법위반,건조,맑음,교차로 - 교차로안,승용,남,56세,상해없음,원동기,남,41세,경상
2014073100100329,2014년 7월 31일 13시,목요일,광주광역시 남구 주월동,경상사고,0,0,3,0,차대차 - 측면직각충돌,교차로운행방법위반,건조,맑음,교차로 - 교차로안,승용,남,33세,상해없음,승용,여,38세,경상
2014073100100330,2014년 7월 31일 13시,목요일,광주광역시 북구 양산동,경상사고,0,0,1,0,차대사람 - 기타,안전운전불이행,건조,맑음,단일로 - 기타,승용,남,77세,상해없음,보행자,남,12세,경상
2014073100100370,2014년 7월 31일 14시,목요일,광주광역시 북구 누문동,경상사고,0,0,1,0,차대사람 - 기타,안전운전불이행,건조,맑음,단일로 - 기타,승용,여,36세,상해없음,보행자,남,34세,경상
2014073100100392,2014년 7월 31일 15시,목요일,광주광역시 서구 쌍촌동,경상사고,0,0,3,0,차대차 - 기타,안전거리미확보,건조,맑음,단일로 - 기타,승용,남,62세,상해없음,승용,여,48세,경상
2014073100100434,2014년 7월 31일 16시,목요일,광주광역시 북구 일곡동,경상사고,0,0,2,0,차대사람 - 기타,안전운전불이행,건조,맑음,단일로 - 기타,승합,남,55세,상해없음,보행자,여,36세,경상
2014073100100484,2014년 7월 31일 17시,목요일,광주광역시 남구 방림동,중상사고,0,1,0,0,차대사람 - 기타,안전운전불이행,건조,맑음,교차로 - 교차로부근,승용,여,54세,상해없음,보행자,여,80세,중상
2014073100100531,2014년 7월 31일 18시,목요일,광주광역시 북구 운암동,경상사고,0,0,1,0,차대차 - 측면직각충돌,안전운전불이행,건조,맑음,단일로 - 기타,승용,남,47세,기타불명,승용,남,31세,경상
2014073100100600,2014년 7월 31일 20시,목요일,광주광역시 서구 내방동,경상사고,0,0,1,0,차대차 - 추돌 - 진행중,안전운전불이행,건조,흐림,단일로 - 기타,승용,여,37세,상해없음,승용,남,56세,경상
2014073100100601,2014년 7월 31일 20시,목요일,광주광역시 남구 봉선동,경상사고,0,0,1,0,차대차 - 기타,안전운전불이행,기타,맑음,기타 - 기타,이륜,남,54세,경상,이륜,남,44세,상해없음
2014073100100638,2014년 7월 31일 21시,목요일,광주광역시 북구 신용동,경상사고,0,0,1,0,차대차 - 추돌 - 진행중,안전거리미확보,건조,맑음,교차로 - 교차로안,승용,남,20세,상해없음,승용,남,40세,경상
2014073100100639,2014년 7월 31일 21시,목요일,광주광역시 광산구 산월동,경상사고,0,0,2,0,차대차 - 측면직각충돌,교차로운행방법위반,건조,맑음,교차로 - 교차로안,승용,남,38세,상해없음,승용,남,28세,경상
2014073100100666,2014년 7월 31일 22시,목요일,광주광역시 남구 백운동,중상사고,0,1,2,0,차대차 - 측면직각충돌,교차로운행방법위반,건조,맑음,교차로 - 교차로안,원동기,남,16세,경상,승용,남,45세,상해없음
2014073100100667,2014년 7월 31일 22시,목요일,광주광역시 북구 일곡동,경상사고,0,0,2,0,차대차 - 추돌 - 진행중,안전거리미확보,건조,맑음,단일로 - 기타,승용,남,33세,상해없음,승용,여,45세,경상
2014073100100668,2014년 7월 31일 22시,목요일,광주광역시 광산구 월계동,부상신고사고,0,0,0,1,차대차 - 기타,교차로운행방법위반,건조,맑음,교차로 - 교차로안,원동기,남,16세,부상신고,승용,남,26세,상해없음
2014073100100702,2014년 7월 31일 23시,목요일,광주광역시 서구 풍암동,중상사고,0,1,0,0,차대사람 - 횡단중,안전운전불이행,건조,맑음,교차로 - 교차로안,승용,남,56세,상해없음,보행자,남,15세,중상
2014080100100064,2014년 8월 1일 03시,금요일,광주광역시 동구 선교동,경상사고,0,0,1,0,차량단독 - 공작물충돌,기타,건조,맑음,단일로 - 기타,승용,남,44세,경상,,,,
2014080100100129,2014년 8월 1일 08시,금요일,광주광역시 동구 계림동,중상사고,0,1,0,0,차대차 - 기타,안전운전불이행,건조,맑음,단일로 - 기타,승용,남,38세,상해없음,자전거,남,56세,중상
2014080100100154,2014년 8월 1일 09시,금요일,광주광역시 서구 유촌동,경상사고,0,0,2,0,차대차 - 추돌 - 주정차중,안전거리미확보,건조,맑음,단일로 - 기타,승용,여,43세,기타불명,승용,남,28세,경상
2014080100100184,2014년 8월 1일 10시,금요일,광주광역시 남구 서동,경상사고,0,0,3,0,차대차 - 측면직각충돌,중앙선침범,건조,맑음,단일로 - 기타,승용,남,71세,상해없음,승용,남,65세,경상
2014080100100185,2014년 8월 1일 10시,금요일,광주광역시 북구 운암동,경상사고,0,0,1,0,차대차 - 추돌 - 진행중,안전운전불이행,건조,맑음,단일로 - 기타,기타불명,기타불명,기타불명,기타불명,승용,여,55세,경상
2014080100100222,2014년 8월 1일 11시,금요일,광주광역시 서구 매월동,경상사고,0,0,3,0,차대차 - 추돌 - 진행중,안전운전불이행,건조,맑음,교차로 - 교차로부근,승용,남,64세,상해없음,승용,남,25세,경상
2014080100100404,2014년 8월 1일 16시,금요일,광주광역시 동구 대인동,경상사고,0,0,1,0,차대차 - 측면직각충돌,신호위반,건조,맑음,교차로 - 교차로안,승용,여,52세,상해없음,이륜,남,47세,경상
2014080100100436,2014년 8월 1일 17시,금요일,광주광역시 광산구 산월동,경상사고,0,0,1,1,차대차 - 추돌 - 주정차중,안전운전불이행,습기,비,단일로 - 기타,승용,남,22세,상해없음,승용,여,31세,경상