사고번호,사고일시,요일,시군구,사고내용,사망자수,중상자수,경상자수,부상신고자수,사고유형,법규위반,노면상태,기상상태,도로형태,가해운전자 차종,가해운전자 성별,가해운전자 연령,가해운전자 상해정도,피해운전자 차종,피해운전자 성별,피해운전자 연령,피해운전자 상해정도
2014081900100060,2014년 8월 19일 02시,화요일,광주광역시 북구 양산동,경상사고,0,0,1,0,차량단독 - 공작물충돌,안전운전불이행,습기,비,단일로 - 기타,승용,여,23세,경상,,,,
2014081900100072,2014년 8월 19일 03시,화요일,광주광역시 북구 운암동,경상사고,0,0,1,0,차대차 - 측면직각충돌,안전운전불이행,습기,흐림,단일로 - 기타,승용,남,56세,상해없음,승용,남,36세,경상
2014081900100116,2014년 8월 19일 06시,화요일,광주광역시 북구 운암동,경상사고,0,0,1,0,차대차 - 측면직각충돌,교차로운행방법위반,건조,맑음,교차로 - 교차로안,승용,여,36세,상해없음,승용,남,20세,상해없음
2014081900100141,2014년 8월 19일 07시,화요일,광주광역시 북구 오치동,경상사고,0,0,1,0,차대사람 - 차도통행중,안전운전불이행,습기,흐림,단일로 - 기타,승용,기타불명,기타불명,기타불명,보행자,여,78세,경상
2014081900100142,2014년 8월 19일 07시,화요일,광주광역시 광산구 신창동,경상사고,0,0,1,0,차대사람 - 기타,안전운전불이행,건조,맑음,교차로 - 교차로부근,화물,남,34세,상해없음,보행자,남,59세,경상
2014081900100179,2014년 8월 19일 08시,화요일,광주광역시 서구 쌍촌동,경상사고,0,0,1,0,차대차 - 추돌 - 주정차중,안전운전불이행,건조,맑음,단일로 - 기타,화물,남,61세,상해없음,승용,여,38세,경상
2014081900100180,2014년 8월 19일 08시,화요일,광주광역시 남구 방림동,경상사고,0,0,1,0,차대차 - 기타,교차로운행방법위반,건조,맑음,교차로 - 교차로안,승용,남,55세,상해없음,승용,여,54세,경상
2014081900100209,2014년 8월 19일 09시,화요일,광주광역시 북구 중흥동,경상사고,0,0,2,0,차대차 - 측면직각충돌,안전운전불이행,건조,맑음,단일로 - 기타,화물,남,32세,경상,승합,남,46세,상해없음
2014081900100210,2014년 8월 19일 09시,화요일,광주광역시 광산구 송정동,경상사고,0,0,1,0,차대차 - 추돌 - 주정차중,안전운전불이행,건조,맑음,단일로 - 기타,승용,남,33세,경상,화물,남,44세,상해없음
2014081900100429,2014년 8월 19일 16시,화요일,광주광역시 서구 양동,중상사고,0,1,0,0,차대차 - 측면직각충돌,차로위반,건조,맑음,단일로 - 기타,승용,남,25세,상해없음,이륜,남,76세,중상
2014081900100430,2014년 8월 19일 16시,화요일,광주광역시 서구 광천동,경상사고,0,0,2,0,차대차 - 측면직각충돌,교차로운행방법위반,습기,흐림,교차로 - 교차로안,승용,남,52세,경상,승용,여,23세,경상
2014081900100431,2014년 8월 19일 16시,화요일,광주광역시 북구 동림동,중상사고,0,1,0,0,차대차 - 측면직각충돌,안전운전불이행,습기,흐림,교차로 - 교차로안,승용,남,61세,상해없음,승용,여,61세,중상
2014081900100432,2014년 8월 19일 16시,화요일,광주광역시 광산구 하남동,경상사고,0,0,1,0,차대차 - 기타,교차로운행방법위반,건조,맑음,교차로 - 교차로안,화물,남,55세,상해없음,승합,남,82세,경상
2014081900100467,2014년 8월 19일 17시,화요일,광주광역시 서구 광천동,경상사고,0,0,1,0,차대차 - 추돌 - 주정차중,안전운전불이행,건조,맑음,교차로 - 교차로부근,승용,남,33세,상해없음,승합,남,58세,경상
2014081900100468,2014년 8월 19일 17시,화요일,광주광역시 남구 진월동,경상사고,0,0,1,0,차대차 - 측면직각충돌,신호위반,건조,맑음,교차로 - 교차로안,승용,여,36세,상해없음,승용,여,48세,경상
2014081900100469,2014년 8월 19일 17시,화요일,광주광역시 북구 매곡동,경상사고,0,0,4,0,차대차 - 추돌 - 진행중,안전운전불이행,건조,맑음,교차로 - 교차로안,승용,여,51세,상해없음,승용,남,37세,경상
2014081900100510,2014년 8월 19일 18시,화요일,광주광역시 서구 쌍촌동,경상사고,0,0,1,0,차대차 - 추돌 - 진행중,안전거리미확보,건조,맑음,단일로 - 기타,승용,남,21세,상해없음,승용,여,35세,경상
2014081900100511,2014년 8월 19일 18시,화요일,광주광역시 북구 풍향동,부상신고사고,0,0,0,1,차대차 - 기타,교차로운행방법위반,습기,비,교차로 - 교차로안,승용,기타불명,기타불명,기타불명,원동기,남,24세,부상신고
2014081900100512,2014년 8월 19일 18시,화요일,광주광역시 광산구 수완동,경상사고,0,0,1,0,차대차 - 기타,기타,습기,비,단일로 - 횡단보도부근,승용,여,30세,상해없음,자전거,남,8세,경상
2014081900100555,2014년 8월 19일 19시,화요일,광주광역시 남구 구동,중상사고,0,1,0,0,차대사람 - 횡단중,안전운전불이행,건조,흐림,교차로 - 교차로부근,승용,남,70세,상해없음,보행자,여,84세,중상
2014081900100586,2014년 8월 19일 20시,화요일,광주광역시 북구 누문동,경상사고,0,0,1,0,차대차 - 측면직각충돌,안전운전불이행,습기,흐림,교차로 - 교차로안,기타불명,여,69세,경상,승용,남,67세,상해없음
2014081900100679,2014년 8월 19일 23시,화요일,광주광역시 동구 계림동,중상사고,0,5,1,0,차대차 - 측면직각충돌,안전거리미확보,습기,흐림,교차로 - 교차로부근,승용,남,47세,중상,승용,남,40세,중상
2014081900100680,2014년 8월 19일 23시,화요일,광주광역시 광산구 수완동,경상사고,0,0,3,0,차대차 - 측면직각충돌,신호위반,건조,맑음,교차로 - 교차로안,승용,남,27세,상해없음,승용,남,36세,경상
2014082000100054,2014년 8월 20일 02시,수요일,광주광역시 북구 신안동,중상사고,0,3,0,0,차대차 - 측면직각충돌,신호위반,건조,맑음,교차로 - 교차로안,승용,남,63세,중상,승용,남,44세,중상
2014082000100059,2014년 8월 20일 03시,수요일,광주광역시 동구 금동,경상사고,0,0,1,0,차대사람 - 기타,안전운전불이행,건조,맑음,단일로 - 기타,승용,남,27세,상해없음,보행자,남,28세,경상
2014082000100105,2014년 8월 20일 07시,수요일,광주광역시 광산구 신가동,경상사고,0,0,2,0,차대차 - 측면직각충돌,직진우회전진행방해,건조,맑음,교차로 - 교차로안,승용,여,32세,경상,승용,남,49세,경상
2014082000100136,2014년 8월 20일 08시,수요일,광주광역시 북구 각화동,경상사고,0,0,3,0,차대차 - 기타,안전운전불이행,건조,맑음,교차로 - 교차로안,승용,남,56세,경상,승용,남,36세,경상
2014082000100165,2014년 8월 20일 09시,수요일,광주광역시 서구 화정동,경상사고,0,0,1,0,차대차 - 측면직각충돌,안전운전불이행,건조,흐림,교차로 - 교차로부근,승용,남,54세,상해없음,자전거,여,49세,경상
2014082000100196,2014년 8월 20일 10시,수요일,광주광역시 남구 백운동,중상사고,0,1,0,0,차대사람 - 차도통행중,안전운전불이행,건조,맑음,단일로 - 기타,화물,남,37세,상해없음,보행자,여,83세,중상
2014082000100254,2014년 8월 20일 12시,수요일,광주광역시 동구 계림동,중상사고,0,1,0,0,차대차 - 기타,신호위반,습기,비,교차로 - 교차로안,원동기,남,18세,상해없음,승용,남,78세,상해없음
2014082000100279,2014년 8월 20일 13시,수요일,광주광역시 북구 신안동,중상사고,0,1,0,0,차대차 - 기타,직진우회전진행방해,건조,맑음,교차로 - 교차로안,승용,여,48세,상해없음,이륜,남,56세,중상
2014082000100308,2014년 8월 20일 14시,수요일,광주광역시 서구 치평동,경상사고,0,0,5,0,차대차 - 측면직각충돌,중앙선침범,습기,비,교차로 - 교차로부근,승용,남,67세,상해없음,승용,남,30세,경상
2014082000100404,2014년 8월 20일 17시,수요일,광주광역시 북구 신안동,경상사고,0,0,1,0,차대차 - 측면직각충돌,차로위반,건조,맑음,단일로 - 기타,승용,여,57세,기타불명,승용,여,59세,상해없음
2014082000100429,2014년 8월 20일 18시,수요일,광주광역시 북구 용두동,부상신고사고,0,0,0,1,차대사람 - 차도통행중,안전운전불이행,습기,비,단일로 - 기타,승용,기타불명,기타불명,기타불명,보행자,남,15세,부상신고
2014082000100430,2014년 8월 20일 18시,수요일,광주광역시 북구 임동,경상사고,0,0,1,0,차대차 - 측면직각충돌,안전운전불이행,건조,맑음,단일로 - 기타,원동기,남,25세,경상,승용,남,31세,상해없음
2014082000100471,2014년 8월 20일 19시,수요일,광주광역시 서구 내방동,중상사고,0,1,0,0,차대사람 - 차도통행중,안전운전불이행,습기,비,단일로 - 기타,승합,남,61세,상해없음,보행자,남,59세,중상
2014082000100472,2014년 8월 20일 19시,수요일,광주광역시 북구 중흥동,경상사고,0,0,1,0,차대차 - 추돌 - 주정차중,안전운전불이행,건조,맑음,단일로 - 기타,승용,남,44세,상해없음,화물,남,34세,경상
2014082000100473,2014년 8월 20일 19시,수요일,광주광역시 광산구 소촌동,경상사고,0,0,3,0,차대차 - 추돌 - 진행중,안전거리미확보,습기,비,단일로 - 기타,화물,남,53세,상해없음,승용,남,40세,경상
2014082000100474,2014년 8월 20일 19시,수요일,광주광역시 광산구 쌍암동,경상사고,0,0,1,0,차대차 - 추돌 - 주정차중,안전운전불이행,습기,비,교차로 - 교차로안,승용,남,31세,상해없음,이륜,남,22세,경상
2014082000100520,2014년 8월 20일 20시,수요일,광주광역시 서구 쌍촌동,경상사고,0,0,2,0,차대차 - 기타,안전운전불이행,건조,맑음,단일로 - 기타,기타불명,기타불명,기타불명,기타불명,승용,여,32세,경상
2014082000100555,2014년 8월 20일 21시,수요일,광주광역시 광산구 복룡동,부상신고사고,0,0,0,1,차량단독 - 공작물충돌,안전운전불이행,건조,맑음,단일로 - 기타,화물,남,49세,부상신고,,,,
2014082000100593,2014년 8월 20일 22시,수요일,광주광역시 북구 일곡동,경상사고,0,0,1,0,차대차 - 측면직각충돌,교차로운행방법위반,습기,비,교차로 - 교차로안,승용,여,63세,상해없음,이륜,남,18세,경상
2014082000100594,2014년 8월 20일 22시,수요일,광주광역시 광산구 신가동,경상사고,0,0,2,0,차대차 - 추돌 - 진행중,안전운전불이행,습기,비,단일로 - 기타,승용,남,45세,상해없음,승용,남,42세,경상
2014082000100640,2014년 8월 20일 23시,수요일,광주광역시 남구 진월동,경상사고,0,0,1,0,차대사람 - 길가장자리구역통행중,안전운전불이행,습기,비,교차로 - 교차로부근,이륜,남,22세,상해없음,보행자,여,44세,경상
2014082000100641,2014년 8월 20일 23시,수요일,광주광역시 북구 동림동,경상사고,0,0,1,0,차대차 - 측면직각충돌,안전운전불이행,습기,비,교차로 - 교차로안,승용,기타불명,기타불명,기타불명,승용,남,41세,경상
2014082100100025,2014년 8월 21일 00시,목요일,광주광역시 북구 우산동,경상사고,0,0,2,0,차대차 - 측면직각충돌,안전운전불이행,습기,비,교차로 - 교차로부근,승용,남,33세,상해없음,승용,남,38세,경상
2014082100100049,2014년 8월 21일 01시,목요일,광주광역시 동구 광산동,경상사고,0,0,1,0,차대차 - 측면직각충돌,교차로운행방법위반,습기,비,교차로 - 교차로안,기타불명,기타불명,기타불명,기타불명,승용,남,48세,경상
2014082100100050,2014년 8월 21일 01시,목요일,광주광역시 북구 오치동,경상사고,0,0,1,0,차대사람 - 차도통행중,안전운전불이행,습기,비,단일로 - 기타,승용,여,50세,상해없음,보행자,남,19세,경상
2014082100100113,2014년 8월 21일 05시,목요일,광주광역시 남구 주월동,경상사고,0,0,2,0,차대차 - 측면직각충돌,중앙선침범,습기,비,기타 - 기타,승용,남,30세,상해없음,승용,남,22세,경상
2014082100100211,2014년 8월 21일 09시,목요일,광주광역시 동구 내남동,경상사고,0,0,1,0,차량단독 - 공작물충돌,안전운전불이행,습기,비,단일로 - 기타,승용,남,30세,경상,,,,
2014082100100212,2014년 8월 21일 09시,목요일,광주광역시 남구 진월동,중상사고,0,1,0,0,차대차 - 측면직각충돌,안전거리미확보,건조,맑음,단일로 - 기타,승용,남,72세,상해없음,승용,남,45세,중상
2014082100100234,2014년 8월 21일 10시,목요일,광주광역시 동구 충장로4가,경상사고,0,0,1,0,차대사람 - 기타,안전운전불이행,건조,맑음,단일로 - 기타,승용,남,72세,상해없음,보행자,여,72세,경상
2014082100100235,2014년 8월 21일 10시,목요일,광주광역시 남구 주월동,경상사고,0,0,1,0,차대차 - 측면직각충돌,중앙선침범,습기,흐림,교차로 - 교차로부근,승용,남,45세,상해없음,승용,남,59세,경상
2014082100100260,2014년 8월 21일 11시,목요일,광주광역시 동구 대인동,경상사고,0,0,1,0,차대사람 - 횡단중,안전운전불이행,건조,흐림,교차로 - 교차로안,승용,남,68세,상해없음,보행자,여,51세,경상
2014082100100261,2014년 8월 21일 11시,목요일,광주광역시 북구 오치동,경상사고,0,0,1,0,차대차 - 측면직각충돌,안전운전불이행,건조,흐림,단일로 - 기타,승용,남,52세,상해없음,화물,남,51세,경상
2014082100100303,2014년 8월 21일 12시,목요일,광주광역시 서구 농성동,경상사고,0,0,2,0,차대차 - 측면직각충돌,안전운전불이행,건조,맑음,교차로 - 교차로부근,승합,남,58세,상해없음,승용,남,36세,경상
2014082100100304,2014년 8월 21일 12시,목요일,광주광역시 북구 운암동,경상사고,0,0,1,0,차대차 - 추돌 - 진행중,안전운전불이행,건조,맑음,단일로 - 기타,원동기,남,44세,경상,승합,남,27세,상해없음
2014082100100305,2014년 8월 21일 12시,목요일,광주광역시 광산구 우산동,경상사고,0,0,2,0,차대차 - 측면직각충돌,안전거리미확보,건조,맑음,단일로 - 기타,특수,남,48세,상해없음,승용,남,66세,경상
2014082100100334,2014년 8월 21일 13시,목요일,광주광역시 동구 동명동,경상사고,0,0,1,0,차량단독 - 기타,안전운전불이행,건조,맑음,교차로 - 교차로부근,승합,남,58세,기타불명,,,,
2014082100100335,2014년 8월 21일 13시,목요일,광주광역시 남구 백운동,경상사고,0,0,1,0,차대사람 - 횡단중,신호위반,건조,맑음,단일로 - 횡단보도상,원동기,남,44세,상해없음,보행자,여,63세,경상
2014082100100361,2014년 8월 21일 14시,목요일,광주광역시 서구 유촌동,경상사고,0,0,4,0,차대차 - 추돌 - 주정차중,안전거리미확보,건조,맑음,교차로 - 교차로부근,승용,남,46세,상해없음,승용,여,45세,경상
2014082100100362,2014년 8월 21일 14시,목요일,광주광역시 남구 주월동,중상사고,0,1,0,0,차대사람 - 횡단중,안전운전불이행,건조,맑음,교차로 - 교차로부근,화물,남,45세,상해없음,보행자,남,62세,중상
2014082100100363,2014년 8월 21일 14시,목요일,광주광역시 광산구 흑석동,경상사고,0,0,1,0,차대차 - 기타,안전거리미확보,건조,맑음,단일로 - 기타,승용,남,55세,기타불명,승용,여,31세,경상
2014082100100364,2014년 8월 21일 14시,목요일,광주광역시 광산구 산월동,경상사고,0,0,3,0,차대차 - 추돌 - 진행중,안전거리미확보,건조,맑음,단일로 - 기타,승용,여,35세,상해없음,승용,여,40세,경상
2014082100100388,2014년 8월 21일 15시,목요일,광주광역시 광산구 신창동,경상사고,0,0,1,0,차대사람 - 기타,안전운전불이행,건조,맑음,기타 - 기타,승용,남,37세,상해없음,보행자,남,50세,경상
2014082100100389,2014년 8월 21일 15시,목요일,광주광역시 광산구 쌍암동,중상사고,0,1,0,0,차대차 - 측면직각충돌,신호위반,건조,맑음,단일로 - 기타,승용,여,37세,상해없음,자전거,남,18세,중상
2014082100100423,2014년 8월 21일 16시,목요일,광주광역시 광산구 수완동,경상사고,0,0,4,0,차대차 - 추돌 - 진행중,안전거리미확보,건조,맑음,미분류 - 미분류,승용,여,58세,상해없음,승용,남,46세,경상
2014082100100457,2014년 8월 21일 17시,목요일,광주광역시 북구 오치동,경상사고,0,0,1,0,차대차 - 측면직각충돌,직진우회전진행방해,건조,맑음,교차로 - 교차로안,승용,여,30세,상해없음,승용,남,58세,상해없음
2014082100100501,2014년 8월 21일 18시,목요일,광주광역시 남구 송하동,경상사고,0,0,3,0,차대차 - 측면직각충돌,안전거리미확보,건조,맑음,단일로 - 기타,승합,남,26세,상해없음,승합,남,62세,경상
2014082100100502,2014년 8월 21일 18시,목요일,광주광역시 광산구 송정동,경상사고,0,0,2,0,차대차 - 추돌 - 진행중,안전거리미확보,건조,맑음,단일로 - 기타,승용,여,51세,상해없음,승용,남,21세,경상
2014082100100575,2014년 8월 21일 20시,목요일,광주광역시 서구 치평동,중상사고,0,1,0,0,차대사람 - 횡단중,보행자보호의무위반,건조,맑음,교차로 - 교차로부근,승용,여,36세,상해없음,보행자,남,72세,중상
2014082100100576,2014년 8월 21일 20시,목요일,광주광역시 광산구 월계동,경상사고,0,0,1,0,차대차 - 측면직각충돌,안전운전불이행,건조,맑음,교차로 - 교차로부근,승용,남,50세,상해없음,자전거,여,40세,경상
2014082100100577,2014년 8월 21일 20시,목요일,광주광역시 광산구 신창동,중상사고,0,1,0,0,차대사람 - 횡단중,안전운전불이행,건조,맑음,단일로 - 기타,승용,여,47세,상해없음,보행자,여,12세,중상
2014082100100665,2014년 8월 21일 23시,목요일,광주광역시 광산구 월계동,경상사고,0,0,3,0,차대차 - 측면직각충돌,차로위반,건조,맑음,단일로 - 기타,승용,남,53세,상해없음,승용,남,38세,상해없음
2014082200100021,2014년 8월 22일 00시,금요일,광주광역시 서구 치평동,중상사고,0,1,0,0,차대사람 - 기타,안전운전불이행,건조,맑음,단일로 - 기타,승용,남,25세,상해없음,보행자,여,49세,중상
2014082200100089,2014년 8월 22일 05시,금요일,광주광역시 북구 유동,중상사고,0,1,0,0,차대차 - 기타,중앙선침범,건조,맑음,단일로 - 횡단보도부근,자전거,남,72세,중상,승용,남,55세,상해없음
2014082200100101,2014년 8월 22일 06시,금요일,광주광역시 서구 치평동,경상사고,0,0,1,0,차대차 - 기타,안전운전불이행,건조,맑음,교차로 - 교차로부근,승용,남,32세,기타불명,승용,남,69세,경상
2014082200100102,2014년 8월 22일 06시,금요일,광주광역시 서구 내방동,경상사고,0,0,3,0,차대차 - 측면직각충돌,신호위반,건조,맑음,교차로 - 교차로안,이륜,남,57세,경상,승용,남,53세,경상
2014082200100117,2014년 8월 22일 07시,금요일,광주광역시 북구 중흥동,경상사고,0,0,1,0,차대차 - 측면직각충돌,안전운전불이행,건조,맑음,교차로 - 교차로부근,승용,기타불명,기타불명,기타불명,자전거,여,20세,경상
2014082200100160,2014년 8월 22일 08시,금요일,광주광역시 서구 쌍촌동,경상사고,0,0,2,0,차대차 - 추돌 - 주정차중,안전운전불이행,건조,맑음,교차로 - 교차로부근,승용,남,53세,상해없음,승용,남,39세,경상
2014082200100191,2014년 8월 22일 09시,금요일,광주광역시 광산구 송정동,경상사고,0,0,1,0,차대차 - 추돌 - 진행중,안전운전불이행,건조,맑음,단일로 - 기타,승용,남,50세,상해없음,승용,남,52세,경상
2014082200100215,2014년 8월 22일 10시,금요일,광주광역시 남구 방림동,중상사고,0,1,1,0,차대차 - 기타,안전거리미확보,건조,맑음,단일로 - 기타,승용,여,41세,상해없음,승용,남,26세,중상
2014082200100247,2014년 8월 22일 11시,금요일,광주광역시 광산구 운남동,경상사고,0,0,3,0,차대차 - 추돌 - 주정차중,안전운전불이행,건조,맑음,교차로 - 교차로안,승용,남,43세,상해없음,승용,여,56세,경상
2014082200100382,2014년 8월 22일 15시,금요일,광주광역시 북구 운암동,중상사고,0,2,1,0,차대차 - 추돌 - 진행중,안전운전불이행,건조,맑음,단일로 - 기타,승용,남,62세,상해없음,승용,여,66세,중상
2014082200100424,2014년 8월 22일 16시,금요일,광주광역시 서구 농성동,경상사고,0,0,1,0,차대차 - 기타,중앙선침범,건조,맑음,단일로 - 기타,승용,남,40세,상해없음,자전거,남,13세,경상
2014082200100425,2014년 8월 22일 16시,금요일,광주광역시 남구 방림동,중상사고,0,1,0,0,차대차 - 기타,안전운전불이행,건조,맑음,단일로 - 기타,승용,여,36세,상해없음,이륜,남,64세,중상
2014082200100426,2014년 8월 22일 16시,금요일,광주광역시 남구 승촌동,경상사고,0,0,1,0,차대차 - 기타,안전거리미확보,건조,맑음,단일로 - 기타,자전거,남,29세,상해없음,자전거,남,46세,경상
2014082200100427,2014년 8월 22일 16시,금요일,광주광역시 북구 각화동,중상사고,0,1,0,0,차대차 - 측면직각충돌,신호위반,건조,맑음,교차로 - 교차로안,승용,여,49세,상해없음,원동기,남,24세,중상
2014082200100428,2014년 8월 22일 16시,금요일,광주광역시 광산구 소촌동,경상사고,0,0,1,0,차대차 - 측면직각충돌,교차로운행방법위반,건조,맑음,교차로 - 교차로안,승합,여,34세,상해없음,자전거,여,71세,경상
2014082200100465,2014년 8월 22일 17시,금요일,광주광역시 남구 주월동,경상사고,0,0,1,0,차대사람 - 횡단중,안전운전불이행,건조,맑음,단일로 - 횡단보도상,승용,남,53세,상해없음,보행자,남,13세,경상
2014082200100466,2014년 8월 22일 17시,금요일,광주광역시 광산구 신가동,경상사고,0,0,2,0,차대차 - 추돌 - 진행중,안전거리미확보,건조,맑음,교차로 - 교차로부근,화물,남,55세,상해없음,승용,남,38세,경상
2014082200100554,2014년 8월 22일 19시,금요일,광주광역시 서구 치평동,경상사고,0,0,1,0,차대차 - 측면직각충돌,신호위반,건조,맑음,교차로 - 교차로안,승용,남,47세,상해없음,승용,남,61세,경상
2014082200100555,2014년 8월 22일 19시,금요일,광주광역시 서구 광천동,중상사고,0,1,0,0,차대사람 - 횡단중,안전운전불이행,건조,맑음,단일로 - 횡단보도부근,승용,남,27세,상해없음,보행자,여,80세,중상
2014082200100556,2014년 8월 22일 19시,금요일,광주광역시 서구 농성동,경상사고,0,0,2,0,차대차 - 기타,안전운전불이행,건조,맑음,단일로 - 기타,승용,여,30세,상해없음,승용,여,47세,경상
2014082200100557,2014년 8월 22일 19시,금요일,광주광역시 광산구 운남동,경상사고,0,0,3,0,차대차 - 추돌 - 주정차중,안전운전불이행,건조,맑음,교차로 - 교차로부근,승용,남,33세,상해없음,승용,남,39세,경상
2014082200100591,2014년 8월 22일 20시,금요일,광주광역시 동구 소태동,경상사고,0,0,1,0,차대차 - 측면직각충돌,안전운전불이행,건조,맑음,단일로 - 기타,승용,남,59세,상해없음,이륜,남,16세,경상
2014082200100592,2014년 8월 22일 20시,금요일,광주광역시 북구 매곡동,중상사고,0,1,0,0,차대사람 - 길가장자리구역통행중,안전운전불이행,건조,맑음,단일로 - 기타,승용,남,43세,상해없음,보행자,여,79세,중상
2014082200100632,2014년 8월 22일 21시,금요일,광주광역시 북구 일곡동,부상신고사고,0,0,0,1,차대차 - 측면직각충돌,안전운전불이행,건조,맑음,교차로 - 교차로안,자전거,남,45세,부상신고,승용,여,42세,상해없음
2014082200100670,2014년 8월 22일 22시,금요일,광주광역시 북구 매곡동,중상사고,0,1,0,0,차대차 - 기타,안전운전불이행,건조,맑음,단일로 - 기타,승용,남,53세,상해없음,자전거,남,50세,중상
2014082200100671,2014년 8월 22일 22시,금요일,광주광역시 광산구 산월동,경상사고,0,0,1,0,차대차 - 측면직각충돌,안전거리미확보,건조,맑음,단일로 - 기타,승용,여,43세,상해없음,승용,남,41세,상해없음
2014082200100706,2014년 8월 22일 23시,금요일,광주광역시 남구 월산동,경상사고,0,0,1,0,차대차 - 기타,중앙선침범,건조,맑음,단일로 - 기타,자전거,남,17세,경상,승용,남,51세,상해없음
2014082300100027,2014년 8월 23일 00시,토요일,광주광역시 서구 치평동,경상사고,0,0,4,0,차대차 - 측면직각충돌,신호위반,습기,비,교차로 - 교차로안,승용,남,28세,상해없음,승용,남,44세,경상
2014082300100028,2014년 8월 23일 00시,토요일,광주광역시 서구 화정동,경상사고,0,0,3,0,차대차 - 기타,안전운전불이행,건조,맑음,교차로 - 교차로안,승용,남,19세,상해없음,승합,남,28세,경상
2014082300100029,2014년 8월 23일 00시,토요일,광주광역시 광산구 소촌동,경상사고,0,0,1,1,차대차 - 추돌 - 주정차중,안전운전불이행,건조,맑음,교차로 - 교차로부근,승용,남,37세,부상신고,승용,남,46세,경상
2014082300100088,2014년 8월 23일 04시,토요일,광주광역시 서구 치평동,경상사고,0,0,3,0,차대차 - 측면직각충돌,신호위반,건조,맑음,교차로 - 교차로안,승용,남,32세,상해없음,승용,남,29세,상해없음
2014082300100103,2014년 8월 23일 05시,토요일,광주광역시 남구 주월동,중상사고,0,1,0,0,차대사람 - 기타,안전운전불이행,건조,맑음,단일로 - 기타,승용,남,58세,상해없음,보행자,남,24세,중상
2014082300100165,2014년 8월 23일 08시,토요일,광주광역시 북구 매곡동,경상사고,0,0,1,0,차대차 - 기타,안전거리미확보,건조,맑음,단일로 - 기타,승용,남,29세,상해없음,승용,남,36세,경상
2014082300100224,2014년 8월 23일 10시,토요일,광주광역시 광산구 송정동,중상사고,0,1,0,0,차대차 - 측면직각충돌,직진우회전진행방해,건조,맑음,교차로 - 교차로안,화물,남,32세,상해없음,자전거,남,60세,중상
2014082300100246,2014년 8월 23일 11시,토요일,광주광역시 서구 쌍촌동,중상사고,0,2,0,0,차대차 - 측면직각충돌,신호위반,건조,맑음,교차로 - 교차로안,승용,여,57세,중상,자전거,남,25세,중상
2014082300100247,2014년 8월 23일 11시,토요일,광주광역시 광산구 신촌동,경상사고,0,0,1,0,차대차 - 측면직각충돌,안전운전불이행,건조,맑음,교차로 - 교차로부근,승용,남,55세,상해없음,자전거,남,75세,경상
2014082300100306,2014년 8월 23일 13시,토요일,광주광역시 북구 중흥동,경상사고,0,0,2,0,차대차 - 측면직각충돌,교차로운행방법위반,건조,맑음,교차로 - 교차로안,승용,남,27세,상해없음,승용,남,29세,경상
2014082300100377,2014년 8월 23일 15시,토요일,광주광역시 북구 동림동,부상신고사고,0,0,0,1,차대차 - 추돌 - 진행중,안전거리미확보,건조,맑음,교차로 - 교차로부근,화물,남,53세,부상신고,화물,남,57세,상해없음
2014082300100417,2014년 8월 23일 16시,토요일,광주광역시 남구 양촌동,경상사고,0,0,1,0,차대차 - 정면충돌,안전운전불이행,건조,맑음,단일로 - 기타,농기계,남,66세,상해없음,화물,남,69세,경상
2014082300100418,2014년 8월 23일 16시,토요일,광주광역시 북구 매곡동,경상사고,0,0,1,0,차대차 - 추돌 - 주정차중,안전운전불이행,건조,맑음,교차로 - 교차로부근,승용,남,29세,상해없음,승용,남,55세,경상
2014082300100419,2014년 8월 23일 16시,토요일,광주광역시 북구 두암동,경상사고,0,0,1,0,차대차 - 추돌 - 진행중,안전운전불이행,건조,맑음,교차로 - 교차로부근,이륜,남,33세,상해없음,승용,여,50세,경상
2014082300100451,2014년 8월 23일 17시,토요일,광주광역시 남구 노대동,중상사고,0,1,2,0,차대차 - 추돌 - 진행중,안전거리미확보,건조,맑음,단일로 - 기타,승용,남,51세,상해없음,화물,남,32세,경상
2014082300100452,2014년 8월 23일 17시,토요일,광주광역시 북구 용봉동,경상사고,0,0,1,0,차대차 - 측면직각충돌,안전운전불이행,건조,맑음,단일로 - 기타,승용,남,60세,상해없음,승용,남,43세,경상
2014082300100453,2014년 8월 23일 17시,토요일,광주광역시 북구 운암동,경상사고,0,0,1,0,차대차 - 측면직각충돌,안전운전불이행,건조,맑음,단일로 - 기타,승용,남,41세,상해없음,승용,남,40세,경상
2014082300100487,2014년 8월 23일 18시,토요일,광주광역시 북구 운암동,경상사고,0,0,1,0,차대차 - 측면직각충돌,안전운전불이행,건조,맑음,교차로 - 교차로부근,화물,남,63세,상해없음,이륜,남,53세,경상
2014082300100563,2014년 8월 23일 20시,토요일,광주광역시 동구 금남로1가,경상사고,0,0,1,0,차대차 - 측면직각충돌,안전운전불이행,건조,흐림,단일로 - 기타,승용,남,27세,상해없음,승용,남,20세,경상
2014082300100564,2014년 8월 23일 20시,토요일,광주광역시 서구 쌍촌동,중상사고,0,1,0,0,차대사람 - 차도통행중,안전운전불이행,건조,맑음,단일로 - 기타,승용,여,27세,상해없음,보행자,여,64세,중상
2014082300100592,2014년 8월 23일 21시,토요일,광주광역시 서구 매월동,중상사고,0,1,0,0,차대사람 - 횡단중,신호위반,건조,맑음,단일로 - 횡단보도상,승용,남,49세,상해없음,보행자,여,17세,중상