사고번호,사고일시,요일,시군구,사고내용,사망자수,중상자수,경상자수,부상신고자수,사고유형,법규위반,노면상태,기상상태,도로형태,가해운전자 차종,가해운전자 성별,가해운전자 연령,가해운전자 상해정도,피해운전자 차종,피해운전자 성별,피해운전자 연령,피해운전자 상해정도
2014082300100622,2014년 8월 23일 22시,토요일,광주광역시 동구 소태동,부상신고사고,0,0,0,1,차대차 - 추돌 - 주정차중,안전운전불이행,건조,맑음,교차로 - 교차로부근,승용,남,37세,상해없음,승용,남,57세,부상신고
2014082300100623,2014년 8월 23일 22시,토요일,광주광역시 광산구 쌍암동,경상사고,0,0,1,0,차대차 - 추돌 - 주정차중,안전운전불이행,기타,맑음,기타 - 기타,승용,남,37세,상해없음,승용,남,31세,상해없음
2014082300100651,2014년 8월 23일 23시,토요일,광주광역시 서구 화정동,경상사고,0,0,2,0,차대차 - 측면직각충돌,교차로운행방법위반,건조,맑음,교차로 - 교차로안,승용,남,22세,상해없음,승용,여,53세,경상
2014082300100652,2014년 8월 23일 23시,토요일,광주광역시 북구 중흥동,경상사고,0,0,1,0,차대차 - 기타,안전운전불이행,건조,맑음,교차로 - 교차로부근,화물,남,47세,상해없음,이륜,남,19세,경상
2014082400100017,2014년 8월 24일 00시,일요일,광주광역시 북구 신안동,경상사고,0,0,1,0,차대사람 - 기타,안전운전불이행,건조,맑음,단일로 - 기타,이륜,남,17세,상해없음,보행자,남,52세,경상
2014082400100018,2014년 8월 24일 00시,일요일,광주광역시 북구 동림동,경상사고,0,0,4,0,차대차 - 추돌 - 주정차중,안전운전불이행,건조,맑음,미분류 - 미분류,화물,남,40세,경상,승용,남,24세,경상
2014082400100019,2014년 8월 24일 00시,일요일,광주광역시 광산구 산정동,경상사고,0,0,1,0,차대차 - 측면직각충돌,안전운전불이행,건조,맑음,단일로 - 기타,승용,여,51세,상해없음,승용,여,44세,경상
2014082400100078,2014년 8월 24일 05시,일요일,광주광역시 북구 오치동,경상사고,0,0,1,0,차량단독 - 기타,안전운전불이행,건조,맑음,단일로 - 기타,이륜,남,35세,경상,,,,
2014082400100157,2014년 8월 24일 10시,일요일,광주광역시 서구 농성동,경상사고,0,0,1,0,차대차 - 추돌 - 진행중,안전거리미확보,건조,맑음,단일로 - 기타,승용,남,46세,상해없음,승용,남,66세,경상
2014082400100158,2014년 8월 24일 10시,일요일,광주광역시 광산구 옥동,경상사고,0,0,2,0,차대차 - 측면직각충돌,교차로운행방법위반,건조,맑음,교차로 - 교차로안,승용,여,43세,경상,승용,남,54세,경상
2014082400100176,2014년 8월 24일 11시,일요일,광주광역시 동구 학동,중상사고,0,1,0,0,차대사람 - 기타,안전운전불이행,건조,맑음,기타 - 기타,승합,남,68세,상해없음,보행자,남,5세,중상
2014082400100177,2014년 8월 24일 11시,일요일,광주광역시 동구 지산동,경상사고,0,0,1,0,차대차 - 기타,안전운전불이행,건조,맑음,단일로 - 기타,승용,남,60세,상해없음,자전거,남,48세,경상
2014082400100205,2014년 8월 24일 12시,일요일,광주광역시 동구 학동,경상사고,0,0,1,0,차대차 - 기타,차로위반,건조,흐림,단일로 - 기타,이륜,남,22세,경상,승용,남,33세,상해없음
2014082400100295,2014년 8월 24일 15시,일요일,광주광역시 광산구 수완동,경상사고,0,0,1,0,차대차 - 추돌 - 진행중,신호위반,습기,비,교차로 - 교차로안,원동기,남,19세,상해없음,승용,남,53세,상해없음
2014082400100315,2014년 8월 24일 16시,일요일,광주광역시 광산구 용곡동,경상사고,0,0,2,0,차대차 - 추돌 - 진행중,안전운전불이행,습기,비,단일로 - 기타,승용,여,37세,상해없음,승용,남,50세,경상
2014082400100349,2014년 8월 24일 17시,일요일,광주광역시 북구 신용동,부상신고사고,0,0,0,1,차대차 - 추돌 - 주정차중,안전운전불이행,습기,비,단일로 - 기타,승용,기타불명,기타불명,기타불명,승용,남,48세,부상신고
2014082400100350,2014년 8월 24일 17시,일요일,광주광역시 광산구 도천동,경상사고,0,0,1,0,차대차 - 추돌 - 진행중,차로위반,습기,비,단일로 - 기타,승용,남,43세,상해없음,승용,남,30세,경상
2014082400100351,2014년 8월 24일 17시,일요일,광주광역시 광산구 산월동,경상사고,0,0,4,0,차대차 - 측면직각충돌,중앙선침범,습기,비,단일로 - 기타,승용,남,43세,상해없음,승용,남,67세,경상
2014082400100380,2014년 8월 24일 18시,일요일,광주광역시 동구 계림동,경상사고,0,0,1,0,차대사람 - 기타,안전운전불이행,습기,흐림,단일로 - 기타,승용,여,49세,상해없음,보행자,남,59세,경상
2014082400100421,2014년 8월 24일 19시,일요일,광주광역시 광산구 도산동,경상사고,0,0,1,0,차대차 - 기타,교차로운행방법위반,습기,비,교차로 - 교차로안,승용,남,56세,상해없음,이륜,남,43세,경상
2014082400100422,2014년 8월 24일 19시,일요일,광주광역시 광산구 산월동,경상사고,0,0,1,0,차대차 - 측면직각충돌,신호위반,습기,흐림,교차로 - 교차로안,화물,남,48세,상해없음,승용,남,32세,경상
2014082400100464,2014년 8월 24일 20시,일요일,광주광역시 광산구 장덕동,경상사고,0,0,3,0,차대차 - 측면직각충돌,교차로운행방법위반,건조,맑음,교차로 - 교차로안,승용,남,37세,상해없음,승합,남,48세,경상
2014082400100488,2014년 8월 24일 21시,일요일,광주광역시 광산구 장수동,경상사고,0,0,1,0,차대차 - 추돌 - 진행중,중앙선침범,습기,흐림,단일로 - 기타,기타불명,기타불명,기타불명,기타불명,승합,남,61세,경상
2014082400100506,2014년 8월 24일 22시,일요일,광주광역시 북구 임동,경상사고,0,0,3,0,차대차 - 측면직각충돌,신호위반,건조,맑음,교차로 - 교차로안,승용,남,74세,상해없음,화물,남,58세,상해없음
2014082500100013,2014년 8월 25일 00시,월요일,광주광역시 광산구 우산동,경상사고,0,0,1,0,차량단독 - 기타,안전운전불이행,습기,흐림,단일로 - 기타,승용,남,37세,경상,,,,
2014082500100021,2014년 8월 25일 01시,월요일,광주광역시 북구 중흥동,경상사고,0,0,1,0,차대사람 - 차도통행중,안전운전불이행,건조,맑음,단일로 - 기타,승용,기타불명,기타불명,기타불명,보행자,남,17세,경상
2014082500100042,2014년 8월 25일 04시,월요일,광주광역시 서구 쌍촌동,중상사고,0,1,3,0,차대차 - 추돌 - 주정차중,안전운전불이행,습기,비,교차로 - 교차로부근,승용,남,40세,중상,승용,남,31세,경상
2014082500100043,2014년 8월 25일 04시,월요일,광주광역시 북구 각화동,경상사고,0,0,1,0,차대차 - 측면직각충돌,신호위반,건조,맑음,교차로 - 교차로안,승용,남,68세,상해없음,승용,남,43세,경상
2014082500100057,2014년 8월 25일 05시,월요일,광주광역시 북구 신안동,경상사고,0,0,2,1,차대차 - 추돌 - 주정차중,안전운전불이행,건조,맑음,교차로 - 교차로부근,승용,남,31세,경상,승용,남,50세,기타불명
2014082500100072,2014년 8월 25일 06시,월요일,광주광역시 서구 덕흥동,경상사고,0,0,1,0,차량단독 - 기타,안전운전불이행,습기,비,단일로 - 기타,승용,남,26세,상해없음,,,,
2014082500100101,2014년 8월 25일 07시,월요일,광주광역시 서구 치평동,경상사고,0,0,1,0,차대사람 - 횡단중,안전운전불이행,습기,비,단일로 - 기타,승용,여,31세,상해없음,보행자,남,17세,경상
2014082500100102,2014년 8월 25일 07시,월요일,광주광역시 북구 연제동,경상사고,0,0,1,0,차대차 - 추돌 - 진행중,안전운전불이행,습기,비,단일로 - 기타,화물,남,46세,상해없음,승합,남,48세,상해없음
2014082500100134,2014년 8월 25일 08시,월요일,광주광역시 서구 유촌동,경상사고,0,0,1,0,차대차 - 기타,안전거리미확보,습기,비,단일로 - 기타,화물,남,61세,상해없음,승용,여,44세,경상
2014082500100135,2014년 8월 25일 08시,월요일,광주광역시 남구 월산동,경상사고,0,0,2,0,차대차 - 측면직각충돌,안전운전불이행,습기,비,교차로 - 교차로안,승용,여,45세,상해없음,화물,남,56세,경상
2014082500100196,2014년 8월 25일 10시,월요일,광주광역시 서구 치평동,경상사고,0,0,3,0,차대차 - 기타,안전운전불이행,건조,맑음,교차로 - 교차로부근,승용,남,55세,상해없음,승용,남,58세,경상
2014082500100230,2014년 8월 25일 11시,월요일,광주광역시 동구 서석동,경상사고,0,0,1,0,차대차 - 추돌 - 진행중,안전거리미확보,습기,비,단일로 - 기타,승용,남,31세,상해없음,화물,남,42세,경상
2014082500100288,2014년 8월 25일 13시,월요일,광주광역시 동구 금남로2가,중상사고,0,1,0,0,차대차 - 기타,안전거리미확보,습기,비,단일로 - 기타,승용,남,47세,상해없음,이륜,남,51세,중상
2014082500100289,2014년 8월 25일 13시,월요일,광주광역시 북구 지야동,중상사고,0,4,0,0,차대차 - 추돌 - 주정차중,안전운전불이행,습기,비,단일로 - 기타,승합,남,51세,상해없음,승용,남,43세,중상
2014082500100312,2014년 8월 25일 14시,월요일,광주광역시 서구 유촌동,경상사고,0,0,3,0,차대차 - 측면직각충돌,안전거리미확보,습기,비,교차로 - 교차로부근,승용,여,59세,경상,승용,남,43세,경상
2014082500100313,2014년 8월 25일 14시,월요일,광주광역시 광산구 황룡동,경상사고,0,0,1,0,차대차 - 추돌 - 주정차중,중앙선침범,습기,비,단일로 - 기타,승용,남,54세,상해없음,승용,남,57세,경상
2014082500100353,2014년 8월 25일 15시,월요일,광주광역시 북구 신안동,경상사고,0,0,1,0,차대차 - 측면직각충돌,불법유턴,건조,맑음,교차로 - 교차로부근,자전거,남,20세,경상,화물,남,62세,상해없음
2014082500100399,2014년 8월 25일 16시,월요일,광주광역시 북구 오치동,경상사고,0,0,1,0,차대사람 - 차도통행중,안전운전불이행,건조,맑음,단일로 - 기타,승용,여,46세,상해없음,보행자,남,15세,경상
2014082500100400,2014년 8월 25일 16시,월요일,광주광역시 북구 신용동,경상사고,0,0,1,0,차대차 - 기타,중앙선침범,건조,흐림,단일로 - 기타,승용,여,40세,상해없음,승용,여,39세,경상
2014082500100431,2014년 8월 25일 17시,월요일,광주광역시 서구 풍암동,경상사고,0,0,1,0,차대차 - 기타,안전운전불이행,습기,흐림,교차로 - 교차로안,승용,남,62세,상해없음,자전거,남,13세,경상
2014082500100468,2014년 8월 25일 18시,월요일,광주광역시 북구 용봉동,경상사고,0,0,1,0,차대차 - 기타,안전운전불이행,건조,맑음,단일로 - 기타,승용,여,60세,상해없음,승용,여,27세,경상
2014082500100469,2014년 8월 25일 18시,월요일,광주광역시 광산구 도산동,경상사고,0,0,1,0,차대차 - 정면충돌,안전운전불이행,건조,맑음,교차로 - 교차로부근,승용,여,36세,상해없음,자전거,남,17세,경상
2014082500100500,2014년 8월 25일 19시,월요일,광주광역시 서구 동천동,경상사고,0,0,2,0,차대차 - 기타,신호위반,건조,맑음,교차로 - 교차로안,화물,남,41세,상해없음,승용,남,44세,경상
2014082500100534,2014년 8월 25일 20시,월요일,광주광역시 서구 화정동,부상신고사고,0,0,0,1,차대차 - 측면직각충돌,차로위반,습기,비,단일로 - 기타,승용,남,64세,상해없음,승용,남,30세,상해없음
2014082500100535,2014년 8월 25일 20시,월요일,광주광역시 광산구 도천동,경상사고,0,0,1,0,차대사람 - 횡단중,안전운전불이행,건조,맑음,단일로 - 기타,승용,남,53세,상해없음,보행자,남,41세,경상
2014082500100605,2014년 8월 25일 22시,월요일,광주광역시 서구 금호동,경상사고,0,0,1,0,차대사람 - 기타,안전운전불이행,건조,맑음,단일로 - 기타,승용,남,47세,상해없음,보행자,남,56세,경상
2014082500100606,2014년 8월 25일 22시,월요일,광주광역시 광산구 신가동,경상사고,0,0,1,0,차대차 - 기타,기타,습기,흐림,단일로 - 기타,승용,남,34세,상해없음,이륜,남,16세,기타불명
2014082600100021,2014년 8월 26일 00시,화요일,광주광역시 북구 운암동,경상사고,0,0,2,0,차대차 - 추돌 - 주정차중,안전운전불이행,건조,맑음,단일로 - 기타,승용,남,27세,경상,승용,남,58세,경상
2014082600100082,2014년 8월 26일 06시,화요일,광주광역시 광산구 운수동,경상사고,0,0,4,0,차대차 - 측면직각충돌,신호위반,건조,맑음,교차로 - 교차로안,승용,남,63세,경상,승용,남,58세,경상
2014082600100139,2014년 8월 26일 08시,화요일,광주광역시 동구 산수동,경상사고,0,0,1,0,차대차 - 추돌 - 주정차중,안전운전불이행,건조,맑음,단일로 - 기타,자전거,남,42세,경상,승용,남,47세,기타불명
2014082600100140,2014년 8월 26일 08시,화요일,광주광역시 북구 중흥동,경상사고,0,0,1,0,차대차 - 측면직각충돌,신호위반,건조,맑음,교차로 - 교차로안,승용,남,25세,상해없음,승용,남,54세,경상
2014082600100141,2014년 8월 26일 08시,화요일,광주광역시 광산구 비아동,경상사고,0,0,1,0,차대사람 - 횡단중,안전운전불이행,건조,맑음,교차로 - 교차로안,승용,남,62세,상해없음,보행자,여,7세,경상
2014082600100177,2014년 8월 26일 09시,화요일,광주광역시 북구 삼각동,경상사고,0,0,1,0,차대차 - 기타,신호위반,건조,맑음,교차로 - 교차로안,화물,남,34세,상해없음,자전거,남,74세,경상
2014082600100202,2014년 8월 26일 10시,화요일,광주광역시 북구 유동,경상사고,0,0,1,0,차대차 - 추돌 - 진행중,안전운전불이행,건조,맑음,교차로 - 교차로안,화물,남,33세,상해없음,승용,남,43세,경상
2014082600100203,2014년 8월 26일 10시,화요일,광주광역시 북구 연제동,경상사고,0,0,2,0,차대차 - 측면직각충돌,교차로운행방법위반,건조,맑음,교차로 - 교차로안,화물,남,35세,상해없음,승용,남,46세,경상
2014082600100234,2014년 8월 26일 11시,화요일,광주광역시 동구 광산동,경상사고,0,0,1,0,차대차 - 측면직각충돌,차로위반,건조,맑음,단일로 - 기타,승용,남,53세,상해없음,승용,여,32세,경상
2014082600100256,2014년 8월 26일 12시,화요일,광주광역시 서구 유촌동,경상사고,0,0,1,0,차대차 - 추돌 - 주정차중,안전거리미확보,건조,맑음,교차로 - 교차로부근,승용,남,59세,상해없음,승용,남,33세,경상
2014082600100257,2014년 8월 26일 12시,화요일,광주광역시 서구 유촌동,경상사고,0,0,2,0,차량단독 - 전도전복,안전운전불이행,건조,맑음,단일로 - 기타,화물,남,48세,경상,,,,
2014082600100258,2014년 8월 26일 12시,화요일,광주광역시 남구 송하동,경상사고,0,0,2,0,차대차 - 기타,안전운전불이행,건조,맑음,교차로 - 교차로안,승용,남,22세,상해없음,승용,남,34세,경상
2014082600100259,2014년 8월 26일 12시,화요일,광주광역시 광산구 산정동,경상사고,0,0,1,0,차대사람 - 횡단중,보행자보호의무위반,습기,흐림,교차로 - 교차로부근,승용,여,42세,상해없음,보행자,여,33세,경상
2014082600100287,2014년 8월 26일 13시,화요일,광주광역시 서구 매월동,경상사고,0,0,2,0,차대차 - 기타,신호위반,건조,맑음,교차로 - 교차로안,승용,남,24세,상해없음,승용,남,36세,경상
2014082600100322,2014년 8월 26일 14시,화요일,광주광역시 북구 매곡동,경상사고,0,0,1,0,차대차 - 추돌 - 주정차중,안전운전불이행,건조,맑음,단일로 - 기타,승용,여,59세,상해없음,승용,남,37세,경상
2014082600100323,2014년 8월 26일 14시,화요일,광주광역시 광산구 신가동,경상사고,0,0,1,0,차대차 - 측면직각충돌,안전운전불이행,건조,맑음,단일로 - 기타,승용,여,45세,상해없음,자전거,남,9세,경상
2014082600100366,2014년 8월 26일 15시,화요일,광주광역시 광산구 선암동,경상사고,0,0,2,1,차대차 - 추돌 - 진행중,안전운전불이행,건조,맑음,단일로 - 기타,승용,남,55세,상해없음,승용,여,39세,상해없음
2014082600100411,2014년 8월 26일 16시,화요일,광주광역시 동구 계림동,경상사고,0,0,2,0,차대차 - 측면직각충돌,교차로운행방법위반,건조,맑음,교차로 - 교차로안,승용,남,27세,상해없음,승용,남,21세,경상
2014082600100412,2014년 8월 26일 16시,화요일,광주광역시 동구 산수동,경상사고,0,0,1,0,차대차 - 기타,차로위반,건조,맑음,단일로 - 기타,승용,남,55세,상해없음,승합,남,58세,상해없음
2014082600100548,2014년 8월 26일 19시,화요일,광주광역시 북구 누문동,경상사고,0,0,1,0,차대차 - 측면직각충돌,신호위반,건조,맑음,교차로 - 교차로안,승용,남,29세,경상,화물,남,54세,상해없음
2014082600100549,2014년 8월 26일 19시,화요일,광주광역시 광산구 소촌동,경상사고,0,0,4,0,차대차 - 추돌 - 주정차중,안전운전불이행,건조,맑음,미분류 - 미분류,화물,남,50세,경상,화물,남,60세,상해없음
2014082600100583,2014년 8월 26일 20시,화요일,광주광역시 광산구 안청동,경상사고,0,0,1,0,차대사람 - 기타,안전운전불이행,건조,맑음,단일로 - 기타,기타불명,기타불명,기타불명,기타불명,보행자,남,26세,경상
2014082600100620,2014년 8월 26일 21시,화요일,광주광역시 광산구 신가동,경상사고,0,0,2,0,차대차 - 추돌 - 진행중,중앙선침범,건조,맑음,단일로 - 기타,원동기,남,17세,경상,원동기,남,17세,경상
2014082600100656,2014년 8월 26일 22시,화요일,광주광역시 서구 화정동,경상사고,0,0,1,0,차대사람 - 기타,안전운전불이행,건조,맑음,단일로 - 기타,승용,남,54세,상해없음,보행자,여,20세,경상
2014082600100657,2014년 8월 26일 22시,화요일,광주광역시 북구 문흥동,중상사고,0,1,0,0,차대사람 - 횡단중,보행자보호의무위반,건조,맑음,단일로 - 횡단보도상,승용,남,59세,상해없음,보행자,여,43세,중상
2014082600100658,2014년 8월 26일 22시,화요일,광주광역시 광산구 운남동,중상사고,0,1,0,0,차대사람 - 횡단중,중앙선침범,건조,맑음,단일로 - 기타,승용,남,31세,상해없음,보행자,남,51세,중상
2014082600100659,2014년 8월 26일 22시,화요일,광주광역시 광산구 하남동,경상사고,0,0,1,0,차대차 - 추돌 - 주정차중,안전운전불이행,건조,맑음,단일로 - 기타,승용,남,50세,상해없음,승용,남,36세,경상
2014082700100050,2014년 8월 27일 03시,수요일,광주광역시 서구 광천동,경상사고,0,0,2,0,차대차 - 측면직각충돌,신호위반,건조,맑음,교차로 - 교차로안,승용,남,22세,상해없음,승용,남,65세,경상
2014082700100100,2014년 8월 27일 07시,수요일,광주광역시 남구 주월동,경상사고,0,0,1,0,차대차 - 기타,안전운전불이행,건조,맑음,단일로 - 기타,승합,남,66세,상해없음,승용,남,64세,경상
2014082700100101,2014년 8월 27일 07시,수요일,광주광역시 북구 매곡동,경상사고,0,0,1,0,차대사람 - 기타,안전운전불이행,건조,맑음,단일로 - 기타,승용,남,44세,상해없음,보행자,남,17세,경상
2014082700100102,2014년 8월 27일 07시,수요일,광주광역시 광산구 월계동,부상신고사고,0,0,0,1,차대사람 - 횡단중,안전운전불이행,건조,맑음,단일로 - 횡단보도부근,기타불명,기타불명,기타불명,기타불명,보행자,남,16세,부상신고
2014082700100170,2014년 8월 27일 09시,수요일,광주광역시 북구 매곡동,중상사고,0,1,0,0,차대차 - 측면직각충돌,안전운전불이행,건조,맑음,단일로 - 횡단보도부근,이륜,남,39세,상해없음,자전거,남,84세,중상
2014082700100200,2014년 8월 27일 10시,수요일,광주광역시 북구 운암동,경상사고,0,0,1,0,차대차 - 추돌 - 진행중,안전운전불이행,건조,맑음,단일로 - 기타,승합,남,49세,상해없음,승용,남,74세,기타불명
2014082700100224,2014년 8월 27일 11시,수요일,광주광역시 동구 산수동,경상사고,0,0,1,0,차대차 - 측면직각충돌,안전운전불이행,건조,흐림,단일로 - 기타,이륜,남,57세,상해없음,승용,남,55세,경상
2014082700100258,2014년 8월 27일 12시,수요일,광주광역시 동구 계림동,경상사고,0,0,1,0,차대사람 - 보도통행중,안전운전불이행,건조,맑음,단일로 - 횡단보도상,화물,남,60세,상해없음,보행자,여,39세,경상
2014082700100259,2014년 8월 27일 12시,수요일,광주광역시 북구 신안동,중상사고,0,1,0,0,차대사람 - 횡단중,안전운전불이행,건조,맑음,교차로 - 교차로부근,승용,남,59세,상해없음,보행자,남,58세,중상
2014082700100290,2014년 8월 27일 13시,수요일,광주광역시 북구 신안동,경상사고,0,0,1,0,차대차 - 기타,안전운전불이행,건조,맑음,단일로 - 기타,화물,남,55세,상해없음,이륜,남,38세,경상
2014082700100333,2014년 8월 27일 14시,수요일,광주광역시 서구 광천동,경상사고,0,0,2,0,차대차 - 추돌 - 주정차중,안전거리미확보,건조,맑음,교차로 - 교차로부근,승용,남,54세,상해없음,승용,여,55세,경상
2014082700100366,2014년 8월 27일 15시,수요일,광주광역시 동구 계림동,중상사고,0,1,0,0,차대사람 - 기타,중앙선침범,건조,흐림,단일로 - 기타,승용,여,54세,상해없음,보행자,여,79세,중상
2014082700100367,2014년 8월 27일 15시,수요일,광주광역시 서구 풍암동,경상사고,0,0,5,0,차대차 - 측면직각충돌,중앙선침범,건조,맑음,단일로 - 기타,승용,남,54세,상해없음,승용,여,42세,경상
2014082700100368,2014년 8월 27일 15시,수요일,광주광역시 광산구 쌍암동,경상사고,0,0,1,0,차대차 - 측면직각충돌,직진우회전진행방해,건조,맑음,교차로 - 교차로안,승용,남,67세,상해없음,승용,남,51세,경상
2014082700100406,2014년 8월 27일 16시,수요일,광주광역시 남구 주월동,경상사고,0,0,1,0,차대차 - 측면직각충돌,교차로운행방법위반,건조,맑음,교차로 - 교차로안,승용,남,29세,상해없음,원동기,남,71세,경상
2014082700100503,2014년 8월 27일 18시,수요일,광주광역시 남구 백운동,중상사고,0,1,4,0,차대차 - 추돌 - 진행중,안전거리미확보,건조,맑음,단일로 - 기타,기타불명,기타불명,20세,기타불명,승합,남,57세,상해없음
2014082700100504,2014년 8월 27일 18시,수요일,광주광역시 남구 백운동,경상사고,0,0,3,0,차대차 - 추돌 - 주정차중,안전운전불이행,건조,맑음,단일로 - 기타,승용,남,50세,상해없음,승용,여,39세,경상
2014082700100505,2014년 8월 27일 18시,수요일,광주광역시 북구 용두동,경상사고,0,0,2,0,차대차 - 측면직각충돌,안전운전불이행,건조,맑음,단일로 - 기타,승용,여,37세,상해없음,승용,남,69세,경상
2014082700100549,2014년 8월 27일 19시,수요일,광주광역시 광산구 송정동,사망사고,1,0,0,0,차대차 - 기타,안전운전불이행,건조,맑음,교차로 - 교차로안,승합,남,80세,상해없음,화물,남,57세,상해없음
2014082700100649,2014년 8월 27일 22시,수요일,광주광역시 서구 금호동,경상사고,0,0,6,0,차대차 - 추돌 - 주정차중,안전거리미확보,건조,맑음,교차로 - 교차로부근,승합,남,50세,상해없음,승용,남,37세,경상
2014082800100019,2014년 8월 28일 00시,목요일,광주광역시 서구 농성동,경상사고,0,0,4,0,차대차 - 추돌 - 주정차중,안전거리미확보,건조,맑음,교차로 - 교차로부근,승용,남,49세,상해없음,승용,남,58세,경상
2014082800100036,2014년 8월 28일 01시,목요일,광주광역시 북구 각화동,중상사고,0,1,1,0,차량단독 - 공작물충돌,안전운전불이행,건조,맑음,단일로 - 기타,승용,남,19세,상해없음,,,,
2014082800100049,2014년 8월 28일 02시,목요일,광주광역시 동구 학동,경상사고,0,0,3,0,차대차 - 추돌 - 주정차중,안전운전불이행,건조,흐림,교차로 - 교차로부근,승용,남,39세,상해없음,승용,여,44세,경상
2014082800100072,2014년 8월 28일 05시,목요일,광주광역시 광산구 도천동,경상사고,0,0,2,0,차대차 - 측면직각충돌,신호위반,건조,맑음,교차로 - 교차로안,승합,남,66세,상해없음,승용,남,47세,경상
2014082800100073,2014년 8월 28일 05시,목요일,광주광역시 광산구 도산동,경상사고,0,0,2,0,차대차 - 측면직각충돌,신호위반,습기,비,교차로 - 교차로안,승용,남,65세,상해없음,승용,여,52세,경상
2014082800100117,2014년 8월 28일 07시,목요일,광주광역시 서구 금호동,경상사고,0,0,2,0,차대차 - 기타,안전운전불이행,건조,맑음,교차로 - 교차로안,승합,남,53세,상해없음,승용,여,42세,경상
2014082800100118,2014년 8월 28일 07시,목요일,광주광역시 남구 주월동,경상사고,0,0,1,0,차대사람 - 길가장자리구역통행중,안전운전불이행,건조,맑음,단일로 - 기타,화물,남,59세,상해없음,보행자,남,17세,경상
2014082800100153,2014년 8월 28일 08시,목요일,광주광역시 북구 일곡동,경상사고,0,0,3,0,차대차 - 기타,안전운전불이행,습기,비,단일로 - 기타,승용,남,24세,경상,승용,여,52세,경상
2014082800100185,2014년 8월 28일 09시,목요일,광주광역시 북구 일곡동,경상사고,0,0,1,0,차대차 - 측면직각충돌,교차로운행방법위반,건조,맑음,교차로 - 교차로안,승용,남,58세,상해없음,승용,여,31세,경상
2014082800100210,2014년 8월 28일 10시,목요일,광주광역시 서구 농성동,경상사고,0,0,1,0,차대차 - 기타,안전거리미확보,건조,맑음,교차로 - 교차로안,화물,남,30세,상해없음,승용,여,49세,경상
2014082800100240,2014년 8월 28일 11시,목요일,광주광역시 광산구 수완동,경상사고,0,0,1,0,차대차 - 측면직각충돌,신호위반,건조,맑음,교차로 - 교차로안,승용,여,41세,상해없음,승용,남,26세,경상
2014082800100259,2014년 8월 28일 12시,목요일,광주광역시 서구 치평동,경상사고,0,0,1,0,차대차 - 기타,교차로운행방법위반,습기,흐림,교차로 - 교차로안,승용,남,35세,상해없음,원동기,남,61세,경상
2014082800100260,2014년 8월 28일 12시,목요일,광주광역시 서구 쌍촌동,경상사고,0,0,1,0,차대차 - 추돌 - 진행중,안전운전불이행,건조,맑음,단일로 - 기타,승용,남,52세,상해없음,승용,남,53세,경상
2014082800100297,2014년 8월 28일 13시,목요일,광주광역시 광산구 비아동,중상사고,0,1,0,0,차대차 - 측면직각충돌,안전운전불이행,건조,맑음,단일로 - 기타,화물,남,34세,상해없음,원동기,남,47세,중상
2014082800100332,2014년 8월 28일 14시,목요일,광주광역시 서구 치평동,중상사고,0,1,0,0,차대차 - 측면직각충돌,신호위반,습기,비,교차로 - 교차로안,승용,남,40세,상해없음,원동기,여,57세,중상
2014082800100369,2014년 8월 28일 15시,목요일,광주광역시 북구 임동,경상사고,0,0,3,0,차대차 - 측면직각충돌,직진우회전진행방해,습기,흐림,기타 - 기타,승용,남,42세,경상,승용,남,65세,경상
2014082800100370,2014년 8월 28일 15시,목요일,광주광역시 북구 운암동,경상사고,0,0,1,0,차대사람 - 기타,안전운전불이행,습기,비,단일로 - 기타,승용,남,66세,상해없음,보행자,남,18세,경상
2014082800100409,2014년 8월 28일 16시,목요일,광주광역시 서구 광천동,중상사고,0,1,0,0,차대사람 - 기타,안전운전불이행,습기,맑음,단일로 - 기타,승합,여,25세,상해없음,보행자,남,24세,중상
2014082800100447,2014년 8월 28일 17시,목요일,광주광역시 서구 쌍촌동,경상사고,0,0,3,0,차대차 - 추돌 - 주정차중,안전거리미확보,건조,맑음,단일로 - 기타,승용,여,53세,상해없음,승용,남,35세,경상
2014082800100448,2014년 8월 28일 17시,목요일,광주광역시 서구 쌍촌동,경상사고,0,0,2,0,차대차 - 추돌 - 진행중,안전운전불이행,건조,맑음,교차로 - 교차로안,승용,남,31세,상해없음,승용,여,51세,경상
2014082800100449,2014년 8월 28일 17시,목요일,광주광역시 북구 동림동,경상사고,0,0,3,0,차대차 - 기타,안전운전불이행,건조,흐림,단일로 - 기타,승용,남,56세,경상,승용,남,63세,경상
2014082800100535,2014년 8월 28일 19시,목요일,광주광역시 서구 풍암동,경상사고,0,0,1,0,차대사람 - 횡단중,신호위반,건조,맑음,단일로 - 횡단보도상,승용,여,55세,상해없음,보행자,남,7세,경상
2014082800100574,2014년 8월 28일 20시,목요일,광주광역시 남구 봉선동,경상사고,0,0,1,0,차대사람 - 횡단중,기타,건조,맑음,단일로 - 기타,승합,남,48세,상해없음,보행자,여,56세,경상
2014082800100575,2014년 8월 28일 20시,목요일,광주광역시 북구 양산동,경상사고,0,0,2,0,차대차 - 추돌 - 주정차중,안전거리미확보,습기,비,교차로 - 교차로부근,화물,남,52세,상해없음,승합,여,43세,경상