사고번호,사고일시,요일,시군구,사고내용,사망자수,중상자수,경상자수,부상신고자수,사고유형,법규위반,노면상태,기상상태,도로형태,가해운전자 차종,가해운전자 성별,가해운전자 연령,가해운전자 상해정도,피해운전자 차종,피해운전자 성별,피해운전자 연령,피해운전자 상해정도
2014082800100576,2014년 8월 28일 20시,목요일,광주광역시 광산구 선암동,경상사고,0,0,1,0,차대차 - 측면직각충돌,신호위반,건조,맑음,교차로 - 교차로부근,승용,여,41세,상해없음,승합,여,42세,경상
2014082800100609,2014년 8월 28일 21시,목요일,광주광역시 서구 광천동,경상사고,0,0,1,0,차대사람 - 횡단중,신호위반,건조,맑음,교차로 - 교차로안,승용,남,38세,상해없음,보행자,남,25세,경상
2014082800100610,2014년 8월 28일 21시,목요일,광주광역시 북구 매곡동,경상사고,0,0,1,0,차대사람 - 횡단중,안전운전불이행,건조,맑음,기타 - 기타,승용,남,55세,상해없음,보행자,남,41세,경상
2014082800100611,2014년 8월 28일 21시,목요일,광주광역시 광산구 산정동,중상사고,0,1,0,0,차대사람 - 횡단중,신호위반,건조,맑음,교차로 - 교차로부근,승용,남,60세,상해없음,보행자,남,23세,중상
2014082800100639,2014년 8월 28일 22시,목요일,광주광역시 북구 유동,중상사고,0,1,0,0,차대사람 - 횡단중,안전운전불이행,건조,맑음,단일로 - 기타,승용,남,70세,상해없음,보행자,남,52세,중상
2014082800100640,2014년 8월 28일 22시,목요일,광주광역시 북구 두암동,경상사고,0,0,2,0,차대차 - 측면직각충돌,안전운전불이행,건조,맑음,단일로 - 기타,승용,남,48세,경상,승용,여,56세,경상
2014082800100641,2014년 8월 28일 22시,목요일,광주광역시 광산구 신가동,경상사고,0,0,1,1,차대차 - 측면직각충돌,안전운전불이행,건조,맑음,단일로 - 기타,승용,여,41세,상해없음,승용,남,55세,경상
2014082900100009,2014년 8월 29일 00시,금요일,광주광역시 북구 운암동,경상사고,0,0,1,0,차대차 - 측면직각충돌,기타,건조,맑음,단일로 - 기타,승용,여,42세,상해없음,원동기,남,17세,경상
2014082900100010,2014년 8월 29일 00시,금요일,광주광역시 북구 신안동,경상사고,0,0,3,0,차대차 - 추돌 - 주정차중,안전운전불이행,습기,비,교차로 - 교차로부근,승용,남,41세,상해없음,승용,남,30세,경상
2014082900100031,2014년 8월 29일 01시,금요일,광주광역시 남구 봉선동,경상사고,0,0,1,0,차대차 - 측면직각충돌,교차로운행방법위반,습기,비,교차로 - 교차로안,승용,남,30세,상해없음,승용,남,47세,경상
2014082900100044,2014년 8월 29일 02시,금요일,광주광역시 광산구 하남동,부상신고사고,0,0,0,1,차대사람 - 차도통행중,중앙선침범,건조,맑음,단일로 - 기타,기타불명,기타불명,기타불명,기타불명,보행자,남,58세,부상신고
2014082900100068,2014년 8월 29일 05시,금요일,광주광역시 서구 농성동,중상사고,0,1,1,0,차대차 - 기타,신호위반,습기,흐림,교차로 - 교차로부근,승용,남,51세,상해없음,자전거,남,67세,중상
2014082900100069,2014년 8월 29일 05시,금요일,광주광역시 남구 송하동,사망사고,1,0,0,0,차대차 - 기타,안전운전불이행,습기,비,교차로 - 교차로안,자전거,남,73세,사망,승합,남,45세,상해없음
2014082900100202,2014년 8월 29일 10시,금요일,광주광역시 서구 화정동,경상사고,0,0,1,0,차대차 - 추돌 - 주정차중,안전운전불이행,건조,맑음,교차로 - 교차로부근,승합,남,59세,기타불명,승용,여,46세,경상
2014082900100260,2014년 8월 29일 12시,금요일,광주광역시 서구 풍암동,중상사고,0,1,0,0,차대차 - 측면직각충돌,신호위반,건조,맑음,교차로 - 교차로안,화물,남,45세,상해없음,승용,여,53세,중상
2014082900100261,2014년 8월 29일 12시,금요일,광주광역시 북구 두암동,경상사고,0,0,1,0,차대사람 - 횡단중,보행자보호의무위반,건조,맑음,단일로 - 횡단보도상,원동기,남,17세,상해없음,보행자,남,73세,경상
2014082900100299,2014년 8월 29일 13시,금요일,광주광역시 동구 대인동,경상사고,0,0,1,0,차대사람 - 횡단중,보행자보호의무위반,건조,맑음,단일로 - 기타,승용,남,30세,상해없음,보행자,여,53세,경상
2014082900100339,2014년 8월 29일 14시,금요일,광주광역시 북구 동림동,경상사고,0,0,3,0,차대차 - 추돌 - 진행중,안전거리미확보,건조,맑음,교차로 - 교차로부근,화물,남,62세,상해없음,이륜,남,34세,경상
2014082900100411,2014년 8월 29일 16시,금요일,광주광역시 남구 송하동,경상사고,0,0,1,0,차대사람 - 횡단중,안전운전불이행,건조,맑음,단일로 - 기타,화물,남,52세,기타불명,보행자,남,58세,경상
2014082900100412,2014년 8월 29일 16시,금요일,광주광역시 광산구 산정동,경상사고,0,0,1,0,차대사람 - 횡단중,안전운전불이행,건조,맑음,단일로 - 기타,승용,남,36세,상해없음,보행자,여,53세,경상
2014082900100465,2014년 8월 29일 17시,금요일,광주광역시 남구 주월동,경상사고,0,0,1,0,차대차 - 측면직각충돌,안전운전불이행,건조,맑음,단일로 - 횡단보도상,기타불명,기타불명,기타불명,기타불명,자전거,남,13세,경상
2014082900100466,2014년 8월 29일 17시,금요일,광주광역시 광산구 운남동,경상사고,0,0,1,0,차대사람 - 기타,안전운전불이행,건조,맑음,교차로 - 교차로안,승용,기타불명,기타불명,기타불명,보행자,여,12세,경상
2014082900100511,2014년 8월 29일 18시,금요일,광주광역시 남구 주월동,경상사고,0,0,1,0,차대차 - 측면직각충돌,교차로운행방법위반,건조,맑음,교차로 - 교차로안,승용,남,47세,상해없음,승용,남,31세,경상
2014082900100553,2014년 8월 29일 19시,금요일,광주광역시 서구 풍암동,경상사고,0,0,1,0,차대사람 - 기타,안전운전불이행,건조,맑음,기타 - 기타,화물,남,43세,기타불명,보행자,여,57세,경상
2014082900100633,2014년 8월 29일 21시,금요일,광주광역시 서구 화정동,경상사고,0,0,1,0,차대차 - 측면직각충돌,교차로운행방법위반,건조,맑음,교차로 - 교차로안,승용,남,54세,상해없음,원동기,남,17세,경상
2014082900100634,2014년 8월 29일 21시,금요일,광주광역시 북구 용봉동,경상사고,0,0,1,0,차대사람 - 횡단중,안전운전불이행,건조,맑음,단일로 - 기타,승용,여,41세,상해없음,보행자,남,14세,경상
2014082900100679,2014년 8월 29일 22시,금요일,광주광역시 서구 쌍촌동,경상사고,0,0,2,0,차대차 - 추돌 - 진행중,안전거리미확보,건조,맑음,단일로 - 기타,승용,남,64세,경상,승용,남,46세,경상
2014082900100680,2014년 8월 29일 22시,금요일,광주광역시 북구 양산동,경상사고,0,0,3,0,차대차 - 추돌 - 주정차중,안전운전불이행,건조,맑음,단일로 - 기타,승용,여,41세,경상,화물,남,42세,경상
2014082900100681,2014년 8월 29일 22시,금요일,광주광역시 광산구 월계동,경상사고,0,0,2,0,차대차 - 측면직각충돌,중앙선침범,건조,맑음,단일로 - 기타,승용,남,32세,상해없음,승용,여,31세,경상
2014083000100026,2014년 8월 30일 00시,토요일,광주광역시 북구 신안동,경상사고,0,0,2,0,차대차 - 추돌 - 주정차중,안전운전불이행,건조,맑음,교차로 - 교차로부근,승용,남,49세,상해없음,승용,남,35세,경상
2014083000100055,2014년 8월 30일 01시,토요일,광주광역시 광산구 수완동,경상사고,0,0,1,0,차대차 - 측면직각충돌,안전운전불이행,건조,맑음,단일로 - 기타,승용,남,18세,상해없음,승용,남,62세,경상
2014083000100112,2014년 8월 30일 04시,토요일,광주광역시 광산구 오선동,경상사고,0,0,1,0,차량단독 - 도로외이탈 - 기타,안전운전불이행,건조,맑음,교차로 - 교차로부근,승용,남,27세,경상,,,,
2014083000100129,2014년 8월 30일 05시,토요일,광주광역시 남구 구동,경상사고,0,0,1,0,차대차 - 측면직각충돌,안전운전불이행,건조,맑음,단일로 - 교량,승용,남,21세,상해없음,원동기,남,20세,경상
2014083000100130,2014년 8월 30일 05시,토요일,광주광역시 광산구 산월동,경상사고,0,0,1,0,차대차 - 추돌 - 진행중,차로위반,건조,맑음,교차로 - 교차로부근,승용,남,24세,상해없음,승용,남,36세,경상
2014083000100166,2014년 8월 30일 07시,토요일,광주광역시 북구 매곡동,중상사고,0,1,0,0,차량단독 - 공작물충돌,안전운전불이행,건조,맑음,교차로 - 교차로부근,화물,남,44세,중상,,,,
2014083000100167,2014년 8월 30일 07시,토요일,광주광역시 광산구 운수동,경상사고,0,0,1,0,차대차 - 추돌 - 주정차중,안전운전불이행,습기,비,교차로 - 교차로부근,승용,남,24세,상해없음,승용,남,35세,경상
2014083000100237,2014년 8월 30일 09시,토요일,광주광역시 남구 월산동,경상사고,0,0,1,0,차대차 - 기타,안전운전불이행,건조,맑음,교차로 - 교차로부근,자전거,남,61세,경상,화물,남,30세,상해없음
2014083000100238,2014년 8월 30일 09시,토요일,광주광역시 북구 문흥동,경상사고,0,0,1,0,차대차 - 추돌 - 진행중,안전운전불이행,건조,맑음,단일로 - 기타,승용,남,59세,상해없음,승용,여,38세,경상
2014083000100239,2014년 8월 30일 09시,토요일,광주광역시 광산구 도천동,경상사고,0,0,3,0,차대차 - 측면직각충돌,교차로운행방법위반,건조,흐림,교차로 - 교차로안,승용,남,51세,경상,승용,남,55세,경상
2014083000100276,2014년 8월 30일 10시,토요일,광주광역시 북구 신용동,경상사고,0,0,4,0,차대차 - 측면직각충돌,신호위반,건조,맑음,교차로 - 교차로안,승용,남,43세,상해없음,승용,남,46세,경상
2014083000100277,2014년 8월 30일 10시,토요일,광주광역시 광산구 명도동,경상사고,0,0,1,0,차대차 - 추돌 - 진행중,안전운전불이행,건조,맑음,교차로 - 교차로부근,승용,남,40세,상해없음,원동기,남,73세,경상
2014083000100308,2014년 8월 30일 11시,토요일,광주광역시 남구 노대동,경상사고,0,0,1,0,차대차 - 기타,기타,건조,맑음,단일로 - 기타,승용,남,54세,상해없음,승용,여,40세,경상
2014083000100349,2014년 8월 30일 12시,토요일,광주광역시 광산구 월곡동,경상사고,0,0,1,0,차대사람 - 기타,교차로운행방법위반,건조,맑음,교차로 - 교차로부근,화물,남,46세,상해없음,보행자,여,40세,경상
2014083000100350,2014년 8월 30일 12시,토요일,광주광역시 서구 유촌동,부상신고사고,0,0,0,1,차량단독 - 기타,안전운전불이행,건조,맑음,미분류 - 미분류,승용,남,57세,부상신고,,,,
2014083000100380,2014년 8월 30일 13시,토요일,광주광역시 광산구 소촌동,경상사고,0,0,1,0,차대차 - 측면직각충돌,안전운전불이행,건조,맑음,단일로 - 기타,승용,여,40세,기타불명,화물,남,42세,경상
2014083000100381,2014년 8월 30일 13시,토요일,광주광역시 광산구 월계동,중상사고,0,1,0,0,차대차 - 측면직각충돌,불법유턴,건조,맑음,교차로 - 교차로부근,화물,남,31세,상해없음,이륜,남,19세,중상
2014083000100414,2014년 8월 30일 14시,토요일,광주광역시 동구 지산동,경상사고,0,0,1,0,차대차 - 측면직각충돌,안전운전불이행,건조,맑음,교차로 - 교차로부근,승용,남,58세,상해없음,승용,남,28세,경상
2014083000100499,2014년 8월 30일 16시,토요일,광주광역시 서구 화정동,중상사고,0,1,0,0,차대차 - 추돌 - 진행중,직진우회전진행방해,건조,맑음,교차로 - 교차로안,승용,남,43세,상해없음,자전거,남,13세,중상
2014083000100500,2014년 8월 30일 16시,토요일,광주광역시 북구 두암동,경상사고,0,0,1,0,차대차 - 추돌 - 주정차중,안전운전불이행,건조,맑음,단일로 - 기타,승용,여,48세,기타불명,승용,남,32세,경상
2014083000100501,2014년 8월 30일 16시,토요일,광주광역시 북구 각화동,경상사고,0,0,1,0,차대차 - 측면직각충돌,안전운전불이행,건조,맑음,교차로 - 교차로부근,승용,여,43세,상해없음,자전거,남,87세,경상
2014083000100502,2014년 8월 30일 16시,토요일,광주광역시 북구 오치동,경상사고,0,0,1,0,차대차 - 기타,안전운전불이행,건조,맑음,교차로 - 교차로부근,승용,남,56세,상해없음,자전거,남,7세,경상
2014083000100533,2014년 8월 30일 17시,토요일,광주광역시 광산구 수완동,경상사고,0,0,7,0,차대차 - 추돌 - 주정차중,안전운전불이행,건조,맑음,단일로 - 기타,화물,남,70세,상해없음,승용,남,43세,경상
2014083000100625,2014년 8월 30일 19시,토요일,광주광역시 북구 우산동,경상사고,0,0,1,0,차대차 - 추돌 - 진행중,안전거리미확보,건조,맑음,단일로 - 기타,승용,여,20세,상해없음,화물,남,42세,경상
2014083000100660,2014년 8월 30일 20시,토요일,광주광역시 서구 동천동,경상사고,0,0,2,0,차대차 - 측면직각충돌,교차로운행방법위반,건조,맑음,교차로 - 교차로안,승용,남,54세,상해없음,승용,남,49세,경상
2014083000100688,2014년 8월 30일 21시,토요일,광주광역시 서구 치평동,경상사고,0,0,1,0,차대차 - 기타,안전운전불이행,건조,맑음,교차로 - 교차로부근,승용,남,62세,상해없음,승용,남,51세,경상
2014083000100726,2014년 8월 30일 22시,토요일,광주광역시 서구 내방동,경상사고,0,0,1,0,차대차 - 추돌 - 진행중,신호위반,건조,맑음,교차로 - 교차로안,승용,남,44세,상해없음,승용,남,33세,경상
2014083000100727,2014년 8월 30일 22시,토요일,광주광역시 북구 용봉동,경상사고,0,0,2,0,차대사람 - 보도통행중,안전운전불이행,건조,맑음,단일로 - 기타,승용,남,28세,상해없음,보행자,남,48세,경상
2014083000100728,2014년 8월 30일 22시,토요일,광주광역시 북구 신용동,경상사고,0,0,1,0,차대차 - 측면직각충돌,안전운전불이행,건조,맑음,단일로 - 기타,승용,여,46세,상해없음,원동기,남,50세,경상
2014083000100760,2014년 8월 30일 23시,토요일,광주광역시 서구 화정동,경상사고,0,0,1,0,차대차 - 기타,안전운전불이행,건조,맑음,교차로 - 교차로부근,승용,여,27세,상해없음,승용,여,32세,경상
2014083100100034,2014년 8월 31일 01시,일요일,광주광역시 서구 내방동,경상사고,0,0,4,0,차량단독 - 기타,안전운전불이행,건조,맑음,단일로 - 기타,승용,남,53세,상해없음,,,,
2014083100100166,2014년 8월 31일 10시,일요일,광주광역시 서구 치평동,경상사고,0,0,1,0,차대차 - 기타,교차로운행방법위반,건조,맑음,교차로 - 교차로안,승용,여,31세,상해없음,승용,여,69세,경상
2014083100100167,2014년 8월 31일 10시,일요일,광주광역시 광산구 오선동,중상사고,0,1,0,0,차대차 - 측면직각충돌,신호위반,건조,맑음,교차로 - 교차로안,화물,남,44세,상해없음,자전거,남,38세,중상
2014083100100193,2014년 8월 31일 11시,일요일,광주광역시 북구 중흥동,중상사고,0,2,1,0,차대차 - 측면직각충돌,신호위반,건조,맑음,교차로 - 교차로안,승용,여,48세,상해없음,승용,여,59세,중상
2014083100100266,2014년 8월 31일 13시,일요일,광주광역시 서구 광천동,경상사고,0,0,1,0,차대차 - 기타,안전운전불이행,건조,맑음,단일로 - 기타,승용,남,60세,상해없음,승용,여,27세,경상
2014083100100298,2014년 8월 31일 14시,일요일,광주광역시 북구 문흥동,경상사고,0,0,2,0,차량단독 - 전도전복,안전운전불이행,건조,맑음,단일로 - 기타,이륜,남,16세,경상,,,,
2014083100100331,2014년 8월 31일 15시,일요일,광주광역시 서구 치평동,경상사고,0,0,1,0,차대차 - 기타,안전거리미확보,건조,맑음,단일로 - 기타,승용,여,24세,상해없음,이륜,남,21세,경상
2014083100100357,2014년 8월 31일 16시,일요일,광주광역시 동구 호남동,중상사고,0,2,2,0,차대차 - 추돌 - 진행중,안전운전불이행,건조,맑음,단일로 - 기타,승용,남,50세,상해없음,승용,남,48세,경상
2014083100100358,2014년 8월 31일 16시,일요일,광주광역시 동구 대의동,경상사고,0,0,1,0,차대차 - 기타,안전운전불이행,건조,맑음,단일로 - 기타,승용,여,41세,상해없음,승용,남,28세,경상
2014083100100359,2014년 8월 31일 16시,일요일,광주광역시 동구 수기동,경상사고,0,0,4,0,차대차 - 기타,안전거리미확보,건조,맑음,단일로 - 기타,승용,남,62세,경상,승용,남,29세,경상
2014083100100422,2014년 8월 31일 18시,일요일,광주광역시 남구 백운동,경상사고,0,0,1,0,차대차 - 추돌 - 진행중,안전운전불이행,건조,맑음,단일로 - 기타,승용,남,22세,상해없음,승용,남,54세,경상
2014083100100423,2014년 8월 31일 18시,일요일,광주광역시 광산구 수완동,경상사고,0,0,4,0,차대차 - 측면직각충돌,안전운전불이행,건조,맑음,교차로 - 교차로부근,원동기,남,17세,경상,승용,여,41세,경상
2014083100100457,2014년 8월 31일 19시,일요일,광주광역시 동구 대인동,중상사고,0,3,2,0,차대차 - 측면직각충돌,신호위반,건조,맑음,교차로 - 교차로안,승용,남,40세,경상,승용,남,67세,중상
2014083100100458,2014년 8월 31일 19시,일요일,광주광역시 서구 화정동,경상사고,0,0,3,0,차대차 - 측면직각충돌,교차로운행방법위반,건조,맑음,교차로 - 교차로부근,승용,남,30세,상해없음,승용,여,31세,경상
2014083100100493,2014년 8월 31일 20시,일요일,광주광역시 서구 마륵동,경상사고,0,0,2,0,차대차 - 추돌 - 주정차중,안전운전불이행,건조,맑음,교차로 - 교차로부근,승용,남,31세,상해없음,승용,남,66세,경상
2014083100100513,2014년 8월 31일 21시,일요일,광주광역시 북구 신안동,경상사고,0,0,3,0,차대차 - 측면직각충돌,안전운전불이행,건조,맑음,단일로 - 기타,승용,남,59세,경상,승용,남,19세,경상
2014083100100534,2014년 8월 31일 22시,일요일,광주광역시 광산구 신창동,경상사고,0,0,1,0,차대차 - 추돌 - 주정차중,안전운전불이행,건조,맑음,단일로 - 기타,기타불명,기타불명,기타불명,기타불명,승용,여,33세,경상
2014090100100032,2014년 9월 1일 02시,월요일,광주광역시 북구 동림동,중상사고,0,1,2,0,차량단독 - 공작물충돌,안전운전불이행,건조,맑음,단일로 - 기타,승용,남,26세,경상,,,,
2014090100100095,2014년 9월 1일 07시,월요일,광주광역시 광산구 운남동,경상사고,0,0,2,0,차대차 - 추돌 - 주정차중,안전운전불이행,건조,맑음,단일로 - 기타,화물,남,48세,상해없음,화물,남,51세,경상
2014090100100180,2014년 9월 1일 09시,월요일,광주광역시 광산구 송정동,중상사고,0,1,0,0,차대차 - 기타,안전운전불이행,건조,맑음,단일로 - 기타,자전거,남,61세,중상,승용,여,58세,상해없음
2014090100100215,2014년 9월 1일 10시,월요일,광주광역시 광산구 신가동,사망사고,1,1,0,0,차대차 - 추돌 - 진행중,안전운전불이행,건조,맑음,단일로 - 기타,승용,여,45세,상해없음,원동기,남,15세,사망
2014090100100246,2014년 9월 1일 11시,월요일,광주광역시 북구 우산동,경상사고,0,0,1,0,차대차 - 추돌 - 진행중,안전운전불이행,건조,맑음,단일로 - 기타,승합,남,40세,상해없음,승용,남,75세,상해없음
2014090100100310,2014년 9월 1일 13시,월요일,광주광역시 서구 광천동,경상사고,0,0,1,0,차대차 - 기타,신호위반,건조,맑음,교차로 - 교차로안,승용,남,57세,상해없음,화물,남,69세,경상
2014090100100433,2014년 9월 1일 16시,월요일,광주광역시 북구 신안동,경상사고,0,0,1,0,차대차 - 추돌 - 주정차중,안전운전불이행,건조,맑음,단일로 - 기타,화물,여,34세,상해없음,승용,여,47세,경상
2014090100100485,2014년 9월 1일 17시,월요일,광주광역시 광산구 월계동,경상사고,0,0,2,0,차대차 - 측면직각충돌,안전운전불이행,건조,맑음,단일로 - 기타,승용,남,56세,상해없음,승용,남,49세,경상
2014090100100486,2014년 9월 1일 17시,월요일,광주광역시 광산구 동호동,중상사고,0,1,0,0,차대차 - 측면직각충돌,안전운전불이행,건조,맑음,단일로 - 기타,농기계,남,76세,상해없음,농기계,남,65세,중상
2014090100100599,2014년 9월 1일 19시,월요일,광주광역시 북구 양산동,경상사고,0,0,1,0,차대차 - 추돌 - 진행중,안전운전불이행,건조,맑음,교차로 - 교차로부근,승용,남,22세,상해없음,승용,여,48세,경상
2014090100100600,2014년 9월 1일 19시,월요일,광주광역시 북구 중흥동,경상사고,0,0,2,0,차대차 - 추돌 - 주정차중,안전운전불이행,건조,맑음,교차로 - 교차로부근,승용,남,52세,상해없음,승용,남,55세,경상
2014090100100712,2014년 9월 1일 23시,월요일,광주광역시 서구 금호동,경상사고,0,0,1,0,차대차 - 측면직각충돌,안전운전불이행,건조,맑음,교차로 - 교차로부근,승용,남,51세,상해없음,승용,여,59세,경상
2014090100100713,2014년 9월 1일 23시,월요일,광주광역시 광산구 운남동,중상사고,0,1,1,0,차대차 - 측면직각충돌,신호위반,건조,맑음,단일로 - 기타,승용,남,42세,상해없음,이륜,남,28세,중상
2014090200100042,2014년 9월 2일 03시,화요일,광주광역시 서구 양동,경상사고,0,0,2,0,차대차 - 측면직각충돌,안전거리미확보,건조,맑음,단일로 - 기타,승용,남,30세,상해없음,승용,남,52세,경상
2014090200100049,2014년 9월 2일 04시,화요일,광주광역시 북구 용두동,경상사고,0,0,1,0,차대차 - 추돌 - 진행중,안전운전불이행,건조,맑음,단일로 - 기타,화물,남,48세,상해없음,승용,남,34세,경상
2014090200100105,2014년 9월 2일 07시,화요일,광주광역시 동구 산수동,경상사고,0,0,5,0,차대차 - 기타,안전운전불이행,건조,맑음,교차로 - 교차로안,승용,남,37세,경상,승용,남,58세,경상
2014090200100106,2014년 9월 2일 07시,화요일,광주광역시 광산구 동림동,중상사고,0,1,0,0,차대차 - 측면직각충돌,기타,건조,맑음,교차로 - 교차로안,건설기계,남,47세,상해없음,자전거,남,12세,중상
2014090200100182,2014년 9월 2일 09시,화요일,광주광역시 남구 주월동,중상사고,0,1,0,0,차대사람 - 횡단중,보행자보호의무위반,건조,맑음,단일로 - 횡단보도상,승용,남,62세,상해없음,보행자,여,62세,중상
2014090200100255,2014년 9월 2일 11시,화요일,광주광역시 광산구 도천동,중상사고,0,1,2,0,차대차 - 추돌 - 주정차중,안전운전불이행,건조,맑음,교차로 - 교차로안,승용,남,73세,상해없음,화물,남,64세,중상
2014090200100315,2014년 9월 2일 13시,화요일,광주광역시 북구 운암동,경상사고,0,0,1,0,차대차 - 정면충돌,중앙선침범,건조,맑음,단일로 - 기타,화물,남,53세,상해없음,화물,여,39세,경상
2014090200100316,2014년 9월 2일 13시,화요일,광주광역시 북구 양산동,중상사고,0,1,0,0,차대사람 - 보도통행중,보행자보호의무위반,건조,맑음,교차로 - 교차로안,화물,남,66세,상해없음,보행자,여,78세,중상
2014090200100390,2014년 9월 2일 15시,화요일,광주광역시 남구 월산동,경상사고,0,0,1,0,차대차 - 측면직각충돌,교차로운행방법위반,건조,맑음,교차로 - 교차로안,승용,남,61세,상해없음,자전거,남,11세,경상
2014090200100391,2014년 9월 2일 15시,화요일,광주광역시 남구 방림동,중상사고,0,1,0,0,차대차 - 기타,안전거리미확보,건조,맑음,단일로 - 기타,승용,남,22세,상해없음,원동기,남,22세,중상
2014090200100392,2014년 9월 2일 15시,화요일,광주광역시 북구 대촌동,경상사고,0,0,1,0,차대차 - 측면직각충돌,신호위반,습기,비,교차로 - 교차로안,승용,여,47세,상해없음,승용,남,29세,경상
2014090200100393,2014년 9월 2일 15시,화요일,광주광역시 광산구 신가동,경상사고,0,0,1,0,차대차 - 측면직각충돌,교차로운행방법위반,습기,비,교차로 - 교차로안,승용,여,54세,상해없음,승용,남,45세,경상
2014090200100431,2014년 9월 2일 16시,화요일,광주광역시 북구 오치동,경상사고,0,0,1,0,차량단독 - 기타,안전운전불이행,건조,맑음,단일로 - 기타,승합,남,58세,상해없음,,,,
2014090200100474,2014년 9월 2일 17시,화요일,광주광역시 서구 치평동,경상사고,0,0,1,0,차대차 - 측면직각충돌,중앙선침범,습기,비,교차로 - 교차로안,특수,남,34세,상해없음,승용,여,49세,경상
2014090200100475,2014년 9월 2일 17시,화요일,광주광역시 북구 오치동,경상사고,0,0,2,0,차대차 - 추돌 - 주정차중,안전거리미확보,습기,비,단일로 - 기타,화물,남,33세,상해없음,승용,남,36세,경상
2014090200100476,2014년 9월 2일 17시,화요일,광주광역시 북구 일곡동,경상사고,0,0,1,0,차대차 - 측면직각충돌,안전거리미확보,습기,흐림,단일로 - 기타,승용,남,56세,상해없음,승용,남,57세,경상
2014090200100602,2014년 9월 2일 19시,화요일,광주광역시 서구 농성동,경상사고,0,0,1,0,차대사람 - 횡단중,신호위반,습기,비,교차로 - 교차로안,승용,여,38세,상해없음,보행자,여,23세,경상
2014090200100603,2014년 9월 2일 19시,화요일,광주광역시 북구 중흥동,경상사고,0,0,3,0,차대차 - 추돌 - 진행중,기타,습기,비,단일로 - 기타,승용,남,51세,상해없음,승용,남,67세,경상
2014090200100604,2014년 9월 2일 19시,화요일,광주광역시 북구 용봉동,경상사고,0,0,2,0,차대차 - 추돌 - 주정차중,안전운전불이행,건조,맑음,단일로 - 기타,화물,남,50세,상해없음,승용,남,46세,경상
2014090200100605,2014년 9월 2일 19시,화요일,광주광역시 광산구 수완동,경상사고,0,0,2,0,차대차 - 측면직각충돌,중앙선침범,습기,비,단일로 - 기타,승용,남,57세,경상,승용,남,44세,경상
2014090200100606,2014년 9월 2일 19시,화요일,광주광역시 광산구 신가동,경상사고,0,0,2,0,차대차 - 기타,안전거리미확보,습기,비,단일로 - 기타,승용,남,73세,경상,승용,남,36세,경상
2014090200100658,2014년 9월 2일 20시,화요일,광주광역시 남구 진월동,중상사고,0,1,0,0,차대사람 - 길가장자리구역통행중,안전운전불이행,건조,맑음,교차로 - 교차로부근,승용,남,49세,상해없음,보행자,여,34세,중상
2014090200100659,2014년 9월 2일 20시,화요일,광주광역시 북구 신안동,경상사고,0,0,1,0,차대사람 - 기타,기타,습기,비,기타 - 기타,이륜,남,18세,상해없음,보행자,남,39세,경상
2014090200100714,2014년 9월 2일 21시,화요일,광주광역시 서구 화정동,경상사고,0,0,1,0,차대사람 - 길가장자리구역통행중,안전운전불이행,습기,비,단일로 - 기타,기타불명,기타불명,기타불명,기타불명,보행자,여,59세,경상
2014090200100715,2014년 9월 2일 21시,화요일,광주광역시 북구 양산동,경상사고,0,0,1,0,차대차 - 추돌 - 주정차중,안전운전불이행,습기,흐림,단일로 - 기타,승용,남,56세,상해없음,승용,남,41세,경상
2014090200100716,2014년 9월 2일 21시,화요일,광주광역시 북구 운암동,경상사고,0,0,1,0,차대차 - 측면직각충돌,중앙선침범,건조,맑음,단일로 - 기타,승용,남,49세,상해없음,이륜,남,23세,경상
2014090200100717,2014년 9월 2일 21시,화요일,광주광역시 북구 매곡동,경상사고,0,0,2,0,차대차 - 기타,안전운전불이행,건조,맑음,단일로 - 기타,승용,남,49세,상해없음,승용,남,42세,경상
2014090200100824,2014년 9월 2일 23시,화요일,광주광역시 서구 화정동,경상사고,0,0,1,0,차대사람 - 횡단중,신호위반,건조,맑음,교차로 - 교차로안,승용,남,54세,상해없음,보행자,여,27세,경상
2014090300100038,2014년 9월 3일 00시,수요일,광주광역시 동구 계림동,경상사고,0,0,3,0,차대차 - 추돌 - 주정차중,안전운전불이행,습기,비,교차로 - 교차로부근,승용,남,37세,상해없음,승용,남,42세,경상
2014090300100039,2014년 9월 3일 00시,수요일,광주광역시 광산구 신창동,중상사고,0,1,0,0,차량단독 - 기타,안전운전불이행,습기,비,단일로 - 기타,이륜,남,18세,상해없음,,,,
2014090300100100,2014년 9월 3일 02시,수요일,광주광역시 서구 치평동,경상사고,0,0,3,0,차대차 - 추돌 - 주정차중,안전운전불이행,건조,맑음,단일로 - 기타,승용,남,34세,상해없음,승용,남,29세,경상
2014090300100137,2014년 9월 3일 05시,수요일,광주광역시 광산구 월전동,경상사고,0,0,1,0,차대차 - 측면직각충돌,신호위반,건조,맑음,교차로 - 교차로안,화물,남,56세,상해없음,화물,남,29세,경상
2014090300100177,2014년 9월 3일 07시,수요일,광주광역시 광산구 비아동,경상사고,0,0,3,0,차대차 - 측면직각충돌,신호위반,습기,비,교차로 - 교차로안,승용,남,50세,상해없음,승용,남,44세,경상
2014090300100276,2014년 9월 3일 10시,수요일,광주광역시 서구 마륵동,경상사고,0,0,1,0,차대차 - 측면직각충돌,안전운전불이행,건조,맑음,단일로 - 기타,승용,남,46세,상해없음,승용,남,54세,경상