사고번호,사고일시,요일,시군구,사고내용,사망자수,중상자수,경상자수,부상신고자수,사고유형,법규위반,노면상태,기상상태,도로형태,가해운전자 차종,가해운전자 성별,가해운전자 연령,가해운전자 상해정도,피해운전자 차종,피해운전자 성별,피해운전자 연령,피해운전자 상해정도
2014090300100301,2014년 9월 3일 11시,수요일,광주광역시 서구 서창동,경상사고,0,0,3,0,차대차 - 추돌 - 주정차중,안전거리미확보,건조,맑음,교차로 - 교차로부근,건설기계,남,38세,상해없음,승용,여,59세,경상
2014090300100333,2014년 9월 3일 12시,수요일,광주광역시 서구 농성동,경상사고,0,0,1,0,차대차 - 측면직각충돌,안전거리미확보,습기,흐림,단일로 - 기타,화물,남,34세,상해없음,승용,남,54세,경상
2014090300100334,2014년 9월 3일 12시,수요일,광주광역시 북구 두암동,경상사고,0,0,1,0,차대차 - 측면직각충돌,안전운전불이행,습기,비,단일로 - 기타,승용,남,34세,상해없음,원동기,남,48세,경상
2014090300100335,2014년 9월 3일 12시,수요일,광주광역시 북구 오룡동,경상사고,0,0,1,0,차대차 - 측면직각충돌,교차로운행방법위반,습기,비,교차로 - 교차로안,승용,남,33세,경상,승용,남,62세,상해없음
2014090300100336,2014년 9월 3일 12시,수요일,광주광역시 북구 오치동,경상사고,0,0,1,0,차대사람 - 횡단중,신호위반,건조,맑음,단일로 - 횡단보도상,승용,여,57세,상해없음,보행자,남,17세,경상
2014090300100370,2014년 9월 3일 13시,수요일,광주광역시 서구 금호동,경상사고,0,0,2,0,차대차 - 측면직각충돌,교차로운행방법위반,건조,맑음,교차로 - 교차로안,승용,여,50세,경상,승용,남,31세,경상
2014090300100371,2014년 9월 3일 13시,수요일,광주광역시 서구 금호동,경상사고,0,0,1,0,차대차 - 추돌 - 주정차중,안전거리미확보,습기,비,단일로 - 기타,승용,남,51세,상해없음,승용,남,37세,경상
2014090300100404,2014년 9월 3일 14시,수요일,광주광역시 서구 양동,중상사고,0,1,0,0,차대사람 - 기타,신호위반,건조,맑음,단일로 - 횡단보도상,승용,남,55세,상해없음,보행자,여,32세,중상
2014090300100405,2014년 9월 3일 14시,수요일,광주광역시 서구 농성동,경상사고,0,0,1,0,차대차 - 측면직각충돌,차로위반,습기,흐림,교차로 - 교차로부근,승용,남,50세,상해없음,승용,남,25세,경상
2014090300100479,2014년 9월 3일 16시,수요일,광주광역시 북구 유동,경상사고,0,0,2,0,차대차 - 측면직각충돌,차로위반,습기,비,기타 - 기타,승용,남,65세,경상,승용,남,26세,경상
2014090300100521,2014년 9월 3일 17시,수요일,광주광역시 동구 계림동,경상사고,0,0,1,0,차대차 - 측면직각충돌,안전거리미확보,건조,맑음,교차로 - 교차로안,이륜,남,25세,경상,승용,여,55세,상해없음
2014090300100554,2014년 9월 3일 18시,수요일,광주광역시 북구 연제동,경상사고,0,0,1,0,차대차 - 측면직각충돌,교차로운행방법위반,건조,맑음,교차로 - 교차로안,승용,남,77세,상해없음,승용,여,36세,경상
2014090300100555,2014년 9월 3일 18시,수요일,광주광역시 북구 용두동,경상사고,0,0,5,0,차대차 - 측면직각충돌,신호위반,습기,흐림,교차로 - 교차로안,승용,여,32세,경상,승용,남,61세,경상
2014090300100556,2014년 9월 3일 18시,수요일,광주광역시 북구 문흥동,경상사고,0,0,1,0,차대사람 - 횡단중,보행자보호의무위반,건조,맑음,단일로 - 횡단보도상,화물,남,58세,상해없음,보행자,여,62세,경상
2014090300100596,2014년 9월 3일 19시,수요일,광주광역시 광산구 도천동,경상사고,0,0,1,0,차대차 - 기타,교차로운행방법위반,습기,흐림,교차로 - 교차로안,승용,남,23세,상해없음,승용,여,54세,경상
2014090300100638,2014년 9월 3일 20시,수요일,광주광역시 서구 농성동,경상사고,0,0,1,0,차대차 - 측면직각충돌,교차로운행방법위반,건조,맑음,교차로 - 교차로안,승용,남,60세,상해없음,원동기,남,22세,경상
2014090300100639,2014년 9월 3일 20시,수요일,광주광역시 서구 치평동,부상신고사고,0,0,0,1,차대차 - 기타,기타,건조,맑음,단일로 - 기타,이륜,남,79세,부상신고,승용,남,67세,상해없음
2014090300100640,2014년 9월 3일 20시,수요일,광주광역시 광산구 월곡동,경상사고,0,0,1,0,차대사람 - 기타,안전운전불이행,건조,맑음,교차로 - 교차로안,승용,남,45세,상해없음,보행자,여,52세,경상
2014090300100670,2014년 9월 3일 21시,수요일,광주광역시 남구 월산동,부상신고사고,0,0,0,1,차대사람 - 기타,안전운전불이행,건조,맑음,단일로 - 기타,기타불명,기타불명,기타불명,기타불명,보행자,남,53세,부상신고
2014090300100671,2014년 9월 3일 21시,수요일,광주광역시 남구 월산동,중상사고,0,1,0,0,차대사람 - 기타,안전운전불이행,건조,맑음,교차로 - 교차로부근,승용,남,25세,상해없음,보행자,여,73세,중상
2014090300100672,2014년 9월 3일 21시,수요일,광주광역시 광산구 산월동,경상사고,0,0,1,0,차대차 - 측면직각충돌,직진우회전진행방해,건조,맑음,교차로 - 교차로안,원동기,남,19세,경상,승용,여,30세,상해없음
2014090300100718,2014년 9월 3일 22시,수요일,광주광역시 서구 유촌동,중상사고,0,1,0,0,차대사람 - 횡단중,보행자보호의무위반,건조,흐림,단일로 - 기타,이륜,남,16세,상해없음,보행자,남,64세,중상
2014090300100719,2014년 9월 3일 22시,수요일,광주광역시 남구 월산동,경상사고,0,0,1,0,차대차 - 추돌 - 주정차중,안전운전불이행,건조,맑음,단일로 - 기타,승합,남,37세,상해없음,승용,남,27세,경상
2014090400100022,2014년 9월 4일 00시,목요일,광주광역시 북구 양산동,경상사고,0,0,1,0,차대차 - 측면직각충돌,안전운전불이행,건조,맑음,단일로 - 기타,승용,여,26세,경상,화물,남,42세,기타불명
2014090400100023,2014년 9월 4일 00시,목요일,광주광역시 북구 동림동,중상사고,0,1,4,0,차대차 - 측면직각충돌,중앙선침범,건조,맑음,단일로 - 기타,승용,남,53세,기타불명,승용,남,47세,경상
2014090400100024,2014년 9월 4일 00시,목요일,광주광역시 광산구 수완동,경상사고,0,0,1,0,차대차 - 기타,차로위반,건조,맑음,교차로 - 교차로부근,승용,남,48세,상해없음,승용,남,67세,경상
2014090400100040,2014년 9월 4일 01시,목요일,광주광역시 북구 우산동,경상사고,0,0,1,0,차대사람 - 횡단중,안전운전불이행,건조,맑음,단일로 - 기타,승용,남,55세,상해없음,보행자,남,20세,경상
2014090400100062,2014년 9월 4일 04시,목요일,광주광역시 서구 쌍촌동,경상사고,0,0,1,0,차대사람 - 기타,안전운전불이행,건조,맑음,단일로 - 기타,승용,남,71세,상해없음,보행자,여,20세,경상
2014090400100091,2014년 9월 4일 06시,목요일,광주광역시 서구 쌍촌동,중상사고,0,2,0,0,차대차 - 측면직각충돌,신호위반,건조,맑음,교차로 - 교차로안,승합,남,27세,중상,승합,남,41세,중상
2014090400100195,2014년 9월 4일 09시,목요일,광주광역시 서구 쌍촌동,경상사고,0,0,1,0,차대차 - 기타,안전운전불이행,건조,맑음,교차로 - 교차로안,승용,여,37세,상해없음,승용,남,27세,경상
2014090400100264,2014년 9월 4일 11시,목요일,광주광역시 남구 백운동,경상사고,0,0,1,0,차대차 - 측면직각충돌,교차로운행방법위반,건조,맑음,교차로 - 교차로안,승용,남,75세,상해없음,이륜,남,33세,경상
2014090400100300,2014년 9월 4일 12시,목요일,광주광역시 동구 수기동,경상사고,0,0,1,0,차대차 - 기타,안전운전불이행,건조,맑음,기타 - 기타,승용,남,53세,상해없음,자전거,남,21세,경상
2014090400100301,2014년 9월 4일 12시,목요일,광주광역시 서구 쌍촌동,경상사고,0,0,1,0,차대차 - 측면직각충돌,안전거리미확보,건조,맑음,단일로 - 기타,승용,남,57세,상해없음,승용,남,45세,경상
2014090400100331,2014년 9월 4일 13시,목요일,광주광역시 북구 임동,경상사고,0,0,1,0,차대차 - 기타,신호위반,건조,맑음,교차로 - 교차로안,이륜,남,35세,경상,승용,남,51세,상해없음
2014090400100332,2014년 9월 4일 13시,목요일,광주광역시 북구 일곡동,경상사고,0,0,3,0,차대차 - 기타,안전운전불이행,건조,맑음,단일로 - 기타,승용,남,52세,상해없음,승용,여,32세,경상
2014090400100360,2014년 9월 4일 14시,목요일,광주광역시 서구 쌍촌동,경상사고,0,0,3,0,차대차 - 기타,교차로운행방법위반,건조,맑음,교차로 - 교차로안,승용,여,32세,경상,승용,여,54세,경상
2014090400100361,2014년 9월 4일 14시,목요일,광주광역시 서구 화정동,경상사고,0,0,1,0,차대차 - 기타,차로위반,건조,맑음,단일로 - 횡단보도부근,기타불명,기타불명,기타불명,기타불명,승합,남,56세,상해없음
2014090400100407,2014년 9월 4일 15시,목요일,광주광역시 서구 화정동,중상사고,0,1,0,0,차대사람 - 횡단중,안전운전불이행,건조,맑음,단일로 - 기타,승용,남,27세,상해없음,보행자,여,79세,중상
2014090400100408,2014년 9월 4일 15시,목요일,광주광역시 서구 금호동,경상사고,0,0,2,0,차대차 - 추돌 - 진행중,안전거리미확보,건조,맑음,교차로 - 교차로부근,화물,남,38세,기타불명,승용,남,39세,경상
2014090400100458,2014년 9월 4일 16시,목요일,광주광역시 동구 산수동,경상사고,0,0,2,0,차대차 - 기타,안전운전불이행,건조,맑음,교차로 - 교차로안,승용,여,52세,상해없음,승용,여,54세,경상
2014090400100506,2014년 9월 4일 17시,목요일,광주광역시 남구 방림동,중상사고,0,1,0,0,차대차 - 측면직각충돌,교차로운행방법위반,건조,맑음,교차로 - 교차로안,승용,남,54세,상해없음,원동기,여,47세,중상
2014090400100507,2014년 9월 4일 17시,목요일,광주광역시 광산구 우산동,경상사고,0,0,1,0,차대차 - 측면직각충돌,교차로운행방법위반,건조,맑음,교차로 - 교차로안,승용,남,32세,상해없음,승용,남,28세,경상
2014090400100567,2014년 9월 4일 18시,목요일,광주광역시 서구 농성동,경상사고,0,0,1,0,차대차 - 측면직각충돌,안전운전불이행,건조,맑음,교차로 - 교차로부근,승용,남,35세,상해없음,자전거,남,24세,경상
2014090400100614,2014년 9월 4일 19시,목요일,광주광역시 남구 주월동,경상사고,0,0,1,0,차대사람 - 횡단중,보행자보호의무위반,건조,맑음,단일로 - 횡단보도상,승용,여,52세,상해없음,보행자,여,20세,경상
2014090400100615,2014년 9월 4일 19시,목요일,광주광역시 광산구 산정동,경상사고,0,0,2,0,차대차 - 기타,교차로운행방법위반,건조,맑음,교차로 - 교차로안,승용,남,69세,상해없음,승용,남,35세,경상
2014090400100650,2014년 9월 4일 20시,목요일,광주광역시 동구 불로동,경상사고,0,0,2,0,차대차 - 기타,안전거리미확보,건조,맑음,단일로 - 기타,승용,남,46세,상해없음,승용,남,30세,경상
2014090400100651,2014년 9월 4일 20시,목요일,광주광역시 서구 동천동,경상사고,0,0,1,0,차대차 - 추돌 - 주정차중,안전운전불이행,건조,맑음,교차로 - 교차로안,승용,여,65세,상해없음,승용,여,58세,경상
2014090400100675,2014년 9월 4일 21시,목요일,광주광역시 북구 중흥동,부상신고사고,0,0,0,1,차대사람 - 길가장자리구역통행중,안전운전불이행,건조,맑음,단일로 - 기타,승용,남,29세,상해없음,보행자,남,63세,부상신고
2014090400100676,2014년 9월 4일 21시,목요일,광주광역시 북구 오치동,경상사고,0,0,1,0,차대차 - 측면직각충돌,안전거리미확보,건조,맑음,단일로 - 기타,승용,남,53세,상해없음,승용,여,46세,경상
2014090400100736,2014년 9월 4일 23시,목요일,광주광역시 북구 용봉동,경상사고,0,0,3,0,차대차 - 측면직각충돌,안전운전불이행,건조,맑음,교차로 - 교차로안,승용,남,43세,경상,승합,남,38세,경상
2014090500100017,2014년 9월 5일 00시,금요일,광주광역시 광산구 신가동,경상사고,0,0,1,0,차대차 - 측면직각충돌,신호위반,건조,맑음,교차로 - 교차로안,승용,기타불명,기타불명,기타불명,승용,남,32세,경상
2014090500100032,2014년 9월 5일 01시,금요일,광주광역시 북구 양산동,중상사고,0,1,0,0,차대사람 - 횡단중,안전운전불이행,건조,맑음,단일로 - 기타,승용,남,26세,상해없음,보행자,남,36세,중상
2014090500100059,2014년 9월 5일 03시,금요일,광주광역시 북구 오치동,경상사고,0,0,2,0,차대차 - 추돌 - 진행중,안전거리미확보,건조,맑음,단일로 - 기타,원동기,남,16세,경상,승용,남,51세,상해없음
2014090500100085,2014년 9월 5일 05시,금요일,광주광역시 광산구 송정동,중상사고,0,1,0,0,차대사람 - 횡단중,보행자보호의무위반,건조,맑음,교차로 - 교차로안,승용,남,52세,상해없음,보행자,여,42세,중상
2014090500100100,2014년 9월 5일 06시,금요일,광주광역시 광산구 쌍암동,경상사고,0,0,1,0,차대차 - 기타,안전운전불이행,건조,맑음,단일로 - 기타,승용,남,53세,상해없음,화물,남,58세,경상
2014090500100127,2014년 9월 5일 07시,금요일,광주광역시 북구 매곡동,중상사고,0,1,1,0,차대차 - 추돌 - 진행중,안전운전불이행,건조,맑음,교차로 - 교차로안,승용,남,58세,상해없음,승합,남,59세,경상
2014090500100128,2014년 9월 5일 07시,금요일,광주광역시 광산구 소촌동,경상사고,0,0,5,0,차대차 - 추돌 - 진행중,안전운전불이행,건조,맑음,단일로 - 기타,건설기계,남,46세,상해없음,승용,남,52세,경상
2014090500100178,2014년 9월 5일 08시,금요일,광주광역시 서구 치평동,경상사고,0,0,1,0,차대차 - 기타,안전운전불이행,건조,맑음,단일로 - 기타,승용,남,21세,상해없음,승용,남,29세,경상
2014090500100226,2014년 9월 5일 09시,금요일,광주광역시 동구 계림동,경상사고,0,0,1,0,차대사람 - 기타,보행자보호의무위반,건조,맑음,기타 - 기타,승용,남,76세,상해없음,보행자,남,27세,경상
2014090500100227,2014년 9월 5일 09시,금요일,광주광역시 북구 신안동,경상사고,0,0,3,1,차대차 - 추돌 - 주정차중,안전운전불이행,건조,맑음,단일로 - 기타,승용,여,49세,부상신고,승용,남,29세,경상
2014090500100275,2014년 9월 5일 10시,금요일,광주광역시 남구 백운동,경상사고,0,0,1,0,차대차 - 기타,신호위반,건조,맑음,단일로 - 기타,승용,여,57세,상해없음,자전거,남,74세,경상
2014090500100314,2014년 9월 5일 11시,금요일,광주광역시 남구 봉선동,경상사고,0,0,3,0,차대차 - 측면직각충돌,교차로운행방법위반,건조,맑음,교차로 - 교차로안,승용,여,43세,상해없음,승용,남,70세,경상
2014090500100355,2014년 9월 5일 12시,금요일,광주광역시 서구 농성동,부상신고사고,0,0,0,1,차대사람 - 기타,안전운전불이행,건조,맑음,단일로 - 기타,이륜,기타불명,기타불명,기타불명,보행자,남,76세,부상신고
2014090500100538,2014년 9월 5일 16시,금요일,광주광역시 동구 학동,경상사고,0,0,1,0,차대차 - 기타,교차로운행방법위반,건조,맑음,교차로 - 교차로안,승용,남,45세,상해없음,승용,남,26세,경상
2014090500100539,2014년 9월 5일 16시,금요일,광주광역시 남구 구동,경상사고,0,0,2,0,차대차 - 측면직각충돌,안전거리미확보,건조,맑음,단일로 - 기타,승용,남,52세,상해없음,승용,남,49세,경상
2014090500100603,2014년 9월 5일 17시,금요일,광주광역시 광산구 장덕동,경상사고,0,0,1,0,차대차 - 기타,안전운전불이행,건조,맑음,단일로 - 기타,승용,남,34세,상해없음,자전거,남,13세,경상
2014090500100653,2014년 9월 5일 18시,금요일,광주광역시 서구 광천동,경상사고,0,0,2,0,차대차 - 기타,신호위반,건조,맑음,교차로 - 교차로안,승용,남,69세,기타불명,승용,남,58세,경상
2014090500100654,2014년 9월 5일 18시,금요일,광주광역시 서구 광천동,경상사고,0,0,1,0,차대차 - 측면직각충돌,신호위반,건조,맑음,교차로 - 교차로안,승용,남,36세,상해없음,승용,남,34세,경상
2014090500100655,2014년 9월 5일 18시,금요일,광주광역시 남구 진월동,경상사고,0,0,2,0,차대차 - 측면직각충돌,안전거리미확보,건조,맑음,단일로 - 기타,승합,남,64세,경상,승용,남,46세,경상
2014090500100656,2014년 9월 5일 18시,금요일,광주광역시 북구 운암동,중상사고,0,1,0,0,차대차 - 기타,교차로운행방법위반,건조,맑음,교차로 - 교차로안,승용,남,61세,상해없음,승합,남,37세,상해없음
2014090500100710,2014년 9월 5일 19시,금요일,광주광역시 남구 주월동,경상사고,0,0,1,0,차대차 - 기타,안전운전불이행,건조,맑음,교차로 - 교차로안,승용,남,52세,상해없음,승용,여,23세,경상
2014090500100711,2014년 9월 5일 19시,금요일,광주광역시 광산구 신창동,경상사고,0,0,2,0,차대차 - 측면직각충돌,안전거리미확보,건조,맑음,단일로 - 기타,승용,남,64세,상해없음,승용,남,25세,경상
2014090500100712,2014년 9월 5일 19시,금요일,광주광역시 광산구 운남동,경상사고,0,0,1,0,차대차 - 추돌 - 진행중,안전운전불이행,건조,맑음,교차로 - 교차로부근,화물,남,56세,상해없음,승용,남,51세,경상
2014090500100713,2014년 9월 5일 19시,금요일,광주광역시 광산구 우산동,경상사고,0,0,5,0,차대차 - 추돌 - 진행중,안전운전불이행,건조,맑음,단일로 - 교량,화물,남,25세,기타불명,승용,남,53세,경상
2014090500100772,2014년 9월 5일 20시,금요일,광주광역시 서구 쌍촌동,중상사고,0,1,0,0,차대사람 - 보도통행중,보행자보호의무위반,건조,맑음,교차로 - 교차로안,승용,여,44세,상해없음,보행자,남,3세,중상
2014090500100773,2014년 9월 5일 20시,금요일,광주광역시 남구 송하동,경상사고,0,0,1,0,차대차 - 기타,안전운전불이행,건조,맑음,교차로 - 교차로부근,승용,여,25세,상해없음,자전거,남,28세,경상
2014090500100774,2014년 9월 5일 20시,금요일,광주광역시 광산구 소촌동,중상사고,0,1,0,0,차대차 - 측면직각충돌,안전거리미확보,건조,맑음,단일로 - 기타,화물,남,34세,상해없음,원동기,남,37세,중상
2014090500100807,2014년 9월 5일 21시,금요일,광주광역시 광산구 장덕동,중상사고,0,1,0,0,차대차 - 추돌 - 진행중,안전운전불이행,습기,흐림,단일로 - 기타,승용,남,41세,상해없음,승용,남,31세,중상
2014090600100021,2014년 9월 6일 00시,토요일,광주광역시 북구 오치동,경상사고,0,0,3,0,차대차 - 기타,안전운전불이행,건조,맑음,교차로 - 교차로부근,승용,남,31세,상해없음,승용,남,39세,상해없음
2014090600100022,2014년 9월 6일 00시,토요일,광주광역시 광산구 도산동,중상사고,0,1,0,0,차대사람 - 기타,안전운전불이행,건조,맑음,단일로 - 기타,승용,남,36세,상해없음,보행자,남,39세,중상
2014090600100055,2014년 9월 6일 02시,토요일,광주광역시 서구 금호동,경상사고,0,0,2,0,차대차 - 기타,안전운전불이행,건조,맑음,교차로 - 교차로부근,승용,여,24세,상해없음,승용,남,54세,상해없음
2014090600100092,2014년 9월 6일 04시,토요일,광주광역시 남구 월산동,중상사고,0,1,0,0,차대사람 - 차도통행중,안전운전불이행,건조,맑음,단일로 - 기타,승용,남,53세,상해없음,보행자,여,87세,중상
2014090600100110,2014년 9월 6일 05시,토요일,광주광역시 서구 치평동,경상사고,0,0,1,0,차대차 - 추돌 - 주정차중,안전운전불이행,건조,맑음,교차로 - 교차로부근,승용,여,34세,경상,화물,남,51세,상해없음
2014090600100141,2014년 9월 6일 07시,토요일,광주광역시 서구 화정동,중상사고,0,1,0,0,차대차 - 측면직각충돌,직진우회전진행방해,건조,맑음,교차로 - 교차로안,이륜,남,38세,중상,승용,남,34세,상해없음
2014090600100164,2014년 9월 6일 08시,토요일,광주광역시 동구 소태동,중상사고,0,1,1,0,차대차 - 측면직각충돌,안전운전불이행,건조,맑음,단일로 - 기타,승용,여,40세,중상,화물,남,62세,경상
2014090600100165,2014년 9월 6일 08시,토요일,광주광역시 북구 두암동,경상사고,0,0,1,0,차대차 - 추돌 - 진행중,안전거리미확보,건조,맑음,단일로 - 횡단보도부근,화물,남,50세,상해없음,승용,남,49세,경상
2014090600100189,2014년 9월 6일 09시,토요일,광주광역시 서구 화정동,경상사고,0,0,1,0,차대차 - 측면직각충돌,안전거리미확보,건조,맑음,단일로 - 기타,승용,남,62세,상해없음,승용,남,41세,경상
2014090600100218,2014년 9월 6일 10시,토요일,광주광역시 광산구 신창동,경상사고,0,0,1,0,차대차 - 측면직각충돌,안전거리미확보,건조,맑음,단일로 - 기타,승용,남,58세,상해없음,승용,남,40세,경상
2014090600100259,2014년 9월 6일 11시,토요일,광주광역시 서구 금호동,경상사고,0,0,3,0,차대차 - 기타,안전운전불이행,건조,맑음,교차로 - 교차로부근,승용,여,46세,상해없음,승용,남,47세,경상
2014090600100260,2014년 9월 6일 11시,토요일,광주광역시 서구 쌍촌동,경상사고,0,0,4,0,차대차 - 추돌 - 주정차중,안전운전불이행,건조,맑음,단일로 - 기타,승용,남,24세,경상,승용,여,51세,경상
2014090600100332,2014년 9월 6일 13시,토요일,광주광역시 서구 양동,경상사고,0,0,1,0,차대사람 - 기타,안전운전불이행,건조,맑음,단일로 - 기타,기타불명,기타불명,기타불명,기타불명,보행자,여,75세,경상
2014090600100333,2014년 9월 6일 13시,토요일,광주광역시 서구 유촌동,경상사고,0,0,6,0,차대차 - 추돌 - 진행중,안전거리미확보,건조,맑음,단일로 - 기타,승용,여,37세,상해없음,승용,남,65세,상해없음
2014090600100334,2014년 9월 6일 13시,토요일,광주광역시 서구 광천동,경상사고,0,0,1,0,차대차 - 기타,안전거리미확보,건조,맑음,단일로 - 횡단보도상,승용,여,31세,상해없음,승용,남,52세,경상
2014090600100335,2014년 9월 6일 13시,토요일,광주광역시 남구 봉선동,경상사고,0,0,1,0,차대차 - 추돌 - 주정차중,안전운전불이행,건조,맑음,단일로 - 기타,승용,남,66세,상해없음,승용,남,46세,경상
2014090600100374,2014년 9월 6일 14시,토요일,광주광역시 북구 두암동,경상사고,0,0,2,0,차대차 - 추돌 - 주정차중,안전운전불이행,건조,맑음,단일로 - 기타,승용,남,34세,상해없음,승용,남,56세,경상
2014090600100375,2014년 9월 6일 14시,토요일,광주광역시 북구 일곡동,경상사고,0,0,1,0,차대사람 - 횡단중,안전운전불이행,건조,맑음,교차로 - 교차로안,승용,남,54세,상해없음,보행자,여,43세,경상
2014090600100421,2014년 9월 6일 15시,토요일,광주광역시 동구 학동,경상사고,0,0,1,0,차대차 - 추돌 - 주정차중,안전운전불이행,건조,맑음,교차로 - 교차로부근,승용,남,73세,상해없음,승용,여,35세,상해없음
2014090600100422,2014년 9월 6일 15시,토요일,광주광역시 광산구 월곡동,경상사고,0,0,2,0,차대차 - 추돌 - 진행중,안전거리미확보,건조,맑음,단일로 - 기타,승용,기타불명,기타불명,기타불명,승용,남,60세,경상
2014090600100455,2014년 9월 6일 16시,토요일,광주광역시 북구 문흥동,경상사고,0,0,2,0,차대사람 - 횡단중,안전운전불이행,건조,맑음,단일로 - 기타,승용,남,33세,상해없음,보행자,여,8세,경상
2014090600100492,2014년 9월 6일 17시,토요일,광주광역시 서구 마륵동,경상사고,0,0,1,0,차대차 - 기타,안전거리미확보,건조,맑음,단일로 - 기타,승용,여,54세,상해없음,승합,남,38세,상해없음
2014090600100493,2014년 9월 6일 17시,토요일,광주광역시 북구 문흥동,경상사고,0,0,4,0,차대차 - 추돌 - 주정차중,안전운전불이행,건조,맑음,단일로 - 기타,승용,남,41세,상해없음,승용,여,51세,경상
2014090600100494,2014년 9월 6일 17시,토요일,광주광역시 북구 문흥동,경상사고,0,0,1,0,차대차 - 추돌 - 진행중,안전운전불이행,건조,맑음,교차로 - 교차로안,승용,여,58세,상해없음,원동기,여,68세,경상
2014090600100495,2014년 9월 6일 17시,토요일,광주광역시 광산구 신가동,경상사고,0,0,1,0,차대차 - 추돌 - 진행중,안전운전불이행,건조,맑음,단일로 - 기타,승용,남,49세,상해없음,승용,여,40세,경상
2014090600100528,2014년 9월 6일 18시,토요일,광주광역시 남구 주월동,경상사고,0,0,2,0,차대차 - 추돌 - 진행중,안전거리미확보,건조,맑음,단일로 - 기타,승용,남,54세,상해없음,승용,남,31세,경상
2014090600100556,2014년 9월 6일 19시,토요일,광주광역시 서구 화정동,중상사고,0,1,0,0,차대사람 - 횡단중,안전운전불이행,건조,맑음,단일로 - 기타,승용,남,28세,상해없음,보행자,남,20세,중상
2014090600100557,2014년 9월 6일 19시,토요일,광주광역시 서구 치평동,경상사고,0,0,1,0,차대차 - 측면직각충돌,교차로운행방법위반,건조,맑음,교차로 - 교차로안,승용,남,31세,상해없음,승용,남,62세,경상
2014090600100558,2014년 9월 6일 19시,토요일,광주광역시 광산구 수완동,중상사고,0,1,0,0,차대차 - 측면직각충돌,안전운전불이행,건조,맑음,교차로 - 교차로부근,승용,여,40세,상해없음,자전거,남,7세,중상
2014090600100590,2014년 9월 6일 20시,토요일,광주광역시 동구 계림동,경상사고,0,0,2,0,차대차 - 추돌 - 진행중,안전운전불이행,건조,맑음,교차로 - 교차로부근,승용,여,25세,상해없음,승용,여,55세,경상
2014090600100591,2014년 9월 6일 20시,토요일,광주광역시 동구 수기동,경상사고,0,0,1,0,차대차 - 추돌 - 주정차중,안전운전불이행,건조,맑음,단일로 - 기타,승용,남,67세,상해없음,승용,남,33세,상해없음
2014090700100015,2014년 9월 7일 00시,일요일,광주광역시 동구 학동,중상사고,0,3,0,0,차대차 - 정면충돌,신호위반,건조,맑음,교차로 - 교차로안,승용,남,45세,중상,승용,여,43세,중상
2014090700100016,2014년 9월 7일 00시,일요일,광주광역시 북구 문흥동,경상사고,0,0,1,0,차대차 - 추돌 - 주정차중,안전운전불이행,건조,맑음,단일로 - 기타,승용,남,45세,상해없음,이륜,남,22세,경상
2014090700100030,2014년 9월 7일 01시,일요일,광주광역시 서구 유촌동,경상사고,0,0,4,0,차대차 - 추돌 - 진행중,안전운전불이행,건조,맑음,단일로 - 기타,승용,남,40세,상해없음,승용,남,51세,경상
2014090700100031,2014년 9월 7일 01시,일요일,광주광역시 북구 북동,경상사고,0,0,3,0,차대차 - 측면직각충돌,안전운전불이행,건조,맑음,단일로 - 기타,이륜,남,17세,상해없음,승용,남,54세,경상
2014090700100032,2014년 9월 7일 01시,일요일,광주광역시 광산구 소촌동,중상사고,0,1,0,0,차량단독 - 공작물충돌,안전운전불이행,건조,맑음,교차로 - 교차로안,승합,남,54세,중상,,,,
2014090700100051,2014년 9월 7일 02시,일요일,광주광역시 서구 치평동,경상사고,0,0,1,0,차대사람 - 기타,안전운전불이행,건조,맑음,단일로 - 기타,승용,남,27세,상해없음,보행자,남,30세,경상
2014090700100052,2014년 9월 7일 02시,일요일,광주광역시 북구 용봉동,경상사고,0,0,1,0,차대사람 - 길가장자리구역통행중,안전운전불이행,건조,맑음,단일로 - 기타,기타불명,기타불명,기타불명,기타불명,보행자,남,21세,경상
2014090700100066,2014년 9월 7일 03시,일요일,광주광역시 광산구 월계동,경상사고,0,0,1,1,차대차 - 측면직각충돌,신호위반,건조,맑음,교차로 - 교차로안,승용,남,27세,부상신고,승용,남,49세,경상
2014090700100169,2014년 9월 7일 10시,일요일,광주광역시 서구 화정동,경상사고,0,0,1,0,차대차 - 기타,안전운전불이행,건조,맑음,단일로 - 기타,승용,남,28세,기타불명,승용,남,37세,상해없음
2014090700100188,2014년 9월 7일 11시,일요일,광주광역시 북구 효령동,중상사고,0,1,0,0,차대사람 - 길가장자리구역통행중,안전운전불이행,건조,맑음,기타 - 기타,승용,여,39세,상해없음,보행자,남,22세,중상
2014090700100212,2014년 9월 7일 12시,일요일,광주광역시 동구 선교동,경상사고,0,0,9,0,차대차 - 추돌 - 진행중,안전거리미확보,건조,맑음,단일로 - 기타,승용,남,43세,상해없음,승용,남,33세,경상
2014090700100213,2014년 9월 7일 12시,일요일,광주광역시 남구 봉선동,경상사고,0,0,1,0,차대차 - 기타,안전운전불이행,건조,맑음,교차로 - 교차로부근,승용,여,50세,상해없음,승용,남,46세,경상
2014090700100214,2014년 9월 7일 12시,일요일,광주광역시 광산구 월전동,중상사고,0,2,1,0,차대차 - 측면직각충돌,안전운전불이행,건조,맑음,교차로 - 교차로안,승용,남,54세,중상,승용,여,59세,경상
2014090700100246,2014년 9월 7일 13시,일요일,광주광역시 북구 각화동,경상사고,0,0,2,0,차대차 - 측면직각충돌,안전운전불이행,건조,맑음,교차로 - 교차로안,승용,여,31세,상해없음,승용,여,53세,경상