사고번호,사고일시,요일,시군구,사고내용,사망자수,중상자수,경상자수,부상신고자수,사고유형,법규위반,노면상태,기상상태,도로형태,가해운전자 차종,가해운전자 성별,가해운전자 연령,가해운전자 상해정도,피해운전자 차종,피해운전자 성별,피해운전자 연령,피해운전자 상해정도
2014090700100268,2014년 9월 7일 14시,일요일,광주광역시 서구 광천동,경상사고,0,0,1,0,차대차 - 추돌 - 주정차중,안전운전불이행,건조,맑음,교차로 - 교차로부근,승용,남,35세,상해없음,승용,남,55세,경상
2014090700100269,2014년 9월 7일 14시,일요일,광주광역시 북구 신안동,경상사고,0,0,4,0,차대차 - 추돌 - 진행중,안전운전불이행,건조,맑음,단일로 - 기타,승용,남,63세,경상,승용,남,55세,경상
2014090700100294,2014년 9월 7일 15시,일요일,광주광역시 광산구 하남동,경상사고,0,0,3,0,차대차 - 추돌 - 주정차중,안전운전불이행,건조,맑음,교차로 - 교차로부근,승용,남,28세,상해없음,승용,여,32세,경상
2014090700100327,2014년 9월 7일 16시,일요일,광주광역시 광산구 송정동,부상신고사고,0,0,0,1,차대사람 - 기타,안전운전불이행,건조,맑음,단일로 - 기타,기타불명,기타불명,기타불명,기타불명,보행자,여,58세,부상신고
2014090700100377,2014년 9월 7일 18시,일요일,광주광역시 서구 쌍촌동,경상사고,0,0,1,0,차대차 - 기타,안전운전불이행,건조,맑음,단일로 - 기타,승용,남,23세,상해없음,자전거,남,6세,경상
2014090700100378,2014년 9월 7일 18시,일요일,광주광역시 북구 신안동,경상사고,0,0,1,0,차대사람 - 횡단중,안전운전불이행,건조,맑음,단일로 - 기타,승용,남,23세,상해없음,보행자,남,40세,경상
2014090700100379,2014년 9월 7일 18시,일요일,광주광역시 북구 오치동,경상사고,0,0,2,0,차대차 - 측면직각충돌,교차로운행방법위반,건조,맑음,교차로 - 교차로안,승용,남,26세,경상,승용,여,46세,경상
2014090700100401,2014년 9월 7일 19시,일요일,광주광역시 남구 진월동,경상사고,0,0,1,0,차대차 - 기타,안전거리미확보,건조,맑음,단일로 - 기타,승용,남,55세,상해없음,승용,남,35세,상해없음
2014090700100442,2014년 9월 7일 21시,일요일,광주광역시 북구 대촌동,경상사고,0,0,1,0,차대차 - 측면직각충돌,신호위반,건조,맑음,교차로 - 교차로안,승용,남,61세,상해없음,승용,여,54세,경상
2014090700100443,2014년 9월 7일 21시,일요일,광주광역시 광산구 수완동,사망사고,1,0,0,0,차대차 - 측면직각충돌,신호위반,건조,맑음,교차로 - 교차로부근,이륜,남,16세,사망,승용,남,25세,상해없음
2014090700100461,2014년 9월 7일 22시,일요일,광주광역시 서구 농성동,경상사고,0,0,1,0,차대차 - 기타,안전운전불이행,건조,맑음,단일로 - 기타,승용,남,33세,상해없음,승용,남,66세,경상
2014090700100462,2014년 9월 7일 22시,일요일,광주광역시 광산구 비아동,경상사고,0,0,1,0,차대차 - 추돌 - 진행중,안전운전불이행,건조,맑음,교차로 - 교차로부근,화물,남,46세,상해없음,화물,남,50세,경상
2014090800100035,2014년 9월 8일 04시,월요일,광주광역시 동구 수기동,경상사고,0,0,4,0,차대차 - 측면직각충돌,신호위반,건조,맑음,교차로 - 교차로안,승용,남,26세,상해없음,승용,남,38세,경상
2014090800100054,2014년 9월 8일 06시,월요일,광주광역시 서구 치평동,사망사고,1,0,0,0,차량단독 - 공작물충돌,중앙선침범,건조,맑음,교차로 - 교차로부근,승합,남,55세,사망,,,,
2014090800100112,2014년 9월 8일 10시,월요일,광주광역시 광산구 지평동,경상사고,0,0,1,3,차대차 - 측면직각충돌,교차로운행방법위반,건조,맑음,교차로 - 교차로안,승용,남,39세,상해없음,승용,남,47세,경상
2014090800100140,2014년 9월 8일 11시,월요일,광주광역시 서구 유촌동,경상사고,0,0,1,0,차대차 - 측면직각충돌,안전운전불이행,건조,맑음,단일로 - 기타,기타불명,기타불명,기타불명,기타불명,승용,남,59세,경상
2014090800100141,2014년 9월 8일 11시,월요일,광주광역시 광산구 서봉동,경상사고,0,0,14,0,차대차 - 추돌 - 주정차중,안전거리미확보,건조,맑음,단일로 - 기타,화물,남,60세,상해없음,승용,남,47세,경상
2014090800100240,2014년 9월 8일 14시,월요일,광주광역시 광산구 사호동,중상사고,0,1,0,0,차대사람 - 기타,안전운전불이행,건조,맑음,단일로 - 기타,승용,남,49세,상해없음,보행자,여,7세,중상
2014090800100269,2014년 9월 8일 15시,월요일,광주광역시 남구 백운동,경상사고,0,0,1,0,차량단독 - 공작물충돌,안전운전불이행,건조,맑음,교차로 - 교차로안,승용,남,47세,상해없음,,,,
2014090800100306,2014년 9월 8일 16시,월요일,광주광역시 북구 오치동,경상사고,0,0,2,0,차대차 - 측면직각충돌,신호위반,건조,맑음,교차로 - 교차로안,원동기,남,57세,경상,승용,남,50세,경상
2014090800100351,2014년 9월 8일 18시,월요일,광주광역시 광산구 송정동,경상사고,0,0,3,0,차대차 - 측면직각충돌,교차로운행방법위반,건조,맑음,교차로 - 교차로안,승용,여,43세,경상,승용,남,42세,경상
2014090800100373,2014년 9월 8일 19시,월요일,광주광역시 광산구 서봉동,경상사고,0,0,1,0,차대차 - 기타,안전거리미확보,건조,맑음,단일로 - 기타,승용,남,33세,상해없음,승용,남,29세,경상
2014090800100387,2014년 9월 8일 20시,월요일,광주광역시 북구 장등동,중상사고,0,1,1,0,차대차 - 추돌 - 주정차중,안전운전불이행,건조,맑음,단일로 - 기타,승용,남,51세,상해없음,승용,여,29세,중상
2014090900100009,2014년 9월 9일 00시,화요일,광주광역시 북구 신용동,사망사고,1,0,0,0,차대사람 - 길가장자리구역통행중,안전운전불이행,건조,맑음,단일로 - 기타,승용,남,20세,상해없음,보행자,남,49세,사망
2014090900100031,2014년 9월 9일 02시,화요일,광주광역시 서구 쌍촌동,중상사고,0,1,0,0,차대사람 - 횡단중,과속,건조,맑음,교차로 - 교차로부근,승용,남,56세,상해없음,보행자,남,22세,중상
2014090900100046,2014년 9월 9일 03시,화요일,광주광역시 동구 금남로4가,경상사고,0,0,3,0,차대차 - 측면직각충돌,신호위반,건조,맑음,교차로 - 교차로안,승용,남,68세,경상,승용,남,40세,경상
2014090900100047,2014년 9월 9일 03시,화요일,광주광역시 서구 쌍촌동,중상사고,0,1,0,0,차대사람 - 기타,안전운전불이행,건조,맑음,단일로 - 기타,승용,남,45세,상해없음,보행자,남,24세,중상
2014090900100055,2014년 9월 9일 04시,화요일,광주광역시 북구 두암동,경상사고,0,0,2,0,차대차 - 측면직각충돌,안전운전불이행,건조,기타,기타 - 기타,이륜,남,15세,경상,승용,남,43세,상해없음
2014090900100106,2014년 9월 9일 10시,화요일,광주광역시 서구 유촌동,경상사고,0,0,1,0,차대차 - 기타,안전운전불이행,건조,맑음,교차로 - 교차로부근,승용,남,55세,상해없음,승용,남,33세,경상
2014090900100173,2014년 9월 9일 13시,화요일,광주광역시 서구 화정동,경상사고,0,0,1,0,차대차 - 측면직각충돌,안전거리미확보,건조,맑음,단일로 - 기타,승용,남,55세,상해없음,원동기,남,17세,경상
2014090900100174,2014년 9월 9일 13시,화요일,광주광역시 광산구 지평동,경상사고,0,0,2,0,차대차 - 추돌 - 진행중,안전거리미확보,건조,맑음,단일로 - 기타,승용,남,34세,상해없음,승용,남,54세,상해없음
2014090900100240,2014년 9월 9일 15시,화요일,광주광역시 광산구 복룡동,경상사고,0,0,5,0,차대차 - 기타,안전운전불이행,건조,맑음,단일로 - 기타,승용,남,53세,상해없음,승용,여,48세,경상
2014090900100266,2014년 9월 9일 16시,화요일,광주광역시 북구 동림동,경상사고,0,0,3,0,차대차 - 추돌 - 진행중,안전거리미확보,건조,맑음,단일로 - 기타,승용,남,61세,상해없음,승용,남,70세,경상
2014090900100324,2014년 9월 9일 18시,화요일,광주광역시 서구 풍암동,경상사고,0,0,1,0,차대차 - 추돌 - 진행중,직진우회전진행방해,건조,맑음,교차로 - 교차로안,승용,여,51세,상해없음,원동기,남,16세,경상
2014090900100389,2014년 9월 9일 20시,화요일,광주광역시 북구 용전동,경상사고,0,0,4,0,차대차 - 추돌 - 진행중,안전운전불이행,건조,맑음,교차로 - 교차로안,승용,남,59세,상해없음,승용,남,39세,경상
2014090900100436,2014년 9월 9일 22시,화요일,광주광역시 북구 매곡동,경상사고,0,0,5,0,차대차 - 추돌 - 주정차중,안전운전불이행,건조,맑음,교차로 - 교차로부근,승용,남,43세,상해없음,승용,남,31세,경상
2014090900100454,2014년 9월 9일 23시,화요일,광주광역시 서구 쌍촌동,중상사고,0,1,0,0,차대사람 - 횡단중,안전운전불이행,건조,맑음,단일로 - 기타,승용,남,65세,상해없음,보행자,여,59세,중상
2014091000100048,2014년 9월 10일 04시,수요일,광주광역시 서구 화정동,경상사고,0,0,3,1,차대차 - 측면직각충돌,교차로운행방법위반,건조,맑음,교차로 - 교차로안,승용,남,39세,상해없음,승용,남,46세,경상
2014091000100089,2014년 9월 10일 08시,수요일,광주광역시 서구 동천동,중상사고,0,1,0,0,차대사람 - 횡단중,안전운전불이행,건조,맑음,교차로 - 교차로부근,승용,남,42세,상해없음,보행자,남,7세,중상
2014091000100115,2014년 9월 10일 09시,수요일,광주광역시 남구 구동,중상사고,0,1,15,1,차대차 - 추돌 - 진행중,안전거리미확보,건조,맑음,단일로 - 기타,승합,남,42세,상해없음,승용,남,53세,경상
2014091000100140,2014년 9월 10일 10시,수요일,광주광역시 광산구 월계동,경상사고,0,0,1,0,차량단독 - 기타,안전운전불이행,건조,맑음,단일로 - 기타,승합,남,55세,상해없음,,,,
2014091000100169,2014년 9월 10일 11시,수요일,광주광역시 광산구 장덕동,경상사고,0,0,1,0,차대차 - 측면직각충돌,신호위반,건조,맑음,교차로 - 교차로안,승용,남,32세,상해없음,원동기,남,53세,경상
2014091000100186,2014년 9월 10일 12시,수요일,광주광역시 북구 운암동,중상사고,0,1,0,0,차대차 - 측면직각충돌,안전운전불이행,건조,맑음,교차로 - 교차로안,승용,남,58세,상해없음,이륜,남,19세,중상
2014091000100215,2014년 9월 10일 13시,수요일,광주광역시 남구 주월동,경상사고,0,0,1,0,차대차 - 측면직각충돌,교차로운행방법위반,건조,맑음,교차로 - 교차로안,승용,남,37세,상해없음,승용,남,32세,상해없음
2014091000100255,2014년 9월 10일 14시,수요일,광주광역시 동구 호남동,경상사고,0,0,2,0,차대차 - 측면직각충돌,신호위반,건조,맑음,교차로 - 교차로안,승용,남,58세,상해없음,승용,남,62세,경상
2014091000100256,2014년 9월 10일 14시,수요일,광주광역시 북구 일곡동,경상사고,0,0,2,0,차대차 - 추돌 - 주정차중,안전거리미확보,건조,맑음,단일로 - 기타,승용,여,53세,상해없음,승용,남,59세,경상
2014091000100257,2014년 9월 10일 14시,수요일,광주광역시 북구 운암동,경상사고,0,0,1,0,차대차 - 추돌 - 주정차중,안전운전불이행,건조,맑음,단일로 - 기타,승용,남,50세,상해없음,승용,남,41세,경상
2014091000100258,2014년 9월 10일 14시,수요일,광주광역시 광산구 월계동,중상사고,0,1,0,0,차대차 - 추돌 - 진행중,안전거리미확보,건조,맑음,단일로 - 기타,이륜,남,35세,중상,승용,남,61세,상해없음
2014091000100299,2014년 9월 10일 15시,수요일,광주광역시 북구 일곡동,경상사고,0,0,1,0,차대차 - 기타,안전운전불이행,건조,맑음,단일로 - 기타,승용,여,51세,상해없음,승용,여,58세,경상
2014091000100300,2014년 9월 10일 15시,수요일,광주광역시 북구 두암동,경상사고,0,0,1,0,차대차 - 추돌 - 주정차중,안전거리미확보,건조,맑음,교차로 - 교차로안,승용,남,53세,상해없음,승용,남,58세,상해없음
2014091000100337,2014년 9월 10일 16시,수요일,광주광역시 광산구 산정동,경상사고,0,0,1,0,차대사람 - 기타,안전운전불이행,건조,맑음,단일로 - 기타,승용,남,46세,상해없음,보행자,남,12세,경상
2014091000100338,2014년 9월 10일 16시,수요일,광주광역시 광산구 송정동,경상사고,0,0,1,0,차대차 - 측면직각충돌,교차로운행방법위반,건조,맑음,교차로 - 교차로안,승용,여,48세,상해없음,승용,남,61세,경상
2014091000100374,2014년 9월 10일 17시,수요일,광주광역시 동구 서석동,경상사고,0,0,2,0,차대차 - 기타,안전운전불이행,건조,맑음,단일로 - 기타,승용,남,47세,상해없음,승용,여,50세,경상
2014091000100397,2014년 9월 10일 18시,수요일,광주광역시 남구 봉선동,경상사고,0,0,2,1,차대차 - 측면직각충돌,안전운전불이행,건조,맑음,교차로 - 교차로부근,화물,남,78세,부상신고,승용,남,38세,경상
2014091000100398,2014년 9월 10일 18시,수요일,광주광역시 광산구 우산동,경상사고,0,0,1,0,차대차 - 측면직각충돌,안전운전불이행,건조,맑음,교차로 - 교차로부근,이륜,남,45세,상해없음,자전거,남,39세,경상
2014091000100429,2014년 9월 10일 19시,수요일,광주광역시 서구 쌍촌동,중상사고,0,1,0,0,차대차 - 기타,중앙선침범,건조,맑음,단일로 - 기타,자전거,남,76세,중상,승용,남,41세,상해없음
2014091000100430,2014년 9월 10일 19시,수요일,광주광역시 서구 풍암동,중상사고,0,1,0,0,차대사람 - 횡단중,보행자보호의무위반,건조,맑음,단일로 - 횡단보도상,승용,여,58세,상해없음,보행자,남,70세,중상
2014091000100449,2014년 9월 10일 20시,수요일,광주광역시 동구 서석동,경상사고,0,0,1,0,차량단독 - 기타,안전운전불이행,건조,맑음,교차로 - 교차로안,승합,남,57세,상해없음,,,,
2014091000100501,2014년 9월 10일 22시,수요일,광주광역시 광산구 월전동,경상사고,0,0,1,0,차대차 - 측면직각충돌,신호위반,건조,맑음,교차로 - 교차로안,승용,남,59세,상해없음,승용,여,54세,경상
2014091000100527,2014년 9월 10일 23시,수요일,광주광역시 서구 금호동,중상사고,0,1,0,0,차대차 - 측면직각충돌,교차로운행방법위반,건조,맑음,교차로 - 교차로안,승용,남,19세,상해없음,이륜,남,34세,중상
2014091100100028,2014년 9월 11일 01시,목요일,광주광역시 광산구 신가동,경상사고,0,0,1,0,차대차 - 추돌 - 진행중,안전운전불이행,건조,맑음,교차로 - 교차로부근,화물,남,51세,상해없음,승용,여,52세,경상
2014091100100064,2014년 9월 11일 06시,목요일,광주광역시 서구 풍암동,경상사고,0,0,2,0,차대차 - 기타,안전운전불이행,건조,맑음,교차로 - 교차로안,승용,남,38세,경상,화물,남,23세,경상
2014091100100138,2014년 9월 11일 08시,목요일,광주광역시 북구 운암동,경상사고,0,0,2,0,차대차 - 추돌 - 주정차중,안전거리미확보,건조,맑음,단일로 - 기타,승용,남,59세,경상,승용,남,45세,경상
2014091100100139,2014년 9월 11일 08시,목요일,광주광역시 북구 운암동,경상사고,0,0,1,0,차대차 - 추돌 - 주정차중,안전운전불이행,건조,맑음,교차로 - 교차로안,승용,여,28세,상해없음,승용,여,50세,경상
2014091100100140,2014년 9월 11일 08시,목요일,광주광역시 북구 신안동,부상신고사고,0,0,0,1,차대차 - 추돌 - 진행중,안전운전불이행,건조,맑음,단일로 - 기타,승용,남,73세,상해없음,자전거,남,41세,부상신고
2014091100100141,2014년 9월 11일 08시,목요일,광주광역시 광산구 서봉동,중상사고,0,1,0,0,차대차 - 측면직각충돌,신호위반,건조,맑음,교차로 - 교차로안,승용,남,21세,상해없음,이륜,남,65세,중상
2014091100100181,2014년 9월 11일 09시,목요일,광주광역시 서구 화정동,중상사고,0,1,0,0,차대사람 - 기타,안전운전불이행,건조,기타,교차로 - 교차로부근,승용,남,65세,상해없음,보행자,여,59세,중상
2014091100100182,2014년 9월 11일 09시,목요일,광주광역시 광산구 신촌동,경상사고,0,0,2,0,차대차 - 추돌 - 진행중,안전운전불이행,건조,맑음,단일로 - 기타,승용,여,43세,상해없음,승용,남,54세,경상
2014091100100221,2014년 9월 11일 10시,목요일,광주광역시 북구 임동,경상사고,0,0,2,0,차대차 - 추돌 - 진행중,안전거리미확보,건조,맑음,교차로 - 교차로부근,승용,남,46세,상해없음,승용,남,32세,경상
2014091100100222,2014년 9월 11일 10시,목요일,광주광역시 광산구 송정동,경상사고,0,0,1,0,차대차 - 측면직각충돌,안전운전불이행,건조,맑음,교차로 - 교차로부근,이륜,남,26세,경상,화물,남,45세,상해없음
2014091100100223,2014년 9월 11일 10시,목요일,광주광역시 광산구 장덕동,경상사고,0,0,1,0,차대차 - 기타,안전운전불이행,건조,맑음,기타 - 기타,승용,남,51세,상해없음,승용,남,53세,경상
2014091100100254,2014년 9월 11일 11시,목요일,광주광역시 북구 중흥동,경상사고,0,0,1,0,차대사람 - 길가장자리구역통행중,안전운전불이행,건조,맑음,단일로 - 기타,승용,남,52세,상해없음,보행자,남,52세,경상
2014091100100255,2014년 9월 11일 11시,목요일,광주광역시 북구 양산동,경상사고,0,0,2,0,차대차 - 추돌 - 주정차중,안전운전불이행,건조,맑음,교차로 - 교차로부근,승합,남,46세,상해없음,승용,남,55세,경상
2014091100100301,2014년 9월 11일 13시,목요일,광주광역시 동구 계림동,경상사고,0,0,1,0,차대차 - 측면직각충돌,교차로운행방법위반,건조,맑음,교차로 - 교차로안,이륜,남,69세,경상,승용,남,48세,상해없음
2014091100100302,2014년 9월 11일 13시,목요일,광주광역시 동구 금남로5가,부상신고사고,0,0,0,1,차대차 - 측면직각충돌,중앙선침범,건조,맑음,단일로 - 기타,자전거,남,44세,부상신고,승용,여,32세,상해없음
2014091100100408,2014년 9월 11일 16시,목요일,광주광역시 서구 치평동,중상사고,0,1,2,0,차대차 - 측면직각충돌,직진우회전진행방해,건조,맑음,교차로 - 교차로안,승용,남,24세,경상,승용,남,39세,중상
2014091100100409,2014년 9월 11일 16시,목요일,광주광역시 광산구 도천동,경상사고,0,0,1,0,차대차 - 측면직각충돌,교차로운행방법위반,건조,맑음,교차로 - 교차로안,승용,여,29세,상해없음,자전거,남,55세,경상
2014091100100438,2014년 9월 11일 17시,목요일,광주광역시 남구 월산동,중상사고,0,1,0,0,차대차 - 추돌 - 진행중,안전운전불이행,건조,맑음,교차로 - 교차로부근,승용,남,61세,상해없음,이륜,남,30세,중상
2014091100100439,2014년 9월 11일 17시,목요일,광주광역시 광산구 산정동,경상사고,0,0,1,0,차대차 - 추돌 - 주정차중,안전거리미확보,건조,맑음,교차로 - 교차로부근,승용,남,59세,상해없음,승용,여,27세,경상
2014091100100466,2014년 9월 11일 18시,목요일,광주광역시 서구 치평동,경상사고,0,0,1,0,차대차 - 측면직각충돌,차로위반,건조,맑음,단일로 - 기타,승용,여,56세,상해없음,승용,남,30세,경상
2014091100100533,2014년 9월 11일 20시,목요일,광주광역시 서구 쌍촌동,중상사고,0,1,0,0,차대차 - 측면직각충돌,안전운전불이행,건조,맑음,교차로 - 교차로안,승용,남,35세,상해없음,원동기,남,26세,중상
2014091100100534,2014년 9월 11일 20시,목요일,광주광역시 서구 광천동,경상사고,0,0,5,0,차대차 - 추돌 - 주정차중,안전거리미확보,건조,맑음,단일로 - 기타,승용,여,48세,상해없음,승용,여,47세,경상
2014091100100565,2014년 9월 11일 21시,목요일,광주광역시 남구 방림동,경상사고,0,0,1,0,차대사람 - 기타,안전운전불이행,건조,맑음,단일로 - 기타,승용,남,39세,상해없음,보행자,남,52세,경상
2014091100100595,2014년 9월 11일 22시,목요일,광주광역시 북구 각화동,경상사고,0,0,1,0,차대사람 - 차도통행중,안전운전불이행,건조,맑음,단일로 - 기타,승용,남,43세,상해없음,보행자,남,30세,경상
2014091200100012,2014년 9월 12일 00시,금요일,광주광역시 광산구 신창동,경상사고,0,0,3,1,차대차 - 측면직각충돌,신호위반,습기,비,교차로 - 교차로안,승용,남,22세,부상신고,승용,남,52세,경상
2014091200100021,2014년 9월 12일 01시,금요일,광주광역시 서구 농성동,경상사고,0,0,1,0,차대차 - 측면직각충돌,교차로운행방법위반,건조,맑음,교차로 - 교차로안,승용,남,54세,상해없음,승용,남,34세,경상
2014091200100061,2014년 9월 12일 05시,금요일,광주광역시 남구 주월동,중상사고,0,1,0,0,차대사람 - 횡단중,안전운전불이행,건조,맑음,교차로 - 교차로안,승용,여,55세,상해없음,보행자,여,60세,중상
2014091200100095,2014년 9월 12일 07시,금요일,광주광역시 서구 쌍촌동,중상사고,0,1,6,0,차대차 - 측면직각충돌,안전거리미확보,건조,맑음,단일로 - 기타,화물,남,29세,상해없음,승합,남,36세,경상
2014091200100133,2014년 9월 12일 08시,금요일,광주광역시 북구 동림동,경상사고,0,0,2,0,차대차 - 추돌 - 진행중,안전거리미확보,건조,맑음,교차로 - 교차로안,승용,남,53세,상해없음,승용,여,45세,경상
2014091200100183,2014년 9월 12일 10시,금요일,광주광역시 동구 불로동,경상사고,0,0,1,0,차대차 - 측면직각충돌,불법유턴,건조,맑음,교차로 - 교차로부근,자전거,남,65세,경상,승용,남,30세,상해없음
2014091200100184,2014년 9월 12일 10시,금요일,광주광역시 동구 금동,경상사고,0,0,2,0,차대차 - 기타,안전운전불이행,건조,맑음,교차로 - 교차로안,화물,남,66세,상해없음,승용,남,51세,상해없음
2014091200100219,2014년 9월 12일 11시,금요일,광주광역시 서구 농성동,경상사고,0,0,2,0,차대차 - 추돌 - 진행중,안전운전불이행,건조,맑음,단일로 - 기타,승용,남,34세,상해없음,승용,남,42세,경상
2014091200100360,2014년 9월 12일 16시,금요일,광주광역시 서구 화정동,중상사고,0,1,0,0,차대사람 - 횡단중,안전운전불이행,습기,흐림,교차로 - 교차로안,승용,남,55세,상해없음,보행자,남,79세,중상
2014091200100362,2014년 9월 12일 16시,금요일,광주광역시 북구 문흥동,경상사고,0,0,1,0,차대차 - 정면충돌,중앙선침범,건조,맑음,단일로 - 기타,승용,남,44세,상해없음,승용,남,66세,경상
2014091200100396,2014년 9월 12일 17시,금요일,광주광역시 동구 금동,경상사고,0,0,1,0,차대차 - 기타,안전운전불이행,건조,맑음,교차로 - 교차로안,화물,남,24세,상해없음,자전거,남,69세,경상
2014091200100397,2014년 9월 12일 17시,금요일,광주광역시 남구 지석동,중상사고,0,1,0,0,차대차 - 추돌 - 진행중,안전운전불이행,건조,맑음,단일로 - 기타,승용,여,64세,상해없음,자전거,남,78세,중상
2014091200100398,2014년 9월 12일 17시,금요일,광주광역시 광산구 수완동,경상사고,0,0,3,0,차대차 - 측면직각충돌,안전운전불이행,건조,맑음,교차로 - 교차로부근,승용,남,48세,상해없음,승용,여,29세,경상
2014091200100430,2014년 9월 12일 18시,금요일,광주광역시 광산구 월계동,경상사고,0,0,1,0,차대차 - 기타,안전거리미확보,건조,맑음,교차로 - 교차로부근,승용,남,56세,상해없음,원동기,남,20세,경상
2014091200100474,2014년 9월 12일 19시,금요일,광주광역시 서구 벽진동,중상사고,0,2,5,0,차대차 - 추돌 - 주정차중,안전운전불이행,건조,맑음,교차로 - 교차로부근,화물,남,55세,상해없음,승용,남,46세,경상
2014091200100475,2014년 9월 12일 19시,금요일,광주광역시 광산구 산정동,사망사고,1,1,0,0,차대차 - 추돌 - 진행중,안전운전불이행,건조,맑음,교차로 - 교차로안,승용,여,51세,중상,승용,남,68세,기타불명
2014091200100476,2014년 9월 12일 19시,금요일,광주광역시 광산구 월계동,경상사고,0,0,2,0,차대사람 - 횡단중,신호위반,건조,맑음,교차로 - 교차로안,화물,남,25세,상해없음,보행자,여,30세,경상
2014091200100477,2014년 9월 12일 19시,금요일,광주광역시 광산구 월계동,경상사고,0,0,1,0,차대차 - 추돌 - 진행중,교차로운행방법위반,건조,흐림,교차로 - 교차로안,승용,남,45세,상해없음,화물,남,29세,경상
2014091200100478,2014년 9월 12일 19시,금요일,광주광역시 광산구 수완동,중상사고,0,1,0,0,차대차 - 측면직각충돌,교차로운행방법위반,건조,맑음,교차로 - 교차로안,화물,남,56세,상해없음,이륜,여,45세,중상
2014091200100564,2014년 9월 12일 21시,금요일,광주광역시 북구 신안동,경상사고,0,0,1,0,차대차 - 추돌 - 진행중,안전운전불이행,건조,맑음,교차로 - 교차로안,승용,여,45세,상해없음,승용,여,47세,경상
2014091200100588,2014년 9월 12일 22시,금요일,광주광역시 서구 치평동,경상사고,0,0,4,0,차대차 - 측면직각충돌,중앙선침범,건조,맑음,단일로 - 기타,승용,여,24세,상해없음,승용,남,45세,경상
2014091200100589,2014년 9월 12일 22시,금요일,광주광역시 서구 농성동,경상사고,0,0,1,0,차대사람 - 기타,안전운전불이행,건조,맑음,단일로 - 기타,자전거,남,29세,기타불명,보행자,남,18세,경상
2014091200100608,2014년 9월 12일 23시,금요일,광주광역시 광산구 장덕동,경상사고,0,0,1,0,차대차 - 측면직각충돌,안전운전불이행,건조,맑음,교차로 - 교차로부근,승용,남,38세,상해없음,자전거,남,15세,경상
2014091300100022,2014년 9월 13일 00시,토요일,광주광역시 서구 마륵동,경상사고,0,0,3,0,차대차 - 측면직각충돌,신호위반,건조,맑음,교차로 - 교차로안,승용,여,47세,상해없음,승용,여,56세,경상
2014091300100041,2014년 9월 13일 01시,토요일,광주광역시 서구 쌍촌동,경상사고,0,0,1,0,차대차 - 측면직각충돌,신호위반,건조,맑음,교차로 - 교차로안,승용,남,20세,상해없음,승용,남,46세,경상
2014091300100053,2014년 9월 13일 02시,토요일,광주광역시 서구 풍암동,중상사고,0,1,0,0,차대사람 - 횡단중,보행자보호의무위반,건조,맑음,단일로 - 횡단보도상,승용,여,28세,상해없음,보행자,남,43세,중상
2014091300100095,2014년 9월 13일 06시,토요일,광주광역시 광산구 수완동,경상사고,0,0,1,0,차대차 - 측면직각충돌,신호위반,건조,맑음,교차로 - 교차로안,승용,남,39세,상해없음,승용,남,32세,경상
2014091300100121,2014년 9월 13일 07시,토요일,광주광역시 광산구 옥동,사망사고,1,0,0,0,차대차 - 측면직각충돌,교차로운행방법위반,건조,맑음,교차로 - 교차로안,화물,남,49세,상해없음,이륜,남,39세,사망
2014091300100213,2014년 9월 13일 10시,토요일,광주광역시 동구 소태동,경상사고,0,0,2,0,차대차 - 측면직각충돌,신호위반,건조,맑음,교차로 - 교차로안,이륜,남,57세,경상,승용,여,31세,경상
2014091300100214,2014년 9월 13일 10시,토요일,광주광역시 남구 백운동,중상사고,0,1,0,0,차대사람 - 기타,안전운전불이행,건조,맑음,단일로 - 기타,승용,여,46세,상해없음,보행자,남,46세,중상
2014091300100236,2014년 9월 13일 11시,토요일,광주광역시 남구 주월동,경상사고,0,0,1,0,차대차 - 측면직각충돌,교차로운행방법위반,건조,맑음,교차로 - 교차로안,승용,남,46세,상해없음,승용,남,36세,경상
2014091300100260,2014년 9월 13일 12시,토요일,광주광역시 서구 유촌동,경상사고,0,0,1,0,차대차 - 추돌 - 주정차중,안전운전불이행,건조,맑음,단일로 - 기타,승용,남,54세,상해없음,승용,남,27세,경상
2014091300100261,2014년 9월 13일 12시,토요일,광주광역시 북구 중흥동,경상사고,0,0,1,0,차대사람 - 횡단중,안전운전불이행,건조,맑음,단일로 - 기타,승용,여,51세,상해없음,보행자,여,55세,경상
2014091300100403,2014년 9월 13일 16시,토요일,광주광역시 광산구 소촌동,경상사고,0,0,1,0,차대차 - 기타,교차로운행방법위반,건조,맑음,교차로 - 교차로안,승용,남,48세,상해없음,승용,남,44세,경상
2014091300100439,2014년 9월 13일 17시,토요일,광주광역시 남구 화장동,중상사고,0,1,0,0,차대차 - 기타,안전운전불이행,건조,맑음,교차로 - 교차로안,승용,남,30세,상해없음,자전거,남,39세,중상
2014091300100440,2014년 9월 13일 17시,토요일,광주광역시 광산구 소촌동,경상사고,0,0,3,1,차대차 - 기타,교차로운행방법위반,건조,맑음,교차로 - 교차로부근,승용,여,54세,부상신고,승용,남,72세,경상
2014091300100441,2014년 9월 13일 17시,토요일,광주광역시 광산구 신가동,경상사고,0,0,5,0,차대차 - 측면직각충돌,교차로운행방법위반,건조,맑음,교차로 - 교차로부근,승용,남,49세,상해없음,승용,남,29세,경상
2014091300100442,2014년 9월 13일 17시,토요일,광주광역시 광산구 신창동,경상사고,0,0,1,0,차대사람 - 기타,안전운전불이행,건조,맑음,단일로 - 기타,승용,여,53세,상해없음,보행자,여,32세,경상