사고번호,사고일시,요일,시군구,사고내용,사망자수,중상자수,경상자수,부상신고자수,사고유형,법규위반,노면상태,기상상태,도로형태,가해운전자 차종,가해운전자 성별,가해운전자 연령,가해운전자 상해정도,피해운전자 차종,피해운전자 성별,피해운전자 연령,피해운전자 상해정도
2014092000100656,2014년 9월 20일 20시,토요일,광주광역시 동구 계림동,중상사고,0,1,0,0,차대사람 - 기타,안전운전불이행,건조,맑음,단일로 - 기타,승용,남,25세,상해없음,보행자,남,53세,중상
2014092000100657,2014년 9월 20일 20시,토요일,광주광역시 북구 매곡동,경상사고,0,0,1,0,차대차 - 기타,중앙선침범,건조,맑음,단일로 - 기타,이륜,남,16세,경상,승용,여,41세,상해없음
2014092000100658,2014년 9월 20일 20시,토요일,광주광역시 북구 오룡동,경상사고,0,0,1,0,차대차 - 추돌 - 진행중,안전운전불이행,건조,맑음,교차로 - 교차로안,승용,기타불명,기타불명,기타불명,이륜,남,17세,경상
2014092000100694,2014년 9월 20일 21시,토요일,광주광역시 남구 봉선동,경상사고,0,0,1,0,차대차 - 측면직각충돌,직진우회전진행방해,건조,맑음,단일로 - 기타,승용,여,52세,상해없음,이륜,남,57세,경상
2014092000100727,2014년 9월 20일 22시,토요일,광주광역시 서구 쌍촌동,경상사고,0,0,1,0,차대사람 - 보도통행중,안전운전불이행,건조,맑음,단일로 - 기타,승용,남,28세,기타불명,보행자,여,19세,경상
2014092000100728,2014년 9월 20일 22시,토요일,광주광역시 서구 치평동,중상사고,0,1,0,0,차대차 - 측면직각충돌,안전운전불이행,건조,맑음,단일로 - 기타,화물,남,31세,상해없음,이륜,남,17세,중상
2014092100100054,2014년 9월 21일 02시,일요일,광주광역시 동구 불로동,경상사고,0,0,4,0,차대차 - 추돌 - 주정차중,안전운전불이행,건조,맑음,단일로 - 기타,승용,남,28세,상해없음,승용,남,31세,경상
2014092100100104,2014년 9월 21일 06시,일요일,광주광역시 남구 월산동,경상사고,0,0,1,0,차대사람 - 기타,안전운전불이행,건조,맑음,단일로 - 기타,승용,여,45세,기타불명,보행자,남,37세,경상
2014092100100105,2014년 9월 21일 06시,일요일,광주광역시 서구 농성동,중상사고,0,1,0,0,차량단독 - 기타,안전운전불이행,건조,맑음,단일로 - 기타,승합,남,53세,상해없음,,,,
2014092100100139,2014년 9월 21일 08시,일요일,광주광역시 북구 운암동,경상사고,0,0,2,0,차대차 - 측면직각충돌,안전운전불이행,건조,맑음,교차로 - 교차로안,승용,여,56세,상해없음,승용,남,57세,경상
2014092100100140,2014년 9월 21일 08시,일요일,광주광역시 광산구 신창동,경상사고,0,0,1,0,차대차 - 측면직각충돌,신호위반,건조,맑음,교차로 - 교차로안,승용,여,46세,상해없음,승용,남,44세,경상
2014092100100154,2014년 9월 21일 09시,일요일,광주광역시 광산구 수완동,중상사고,0,1,0,0,차대차 - 측면직각충돌,신호위반,건조,맑음,교차로 - 교차로안,원동기,남,49세,중상,승용,남,62세,상해없음
2014092100100201,2014년 9월 21일 11시,일요일,광주광역시 남구 양림동,경상사고,0,0,3,0,차대차 - 측면직각충돌,안전운전불이행,건조,맑음,교차로 - 교차로부근,이륜,남,25세,경상,승용,남,68세,경상
2014092100100214,2014년 9월 21일 12시,일요일,광주광역시 서구 치평동,경상사고,0,0,2,0,차대차 - 측면직각충돌,교차로운행방법위반,건조,맑음,교차로 - 교차로안,승용,남,63세,상해없음,승용,여,32세,경상
2014092100100215,2014년 9월 21일 12시,일요일,광주광역시 북구 신용동,경상사고,0,0,2,0,차대차 - 측면직각충돌,신호위반,건조,맑음,교차로 - 교차로안,승용,여,32세,경상,승용,남,30세,경상
2014092100100249,2014년 9월 21일 13시,일요일,광주광역시 서구 쌍촌동,경상사고,0,0,4,0,차대차 - 측면직각충돌,직진우회전진행방해,건조,맑음,교차로 - 교차로안,승용,여,36세,경상,승용,남,32세,경상
2014092100100250,2014년 9월 21일 13시,일요일,광주광역시 서구 치평동,경상사고,0,0,1,0,차대차 - 측면직각충돌,신호위반,건조,맑음,교차로 - 교차로안,승용,남,44세,상해없음,승용,여,53세,경상
2014092100100327,2014년 9월 21일 15시,일요일,광주광역시 광산구 신창동,경상사고,0,0,3,0,차대차 - 측면직각충돌,중앙선침범,건조,맑음,교차로 - 교차로부근,승용,남,20세,상해없음,승용,남,41세,경상
2014092100100356,2014년 9월 21일 16시,일요일,광주광역시 남구 방림동,경상사고,0,0,2,0,차대차 - 추돌 - 진행중,안전운전불이행,건조,맑음,교차로 - 교차로부근,승용,남,72세,상해없음,승용,여,53세,경상
2014092100100357,2014년 9월 21일 16시,일요일,광주광역시 남구 방림동,중상사고,0,1,0,0,차대사람 - 기타,보행자보호의무위반,건조,맑음,단일로 - 횡단보도상,승용,여,56세,상해없음,보행자,여,21세,중상
2014092100100385,2014년 9월 21일 17시,일요일,광주광역시 광산구 서봉동,경상사고,0,0,3,0,차대차 - 추돌 - 주정차중,안전거리미확보,건조,맑음,단일로 - 기타,화물,남,47세,상해없음,승용,여,48세,경상
2014092100100409,2014년 9월 21일 18시,일요일,광주광역시 북구 운암동,경상사고,0,0,2,0,차대차 - 측면직각충돌,교차로운행방법위반,건조,맑음,교차로 - 교차로안,이륜,남,17세,경상,이륜,남,17세,경상
2014092100100410,2014년 9월 21일 18시,일요일,광주광역시 북구 신안동,중상사고,0,1,0,0,차대차 - 측면직각충돌,안전운전불이행,건조,맑음,단일로 - 기타,승용,남,24세,상해없음,이륜,남,16세,중상
2014092100100411,2014년 9월 21일 18시,일요일,광주광역시 북구 우산동,중상사고,0,1,0,0,차대사람 - 길가장자리구역통행중,안전운전불이행,건조,맑음,단일로 - 기타,승용,남,31세,상해없음,보행자,여,84세,중상
2014092100100412,2014년 9월 21일 18시,일요일,광주광역시 북구 우산동,경상사고,0,0,2,0,차대차 - 추돌 - 진행중,안전운전불이행,건조,맑음,단일로 - 기타,승용,여,54세,상해없음,승용,여,37세,경상
2014092100100413,2014년 9월 21일 18시,일요일,광주광역시 북구 오치동,경상사고,0,0,1,0,차대사람 - 횡단중,보행자보호의무위반,건조,맑음,단일로 - 횡단보도상,원동기,남,16세,상해없음,보행자,남,56세,경상
2014092100100453,2014년 9월 21일 19시,일요일,광주광역시 북구 신안동,경상사고,0,0,3,0,차대차 - 측면직각충돌,안전운전불이행,건조,맑음,교차로 - 교차로안,승용,남,34세,경상,승용,남,51세,경상
2014092100100495,2014년 9월 21일 20시,일요일,광주광역시 서구 풍암동,중상사고,0,1,3,0,차대차 - 측면직각충돌,교차로운행방법위반,건조,맑음,교차로 - 교차로안,승용,여,34세,경상,승합,남,52세,경상
2014092100100496,2014년 9월 21일 20시,일요일,광주광역시 광산구 도산동,경상사고,0,0,1,0,차대차 - 측면직각충돌,불법유턴,건조,맑음,교차로 - 교차로안,자전거,남,71세,경상,승용,남,28세,상해없음
2014092100100544,2014년 9월 21일 22시,일요일,광주광역시 북구 중흥동,중상사고,0,1,2,0,차대차 - 측면직각충돌,중앙선침범,건조,맑음,단일로 - 기타,승용,남,24세,상해없음,승용,남,28세,경상
2014092100100574,2014년 9월 21일 23시,일요일,광주광역시 북구 두암동,경상사고,0,0,1,0,차대사람 - 횡단중,신호위반,건조,맑음,단일로 - 횡단보도상,승용,남,31세,상해없음,보행자,남,50세,경상
2014092200100011,2014년 9월 22일 00시,월요일,광주광역시 동구 산수동,경상사고,0,0,1,0,차대차 - 기타,안전운전불이행,건조,맑음,기타 - 기타,승용,남,36세,상해없음,승용,남,38세,상해없음
2014092200100012,2014년 9월 22일 00시,월요일,광주광역시 남구 백운동,경상사고,0,0,3,0,차대차 - 측면직각충돌,신호위반,건조,맑음,교차로 - 교차로안,화물,남,60세,상해없음,승용,남,56세,경상
2014092200100017,2014년 9월 22일 02시,월요일,광주광역시 북구 오치동,중상사고,0,1,0,0,차대차 - 측면직각충돌,중앙선침범,건조,맑음,단일로 - 기타,승용,남,22세,상해없음,승용,남,47세,중상
2014092200100040,2014년 9월 22일 05시,월요일,광주광역시 동구 월남동,경상사고,0,0,2,0,차대차 - 추돌 - 진행중,안전거리미확보,건조,맑음,기타 - 기타,승용,여,61세,상해없음,화물,남,52세,경상
2014092200100051,2014년 9월 22일 06시,월요일,광주광역시 북구 운암동,경상사고,0,0,1,0,차대사람 - 횡단중,신호위반,건조,맑음,단일로 - 횡단보도상,승용,여,44세,상해없음,보행자,여,21세,경상
2014092200100128,2014년 9월 22일 08시,월요일,광주광역시 광산구 송정동,중상사고,0,1,0,0,차대사람 - 기타,안전운전불이행,건조,맑음,기타 - 기타,승용,여,21세,기타불명,보행자,남,78세,중상
2014092200100198,2014년 9월 22일 10시,월요일,광주광역시 북구 용봉동,경상사고,0,0,1,0,차대사람 - 횡단중,보행자보호의무위반,건조,맑음,단일로 - 횡단보도상,승용,여,42세,상해없음,보행자,남,75세,경상
2014092200100227,2014년 9월 22일 11시,월요일,광주광역시 동구 지산동,중상사고,0,1,0,0,차대차 - 측면직각충돌,교차로운행방법위반,건조,맑음,교차로 - 교차로안,이륜,남,74세,중상,승용,남,63세,상해없음
2014092200100228,2014년 9월 22일 11시,월요일,광주광역시 서구 농성동,중상사고,0,1,0,0,차대사람 - 횡단중,안전운전불이행,건조,맑음,교차로 - 교차로부근,승용,여,56세,상해없음,보행자,여,63세,중상
2014092200100260,2014년 9월 22일 12시,월요일,광주광역시 서구 동천동,경상사고,0,0,2,0,차대차 - 측면직각충돌,교차로운행방법위반,건조,맑음,교차로 - 교차로안,승용,남,37세,경상,승용,남,53세,경상
2014092200100261,2014년 9월 22일 12시,월요일,광주광역시 서구 쌍촌동,경상사고,0,0,3,0,차대차 - 추돌 - 진행중,안전거리미확보,건조,맑음,단일로 - 기타,승용,남,56세,상해없음,승용,남,30세,경상
2014092200100297,2014년 9월 22일 13시,월요일,광주광역시 북구 신안동,경상사고,0,0,2,0,차대차 - 측면직각충돌,교차로운행방법위반,건조,맑음,교차로 - 교차로안,승용,여,26세,경상,승용,남,64세,경상
2014092200100370,2014년 9월 22일 15시,월요일,광주광역시 북구 운암동,중상사고,0,1,1,0,차대사람 - 횡단중,안전운전불이행,건조,맑음,단일로 - 기타,승용,남,46세,상해없음,보행자,여,52세,중상
2014092200100411,2014년 9월 22일 16시,월요일,광주광역시 북구 신안동,경상사고,0,0,2,0,차대차 - 측면직각충돌,안전운전불이행,건조,맑음,단일로 - 기타,승용,남,72세,상해없음,승용,남,34세,경상
2014092200100448,2014년 9월 22일 17시,월요일,광주광역시 서구 풍암동,경상사고,0,0,1,0,차대차 - 추돌 - 진행중,안전운전불이행,건조,맑음,단일로 - 기타,승용,남,35세,상해없음,이륜,남,30세,경상
2014092200100449,2014년 9월 22일 17시,월요일,광주광역시 북구 동림동,경상사고,0,0,1,0,차대차 - 측면직각충돌,안전운전불이행,건조,맑음,교차로 - 교차로안,승합,남,46세,상해없음,자전거,남,16세,경상
2014092200100450,2014년 9월 22일 17시,월요일,광주광역시 북구 신용동,경상사고,0,0,1,0,차대차 - 추돌 - 진행중,안전운전불이행,건조,맑음,단일로 - 기타,승용,남,66세,상해없음,승합,남,27세,경상
2014092200100451,2014년 9월 22일 17시,월요일,광주광역시 광산구 도산동,경상사고,0,0,1,0,차대사람 - 차도통행중,안전운전불이행,건조,맑음,단일로 - 기타,승용,남,85세,상해없음,보행자,남,46세,경상
2014092200100500,2014년 9월 22일 18시,월요일,광주광역시 동구 산수동,중상사고,0,1,0,0,차대차 - 측면직각충돌,중앙선침범,건조,맑음,단일로 - 기타,자전거,남,72세,중상,승합,남,61세,상해없음
2014092200100501,2014년 9월 22일 18시,월요일,광주광역시 광산구 수완동,경상사고,0,0,1,0,차대차 - 기타,안전운전불이행,건조,맑음,교차로 - 교차로안,승용,남,24세,기타불명,승용,여,28세,경상
2014092200100540,2014년 9월 22일 19시,월요일,광주광역시 서구 풍암동,경상사고,0,0,1,0,차대차 - 측면직각충돌,교차로운행방법위반,건조,맑음,교차로 - 교차로안,승용,여,55세,상해없음,승용,여,53세,경상
2014092200100541,2014년 9월 22일 19시,월요일,광주광역시 광산구 도산동,경상사고,0,0,1,0,차대차 - 측면직각충돌,신호위반,건조,맑음,교차로 - 교차로부근,원동기,남,16세,경상,승용,여,55세,상해없음
2014092200100572,2014년 9월 22일 20시,월요일,광주광역시 북구 두암동,중상사고,0,1,0,0,차대사람 - 횡단중,안전운전불이행,건조,맑음,단일로 - 기타,승용,남,48세,상해없음,보행자,남,55세,중상
2014092200100573,2014년 9월 22일 20시,월요일,광주광역시 북구 동림동,중상사고,0,1,0,0,차대사람 - 보도통행중,안전운전불이행,건조,맑음,기타 - 기타,승용,여,41세,상해없음,보행자,남,61세,중상
2014092200100592,2014년 9월 22일 21시,월요일,광주광역시 서구 풍암동,경상사고,0,0,1,0,차량단독 - 기타,안전운전불이행,건조,맑음,단일로 - 기타,승용,남,43세,상해없음,,,,
2014092200100593,2014년 9월 22일 21시,월요일,광주광역시 광산구 도천동,경상사고,0,0,2,0,차대차 - 추돌 - 주정차중,안전운전불이행,건조,맑음,교차로 - 교차로부근,승용,남,49세,상해없음,승용,남,30세,경상
2014092200100622,2014년 9월 22일 22시,월요일,광주광역시 서구 쌍촌동,경상사고,0,0,1,0,차대차 - 추돌 - 주정차중,안전운전불이행,건조,맑음,교차로 - 교차로부근,승용,남,51세,상해없음,승용,남,22세,경상
2014092200100648,2014년 9월 22일 23시,월요일,광주광역시 서구 화정동,중상사고,0,1,0,0,차대차 - 기타,안전운전불이행,건조,맑음,교차로 - 교차로안,승용,남,53세,상해없음,이륜,남,34세,중상
2014092300100041,2014년 9월 23일 01시,화요일,광주광역시 남구 방림동,중상사고,0,3,3,1,차대차 - 측면직각충돌,신호위반,건조,맑음,교차로 - 교차로안,승합,남,21세,상해없음,승용,남,43세,경상
2014092300100125,2014년 9월 23일 07시,화요일,광주광역시 동구 동명동,경상사고,0,0,1,0,차대사람 - 길가장자리구역통행중,안전운전불이행,건조,맑음,단일로 - 기타,승용,남,51세,상해없음,보행자,여,22세,경상
2014092300100126,2014년 9월 23일 07시,화요일,광주광역시 남구 백운동,경상사고,0,0,1,0,차대차 - 기타,안전거리미확보,건조,맑음,단일로 - 기타,승용,여,46세,상해없음,승용,여,55세,경상
2014092300100167,2014년 9월 23일 08시,화요일,광주광역시 서구 유촌동,경상사고,0,0,4,0,차대차 - 기타,차로위반,건조,맑음,단일로 - 기타,승용,여,34세,상해없음,승용,남,45세,경상
2014092300100168,2014년 9월 23일 08시,화요일,광주광역시 남구 월산동,중상사고,0,1,0,0,차대사람 - 횡단중,신호위반,건조,맑음,단일로 - 기타,승용,여,29세,상해없음,보행자,여,27세,중상
2014092300100169,2014년 9월 23일 08시,화요일,광주광역시 북구 효령동,중상사고,0,1,0,0,차대차 - 측면직각충돌,교차로운행방법위반,건조,맑음,단일로 - 기타,승용,남,25세,상해없음,승용,여,44세,중상
2014092300100198,2014년 9월 23일 09시,화요일,광주광역시 남구 방림동,경상사고,0,0,1,0,차대차 - 추돌 - 주정차중,안전거리미확보,습기,흐림,단일로 - 기타,화물,남,41세,상해없음,승용,남,46세,상해없음
2014092300100235,2014년 9월 23일 10시,화요일,광주광역시 서구 쌍촌동,경상사고,0,0,3,0,차대차 - 추돌 - 주정차중,안전운전불이행,건조,맑음,교차로 - 교차로부근,승용,여,44세,상해없음,승용,여,47세,경상
2014092300100257,2014년 9월 23일 11시,화요일,광주광역시 남구 월산동,중상사고,0,1,0,0,차대사람 - 횡단중,안전운전불이행,건조,맑음,단일로 - 기타,이륜,남,49세,상해없음,보행자,여,80세,중상
2014092300100289,2014년 9월 23일 12시,화요일,광주광역시 광산구 소촌동,경상사고,0,0,2,0,차대차 - 추돌 - 주정차중,안전거리미확보,건조,맑음,교차로 - 교차로부근,승용,남,65세,상해없음,승용,남,31세,경상
2014092300100359,2014년 9월 23일 14시,화요일,광주광역시 남구 노대동,경상사고,0,0,3,0,차대차 - 기타,교차로운행방법위반,건조,맑음,교차로 - 교차로안,승용,남,77세,경상,승용,남,31세,경상
2014092300100360,2014년 9월 23일 14시,화요일,광주광역시 북구 지야동,경상사고,0,0,1,0,차대차 - 측면직각충돌,안전거리미확보,건조,맑음,단일로 - 기타,화물,남,48세,상해없음,승용,여,37세,경상
2014092300100423,2014년 9월 23일 16시,화요일,광주광역시 서구 동천동,경상사고,0,0,1,0,차대차 - 기타,안전운전불이행,건조,맑음,교차로 - 교차로안,화물,남,51세,상해없음,승용,여,55세,경상
2014092300100424,2014년 9월 23일 16시,화요일,광주광역시 남구 백운동,경상사고,0,0,1,0,차량단독 - 기타,안전운전불이행,건조,맑음,단일로 - 기타,승합,남,45세,상해없음,,,,
2014092300100463,2014년 9월 23일 17시,화요일,광주광역시 광산구 쌍암동,경상사고,0,0,1,0,차대차 - 측면직각충돌,안전운전불이행,건조,맑음,기타 - 기타,승용,여,62세,상해없음,승용,남,46세,경상
2014092300100515,2014년 9월 23일 18시,화요일,광주광역시 남구 양림동,중상사고,0,1,0,0,차대차 - 기타,교차로운행방법위반,건조,맑음,교차로 - 교차로안,승용,남,61세,상해없음,원동기,남,18세,중상
2014092300100569,2014년 9월 23일 19시,화요일,광주광역시 서구 매월동,경상사고,0,0,1,0,차대사람 - 횡단중,보행자보호의무위반,습기,비,교차로 - 교차로부근,승용,남,48세,상해없음,보행자,남,35세,경상
2014092300100570,2014년 9월 23일 19시,화요일,광주광역시 서구 금호동,경상사고,0,0,1,0,차대사람 - 기타,안전운전불이행,건조,맑음,단일로 - 기타,이륜,남,38세,상해없음,보행자,여,7세,경상
2014092300100571,2014년 9월 23일 19시,화요일,광주광역시 서구 양동,중상사고,0,1,0,0,차대사람 - 기타,안전운전불이행,습기,비,단일로 - 기타,승용,남,64세,상해없음,보행자,여,73세,중상
2014092300100572,2014년 9월 23일 19시,화요일,광주광역시 북구 운암동,경상사고,0,0,1,0,차대사람 - 횡단중,보행자보호의무위반,습기,비,단일로 - 횡단보도상,승용,남,51세,상해없음,보행자,남,14세,경상
2014092300100573,2014년 9월 23일 19시,화요일,광주광역시 북구 동림동,경상사고,0,0,2,0,차대차 - 측면직각충돌,신호위반,습기,비,교차로 - 교차로안,승용,여,24세,기타불명,승용,여,32세,경상
2014092300100574,2014년 9월 23일 19시,화요일,광주광역시 북구 신안동,중상사고,0,1,0,0,차대사람 - 기타,안전운전불이행,습기,비,단일로 - 기타,승용,여,33세,상해없음,보행자,남,28세,중상
2014092300100575,2014년 9월 23일 19시,화요일,광주광역시 북구 본촌동,경상사고,0,0,1,0,차대사람 - 보도통행중,보행자보호의무위반,습기,비,단일로 - 횡단보도상,승용,남,40세,기타불명,보행자,남,10세,경상
2014092300100576,2014년 9월 23일 19시,화요일,광주광역시 광산구 월계동,경상사고,0,0,1,0,차대사람 - 횡단중,신호위반,건조,맑음,단일로 - 횡단보도상,기타불명,기타불명,기타불명,기타불명,보행자,여,8세,경상
2014092300100577,2014년 9월 23일 19시,화요일,광주광역시 광산구 하남동,경상사고,0,0,2,0,차대차 - 측면직각충돌,신호위반,습기,비,교차로 - 교차로안,승용,남,41세,상해없음,승용,여,36세,경상
2014092300100614,2014년 9월 23일 20시,화요일,광주광역시 북구 삼각동,경상사고,0,0,1,0,차대차 - 추돌 - 진행중,신호위반,습기,비,교차로 - 교차로안,승합,남,46세,상해없음,승용,남,48세,상해없음
2014092300100615,2014년 9월 23일 20시,화요일,광주광역시 북구 일곡동,경상사고,0,0,2,0,차대차 - 추돌 - 주정차중,안전운전불이행,습기,비,교차로 - 교차로부근,승용,남,48세,상해없음,승용,남,43세,경상
2014092300100668,2014년 9월 23일 21시,화요일,광주광역시 서구 쌍촌동,경상사고,0,0,1,0,차대차 - 측면직각충돌,교차로운행방법위반,습기,비,교차로 - 교차로안,승용,기타불명,기타불명,기타불명,승용,남,48세,경상
2014092300100669,2014년 9월 23일 21시,화요일,광주광역시 북구 문흥동,부상신고사고,0,0,0,1,차대차 - 측면직각충돌,신호위반,습기,비,교차로 - 교차로부근,원동기,남,16세,부상신고,승용,남,34세,상해없음
2014092300100718,2014년 9월 23일 22시,화요일,광주광역시 동구 계림동,경상사고,0,0,1,0,차대사람 - 횡단중,신호위반,습기,비,교차로 - 교차로안,승용,남,76세,기타불명,보행자,여,20세,경상
2014092300100719,2014년 9월 23일 22시,화요일,광주광역시 남구 진월동,경상사고,0,0,1,0,차대차 - 기타,신호위반,습기,비,교차로 - 교차로안,승용,여,48세,상해없음,승용,여,49세,경상
2014092300100720,2014년 9월 23일 22시,화요일,광주광역시 남구 진월동,중상사고,0,1,0,0,차대차 - 기타,안전운전불이행,습기,비,단일로 - 기타,이륜,남,19세,중상,승합,남,55세,상해없음
2014092300100721,2014년 9월 23일 22시,화요일,광주광역시 북구 문흥동,경상사고,0,0,5,0,차대차 - 기타,안전운전불이행,건조,맑음,단일로 - 기타,승용,여,31세,상해없음,승용,남,34세,경상
2014092300100722,2014년 9월 23일 22시,화요일,광주광역시 광산구 소촌동,중상사고,0,1,0,0,차대사람 - 기타,안전운전불이행,습기,비,단일로 - 기타,승용,남,45세,상해없음,보행자,여,49세,중상
2014092300100755,2014년 9월 23일 23시,화요일,광주광역시 서구 화정동,경상사고,0,0,1,0,차대차 - 측면직각충돌,안전운전불이행,습기,비,단일로 - 기타,승용,남,60세,상해없음,이륜,남,17세,경상
2014092300100756,2014년 9월 23일 23시,화요일,광주광역시 광산구 산정동,중상사고,0,2,1,0,차대차 - 측면직각충돌,신호위반,습기,비,교차로 - 교차로안,승용,남,53세,중상,화물,남,56세,경상
2014092300100757,2014년 9월 23일 23시,화요일,광주광역시 광산구 비아동,중상사고,0,2,0,0,차량단독 - 공작물충돌,안전운전불이행,습기,비,교차로 - 교차로부근,승용,남,57세,중상,,,,
2014092400100033,2014년 9월 24일 00시,수요일,광주광역시 북구 신안동,경상사고,0,0,1,0,차대차 - 측면직각충돌,직진우회전진행방해,습기,비,교차로 - 교차로안,승용,남,35세,상해없음,승용,남,27세,경상
2014092400100053,2014년 9월 24일 01시,수요일,광주광역시 서구 유촌동,경상사고,0,0,1,0,차대차 - 측면직각충돌,안전운전불이행,습기,비,단일로 - 기타,승용,남,48세,상해없음,승용,남,46세,경상
2014092400100054,2014년 9월 24일 01시,수요일,광주광역시 남구 백운동,경상사고,0,0,1,0,차대차 - 추돌 - 진행중,안전거리미확보,습기,기타,단일로 - 기타,승용,남,45세,상해없음,승용,남,27세,경상
2014092400100067,2014년 9월 24일 02시,수요일,광주광역시 서구 치평동,경상사고,0,0,1,0,차대사람 - 기타,안전운전불이행,습기,비,교차로 - 교차로안,승용,남,55세,상해없음,보행자,남,40세,경상
2014092400100080,2014년 9월 24일 03시,수요일,광주광역시 광산구 신촌동,경상사고,0,0,2,0,차량단독 - 공작물충돌,안전운전불이행,습기,비,단일로 - 기타,승용,남,23세,경상,,,,
2014092400100133,2014년 9월 24일 06시,수요일,광주광역시 북구 동림동,경상사고,0,0,1,0,차대차 - 추돌 - 진행중,안전거리미확보,습기,비,단일로 - 기타,승용,기타불명,기타불명,기타불명,승용,여,50세,경상
2014092400100200,2014년 9월 24일 08시,수요일,광주광역시 북구 중흥동,중상사고,0,1,0,0,차대사람 - 횡단중,보행자보호의무위반,건조,맑음,교차로 - 교차로부근,화물,남,30세,상해없음,보행자,남,27세,중상
2014092400100201,2014년 9월 24일 08시,수요일,광주광역시 광산구 신가동,경상사고,0,0,1,0,차대차 - 측면직각충돌,신호위반,습기,비,교차로 - 교차로부근,승용,여,42세,상해없음,승용,남,38세,경상
2014092400100202,2014년 9월 24일 08시,수요일,광주광역시 광산구 신창동,경상사고,0,0,1,0,차대사람 - 기타,안전운전불이행,건조,맑음,단일로 - 기타,승용,남,57세,상해없음,보행자,남,22세,경상
2014092400100240,2014년 9월 24일 09시,수요일,광주광역시 북구 중흥동,중상사고,0,1,0,0,차대사람 - 횡단중,보행자보호의무위반,건조,흐림,단일로 - 횡단보도상,승용,남,67세,상해없음,보행자,여,40세,중상
2014092400100241,2014년 9월 24일 09시,수요일,광주광역시 북구 중흥동,경상사고,0,0,1,0,차대차 - 측면직각충돌,교차로운행방법위반,건조,맑음,교차로 - 교차로안,승용,남,54세,상해없음,승용,남,57세,상해없음
2014092400100269,2014년 9월 24일 10시,수요일,광주광역시 서구 풍암동,경상사고,0,0,1,0,차대차 - 추돌 - 주정차중,안전운전불이행,건조,맑음,교차로 - 교차로부근,승용,여,34세,상해없음,승용,남,73세,경상
2014092400100270,2014년 9월 24일 10시,수요일,광주광역시 서구 농성동,경상사고,0,0,3,0,차대차 - 기타,신호위반,습기,비,교차로 - 교차로안,승용,여,43세,경상,화물,남,50세,경상
2014092400100271,2014년 9월 24일 10시,수요일,광주광역시 광산구 하남동,경상사고,0,0,2,0,차대차 - 측면직각충돌,안전거리미확보,습기,비,단일로 - 기타,승용,남,75세,경상,화물,남,44세,상해없음
2014092400100328,2014년 9월 24일 12시,수요일,광주광역시 서구 치평동,중상사고,0,1,1,0,차대차 - 기타,신호위반,습기,비,교차로 - 교차로안,승용,여,22세,상해없음,승용,남,70세,중상
2014092400100361,2014년 9월 24일 13시,수요일,광주광역시 서구 유촌동,중상사고,0,1,0,0,차대차 - 추돌 - 진행중,차로위반,습기,비,단일로 - 기타,승용,여,59세,상해없음,화물,남,27세,중상
2014092400100362,2014년 9월 24일 13시,수요일,광주광역시 북구 임동,경상사고,0,0,2,0,차대차 - 추돌 - 진행중,안전거리미확보,건조,맑음,단일로 - 기타,승용,남,55세,상해없음,승합,남,45세,경상
2014092400100478,2014년 9월 24일 16시,수요일,광주광역시 북구 오치동,중상사고,0,1,0,0,차대사람 - 횡단중,안전운전불이행,습기,흐림,단일로 - 기타,승용,남,34세,상해없음,보행자,여,64세,중상
2014092400100543,2014년 9월 24일 18시,수요일,광주광역시 북구 용두동,경상사고,0,0,1,0,차대차 - 추돌 - 진행중,안전거리미확보,습기,흐림,단일로 - 기타,화물,남,51세,상해없음,승용,남,35세,경상
2014092400100602,2014년 9월 24일 19시,수요일,광주광역시 서구 치평동,경상사고,0,0,1,0,차대사람 - 횡단중,신호위반,건조,맑음,교차로 - 교차로안,승용,여,26세,상해없음,보행자,여,19세,경상
2014092400100603,2014년 9월 24일 19시,수요일,광주광역시 광산구 도산동,경상사고,0,0,2,0,차대차 - 추돌 - 진행중,안전운전불이행,건조,맑음,교차로 - 교차로부근,승용,남,35세,상해없음,승용,남,60세,경상
2014092400100674,2014년 9월 24일 21시,수요일,광주광역시 서구 치평동,경상사고,0,0,3,0,차대차 - 기타,안전운전불이행,건조,맑음,교차로 - 교차로부근,승용,남,52세,경상,승용,여,47세,경상
2014092400100675,2014년 9월 24일 21시,수요일,광주광역시 북구 오치동,중상사고,0,1,0,0,차대사람 - 기타,안전운전불이행,건조,맑음,단일로 - 기타,승용,남,34세,상해없음,보행자,여,24세,중상
2014092400100711,2014년 9월 24일 22시,수요일,광주광역시 서구 금호동,경상사고,0,0,1,0,차대사람 - 차도통행중,안전운전불이행,건조,맑음,단일로 - 기타,승용,여,42세,상해없음,보행자,남,58세,경상
2014092400100712,2014년 9월 24일 22시,수요일,광주광역시 북구 동림동,경상사고,0,0,1,0,차대차 - 추돌 - 주정차중,안전운전불이행,건조,맑음,단일로 - 기타,승용,여,46세,상해없음,승용,남,38세,경상
2014092400100737,2014년 9월 24일 23시,수요일,광주광역시 남구 송하동,경상사고,0,0,1,0,차량단독 - 기타,안전운전불이행,건조,맑음,단일로 - 기타,승용,남,52세,상해없음,,,,
2014092400100738,2014년 9월 24일 23시,수요일,광주광역시 남구 봉선동,경상사고,0,0,2,0,차대차 - 추돌 - 주정차중,교차로운행방법위반,건조,맑음,단일로 - 기타,승용,남,45세,상해없음,승용,남,27세,경상