사고번호,사고일시,요일,시군구,사고내용,사망자수,중상자수,경상자수,부상신고자수,사고유형,법규위반,노면상태,기상상태,도로형태,가해운전자 차종,가해운전자 성별,가해운전자 연령,가해운전자 상해정도,피해운전자 차종,피해운전자 성별,피해운전자 연령,피해운전자 상해정도
2014101000100207,2014년 10월 10일 09시,금요일,광주광역시 서구 풍암동,경상사고,0,0,2,0,차대차 - 측면직각충돌,신호위반,건조,맑음,교차로 - 교차로안,승용,여,29세,상해없음,승용,남,57세,경상
2014101000100251,2014년 10월 10일 10시,금요일,광주광역시 광산구 월계동,경상사고,0,0,1,0,차대차 - 측면직각충돌,안전운전불이행,건조,맑음,단일로 - 기타,승용,남,56세,상해없음,자전거,남,10세,경상
2014101000100375,2014년 10월 10일 14시,금요일,광주광역시 서구 광천동,경상사고,0,0,1,0,차대차 - 기타,차로위반,건조,맑음,단일로 - 기타,승용,남,39세,경상,화물,남,42세,상해없음
2014101000100376,2014년 10월 10일 14시,금요일,광주광역시 광산구 송정동,중상사고,0,1,0,0,차대차 - 기타,안전운전불이행,건조,맑음,단일로 - 기타,승용,남,61세,상해없음,자전거,남,81세,중상
2014101000100417,2014년 10월 10일 15시,금요일,광주광역시 동구 선교동,중상사고,0,1,6,0,차대사람 - 기타,안전거리미확보,건조,맑음,교차로 - 교차로부근,승합,남,63세,상해없음,보행자,여,22세,경상
2014101000100418,2014년 10월 10일 15시,금요일,광주광역시 서구 풍암동,경상사고,0,0,1,0,차대차 - 기타,교차로운행방법위반,건조,맑음,교차로 - 교차로안,승용,남,43세,상해없음,화물,남,56세,경상
2014101000100419,2014년 10월 10일 15시,금요일,광주광역시 서구 치평동,경상사고,0,0,1,0,차대차 - 측면직각충돌,교차로운행방법위반,건조,맑음,교차로 - 교차로안,승용,여,41세,상해없음,승용,여,43세,경상
2014101000100420,2014년 10월 10일 15시,금요일,광주광역시 남구 주월동,부상신고사고,0,0,0,1,차대차 - 기타,안전운전불이행,건조,맑음,단일로 - 기타,승용,남,18세,상해없음,자전거,남,13세,부상신고
2014101000100421,2014년 10월 10일 15시,금요일,광주광역시 북구 운암동,경상사고,0,0,1,0,차대차 - 추돌 - 주정차중,안전운전불이행,건조,맑음,교차로 - 교차로안,승용,여,48세,상해없음,승용,여,33세,경상
2014101000100422,2014년 10월 10일 15시,금요일,광주광역시 광산구 소촌동,경상사고,0,0,1,0,차대차 - 추돌 - 진행중,안전거리미확보,건조,맑음,교차로 - 교차로안,화물,남,55세,상해없음,승용,여,27세,경상
2014101000100512,2014년 10월 10일 17시,금요일,광주광역시 북구 두암동,경상사고,0,0,1,0,차대사람 - 기타,안전운전불이행,건조,맑음,단일로 - 기타,승용,남,48세,상해없음,보행자,여,74세,경상
2014101000100568,2014년 10월 10일 18시,금요일,광주광역시 동구 계림동,경상사고,0,0,1,0,차대사람 - 기타,안전운전불이행,건조,맑음,단일로 - 기타,화물,남,54세,상해없음,보행자,남,48세,경상
2014101000100569,2014년 10월 10일 18시,금요일,광주광역시 서구 유촌동,중상사고,0,1,1,0,차대차 - 기타,안전운전불이행,건조,맑음,단일로 - 기타,기타불명,기타불명,기타불명,기타불명,승용,남,24세,경상
2014101000100620,2014년 10월 10일 19시,금요일,광주광역시 북구 운암동,경상사고,0,0,1,0,차대차 - 기타,안전운전불이행,건조,맑음,교차로 - 교차로안,승용,남,55세,상해없음,자전거,남,15세,경상
2014101000100621,2014년 10월 10일 19시,금요일,광주광역시 북구 두암동,중상사고,0,1,0,0,차대사람 - 횡단중,안전운전불이행,건조,맑음,단일로 - 기타,승용,남,31세,상해없음,보행자,남,42세,중상
2014101000100657,2014년 10월 10일 20시,금요일,광주광역시 북구 운암동,경상사고,0,0,1,0,차대차 - 추돌 - 주정차중,안전운전불이행,건조,맑음,교차로 - 교차로부근,승용,남,23세,상해없음,승용,남,29세,경상
2014101000100674,2014년 10월 10일 21시,금요일,광주광역시 북구 동림동,중상사고,0,1,0,0,차대차 - 측면직각충돌,안전운전불이행,건조,맑음,단일로 - 교량,특수,남,39세,상해없음,승용,남,41세,중상
2014101000100683,2014년 10월 10일 21시,금요일,광주광역시 서구 유촌동,경상사고,0,0,4,0,차대차 - 측면직각충돌,차로위반,건조,맑음,단일로 - 기타,승용,여,29세,상해없음,승용,남,30세,경상
2014101000100684,2014년 10월 10일 21시,금요일,광주광역시 서구 치평동,경상사고,0,0,2,0,차대차 - 기타,차로위반,건조,맑음,단일로 - 기타,승용,남,32세,상해없음,승용,남,25세,경상
2014101000100685,2014년 10월 10일 21시,금요일,광주광역시 남구 주월동,경상사고,0,0,2,0,차대차 - 추돌 - 진행중,안전운전불이행,건조,맑음,단일로 - 기타,승용,남,47세,상해없음,승용,남,41세,경상
2014101000100715,2014년 10월 10일 22시,금요일,광주광역시 동구 호남동,경상사고,0,0,3,0,차대차 - 기타,안전운전불이행,건조,맑음,단일로 - 기타,승용,남,20세,상해없음,승용,여,56세,경상
2014101000100716,2014년 10월 10일 22시,금요일,광주광역시 서구 쌍촌동,경상사고,0,0,3,0,차대차 - 추돌 - 주정차중,안전운전불이행,건조,맑음,교차로 - 교차로부근,승용,남,59세,상해없음,승용,남,43세,경상
2014101000100717,2014년 10월 10일 22시,금요일,광주광역시 광산구 수완동,경상사고,0,0,2,0,차대차 - 측면직각충돌,안전거리미확보,건조,맑음,단일로 - 기타,기타불명,기타불명,기타불명,기타불명,승용,여,33세,경상
2014101000100749,2014년 10월 10일 23시,금요일,광주광역시 북구 신안동,경상사고,0,0,2,0,차대차 - 측면직각충돌,교차로운행방법위반,건조,맑음,교차로 - 교차로안,승용,남,48세,상해없음,승용,남,58세,상해없음
2014101100100022,2014년 10월 11일 00시,토요일,광주광역시 서구 금호동,경상사고,0,0,1,0,차대차 - 측면직각충돌,교차로운행방법위반,건조,흐림,단일로 - 기타,승용,남,59세,상해없음,이륜,여,35세,경상
2014101100100087,2014년 10월 11일 05시,토요일,광주광역시 광산구 신가동,경상사고,0,0,2,0,차량단독 - 공작물충돌,안전운전불이행,건조,맑음,교차로 - 교차로부근,승용,남,18세,경상,,,,
2014101100100123,2014년 10월 11일 07시,토요일,광주광역시 남구 진월동,중상사고,0,1,0,0,차대차 - 측면직각충돌,신호위반,건조,맑음,교차로 - 교차로안,화물,남,47세,상해없음,이륜,남,71세,중상
2014101100100244,2014년 10월 11일 11시,토요일,광주광역시 광산구 흑석동,경상사고,0,0,1,0,차대차 - 기타,안전운전불이행,건조,맑음,단일로 - 기타,승용,여,48세,상해없음,승용,남,36세,상해없음
2014101100100341,2014년 10월 11일 14시,토요일,광주광역시 서구 광천동,경상사고,0,0,2,0,차대차 - 기타,안전거리미확보,건조,맑음,단일로 - 기타,승용,남,75세,상해없음,승용,남,26세,경상
2014101100100387,2014년 10월 11일 15시,토요일,광주광역시 서구 치평동,경상사고,0,0,1,0,차대차 - 기타,교차로운행방법위반,건조,맑음,교차로 - 교차로안,승용,남,30세,기타불명,승용,남,35세,경상
2014101100100388,2014년 10월 11일 15시,토요일,광주광역시 서구 치평동,경상사고,0,0,1,0,차대차 - 기타,교차로운행방법위반,건조,맑음,교차로 - 교차로안,승용,남,47세,상해없음,승용,남,34세,상해없음
2014101100100389,2014년 10월 11일 15시,토요일,광주광역시 북구 삼각동,경상사고,0,0,1,0,차대차 - 기타,안전운전불이행,건조,맑음,교차로 - 교차로부근,승용,남,41세,상해없음,승용,남,44세,경상
2014101100100478,2014년 10월 11일 17시,토요일,광주광역시 남구 진월동,중상사고,0,1,0,0,차대사람 - 기타,안전운전불이행,건조,맑음,단일로 - 기타,승용,여,28세,상해없음,보행자,남,6세,중상
2014101100100479,2014년 10월 11일 17시,토요일,광주광역시 북구 두암동,중상사고,0,1,0,0,차대차 - 측면직각충돌,중앙선침범,건조,맑음,단일로 - 기타,승용,여,49세,상해없음,이륜,남,43세,중상
2014101100100528,2014년 10월 11일 18시,토요일,광주광역시 북구 매곡동,경상사고,0,0,1,0,차대차 - 정면충돌,안전운전불이행,건조,맑음,단일로 - 기타,승용,기타불명,기타불명,기타불명,자전거,남,9세,경상
2014101100100529,2014년 10월 11일 18시,토요일,광주광역시 북구 매곡동,중상사고,0,1,0,0,차대차 - 측면직각충돌,안전운전불이행,건조,맑음,교차로 - 교차로안,승합,남,64세,상해없음,이륜,남,74세,중상
2014101100100634,2014년 10월 11일 21시,토요일,광주광역시 서구 치평동,사망사고,1,1,0,0,차대사람 - 횡단중,안전운전불이행,건조,맑음,단일로 - 기타,승용,남,40세,상해없음,보행자,여,41세,사망
2014101200100018,2014년 10월 12일 00시,일요일,광주광역시 서구 쌍촌동,경상사고,0,0,2,0,차대차 - 기타,안전거리미확보,건조,맑음,단일로 - 기타,승용,남,31세,상해없음,승용,남,53세,경상
2014101200100019,2014년 10월 12일 00시,일요일,광주광역시 광산구 쌍암동,경상사고,0,0,1,0,차대차 - 기타,안전운전불이행,건조,맑음,단일로 - 기타,승용,여,39세,상해없음,승용,남,36세,경상
2014101200100050,2014년 10월 12일 02시,일요일,광주광역시 서구 내방동,경상사고,0,0,2,0,차대차 - 측면직각충돌,중앙선침범,건조,맑음,교차로 - 교차로부근,승용,남,29세,상해없음,승용,남,24세,경상
2014101200100051,2014년 10월 12일 02시,일요일,광주광역시 광산구 소촌동,경상사고,0,0,2,0,차대차 - 측면직각충돌,안전운전불이행,건조,맑음,교차로 - 교차로안,승용,남,48세,상해없음,승용,남,37세,경상
2014101200100062,2014년 10월 12일 03시,일요일,광주광역시 북구 신안동,부상신고사고,0,0,0,2,차대사람 - 차도통행중,안전운전불이행,건조,맑음,단일로 - 기타,승용,기타불명,기타불명,기타불명,보행자,남,46세,부상신고
2014101200100073,2014년 10월 12일 04시,일요일,광주광역시 동구 금남로5가,경상사고,0,0,1,0,차대차 - 추돌 - 주정차중,안전운전불이행,건조,맑음,교차로 - 교차로부근,기타불명,기타불명,기타불명,기타불명,승용,남,36세,경상
2014101200100074,2014년 10월 12일 04시,일요일,광주광역시 서구 덕흥동,경상사고,0,0,1,0,차대차 - 측면직각충돌,안전운전불이행,건조,맑음,단일로 - 기타,승합,남,48세,상해없음,승합,남,33세,경상
2014101200100156,2014년 10월 12일 10시,일요일,광주광역시 서구 화정동,경상사고,0,0,2,0,차대차 - 기타,안전운전불이행,건조,맑음,단일로 - 기타,승합,여,56세,상해없음,승용,여,34세,경상
2014101200100186,2014년 10월 12일 11시,일요일,광주광역시 남구 진월동,중상사고,0,1,0,0,차대사람 - 횡단중,기타,건조,맑음,단일로 - 기타,승합,남,43세,상해없음,보행자,여,77세,중상
2014101200100187,2014년 10월 12일 11시,일요일,광주광역시 북구 본촌동,경상사고,0,0,2,0,차대차 - 측면직각충돌,안전운전불이행,건조,맑음,교차로 - 교차로안,승용,남,50세,상해없음,승용,여,40세,경상
2014101200100215,2014년 10월 12일 12시,일요일,광주광역시 북구 운암동,경상사고,0,0,1,0,차대사람 - 횡단중,안전운전불이행,습기,비,단일로 - 기타,승용,남,62세,상해없음,보행자,여,11세,경상
2014101200100270,2014년 10월 12일 14시,일요일,광주광역시 북구 동림동,경상사고,0,0,2,0,차대차 - 기타,안전운전불이행,습기,흐림,단일로 - 기타,승용,남,46세,상해없음,승용,남,67세,경상
2014101200100303,2014년 10월 12일 15시,일요일,광주광역시 서구 동천동,경상사고,0,0,2,0,차대차 - 기타,교차로운행방법위반,습기,비,교차로 - 교차로안,화물,남,45세,상해없음,승용,남,41세,경상
2014101200100334,2014년 10월 12일 16시,일요일,광주광역시 북구 각화동,경상사고,0,0,3,0,차대차 - 추돌 - 진행중,안전운전불이행,건조,맑음,단일로 - 기타,화물,남,62세,상해없음,승용,남,54세,경상
2014101200100370,2014년 10월 12일 17시,일요일,광주광역시 광산구 송정동,경상사고,0,0,1,0,차대차 - 측면직각충돌,안전운전불이행,습기,비,교차로 - 교차로안,이륜,남,17세,기타불명,자전거,남,79세,경상
2014101200100421,2014년 10월 12일 18시,일요일,광주광역시 서구 광천동,경상사고,0,0,2,0,차대차 - 추돌 - 진행중,안전거리미확보,건조,맑음,단일로 - 기타,승용,남,32세,상해없음,승용,남,28세,경상
2014101200100422,2014년 10월 12일 18시,일요일,광주광역시 서구 광천동,경상사고,0,0,2,0,차대차 - 측면직각충돌,교차로운행방법위반,건조,맑음,교차로 - 교차로안,승용,남,71세,상해없음,승용,여,26세,경상
2014101200100423,2014년 10월 12일 18시,일요일,광주광역시 북구 신안동,경상사고,0,0,4,0,차대차 - 측면직각충돌,교차로운행방법위반,습기,비,교차로 - 교차로안,승용,여,46세,경상,승용,여,58세,경상
2014101200100424,2014년 10월 12일 18시,일요일,광주광역시 광산구 수완동,중상사고,0,1,0,0,차대차 - 기타,안전운전불이행,건조,맑음,단일로 - 기타,승용,남,29세,상해없음,자전거,여,72세,중상
2014101200100425,2014년 10월 12일 18시,일요일,광주광역시 광산구 월계동,경상사고,0,0,2,0,차대차 - 측면직각충돌,교차로운행방법위반,습기,흐림,교차로 - 교차로안,승용,여,41세,상해없음,승용,남,36세,경상
2014101200100510,2014년 10월 12일 20시,일요일,광주광역시 서구 화정동,경상사고,0,0,1,0,차대차 - 측면직각충돌,안전운전불이행,건조,맑음,단일로 - 기타,승용,남,54세,기타불명,승용,남,63세,경상
2014101200100511,2014년 10월 12일 20시,일요일,광주광역시 북구 연제동,경상사고,0,0,2,0,차대차 - 측면직각충돌,안전운전불이행,습기,비,교차로 - 교차로안,승용,남,62세,상해없음,승용,여,46세,경상
2014101200100554,2014년 10월 12일 21시,일요일,광주광역시 광산구 월곡동,경상사고,0,0,1,0,차대차 - 측면직각충돌,안전운전불이행,습기,비,단일로 - 기타,승용,남,21세,상해없음,원동기,남,37세,경상
2014101200100583,2014년 10월 12일 22시,일요일,광주광역시 서구 금호동,경상사고,0,0,2,0,차대차 - 측면직각충돌,신호위반,건조,맑음,교차로 - 교차로안,승합,남,52세,상해없음,승합,남,33세,경상
2014101300100012,2014년 10월 13일 00시,월요일,광주광역시 광산구 신가동,경상사고,0,0,1,0,차대차 - 기타,안전운전불이행,건조,맑음,교차로 - 교차로부근,승용,여,43세,상해없음,이륜,남,38세,경상
2014101300100099,2014년 10월 13일 06시,월요일,광주광역시 광산구 장덕동,경상사고,0,0,4,0,차량단독 - 공작물충돌,안전운전불이행,습기,비,단일로 - 기타,승용,남,19세,경상,,,,
2014101300100132,2014년 10월 13일 07시,월요일,광주광역시 북구 신안동,경상사고,0,0,1,0,차대사람 - 횡단중,안전운전불이행,건조,맑음,단일로 - 기타,승용,남,70세,상해없음,보행자,여,41세,경상
2014101300100133,2014년 10월 13일 07시,월요일,광주광역시 북구 유동,중상사고,0,1,0,0,차대사람 - 보도통행중,기타,건조,맑음,단일로 - 기타,승용,여,50세,상해없음,보행자,여,44세,중상
2014101300100191,2014년 10월 13일 08시,월요일,광주광역시 서구 마륵동,경상사고,0,0,1,0,차대차 - 측면직각충돌,차로위반,습기,비,단일로 - 기타,승용,남,61세,상해없음,승용,남,35세,경상
2014101300100192,2014년 10월 13일 08시,월요일,광주광역시 북구 운암동,경상사고,0,0,2,0,차대차 - 측면직각충돌,안전운전불이행,건조,맑음,단일로 - 기타,승용,남,35세,경상,승용,남,55세,경상
2014101300100226,2014년 10월 13일 09시,월요일,광주광역시 서구 광천동,경상사고,0,0,3,0,차대차 - 추돌 - 주정차중,안전운전불이행,습기,비,단일로 - 기타,승용,남,28세,상해없음,승용,남,64세,경상
2014101300100227,2014년 10월 13일 09시,월요일,광주광역시 북구 운암동,경상사고,0,0,1,0,차대차 - 정면충돌,중앙선침범,건조,흐림,단일로 - 기타,화물,남,53세,상해없음,승용,남,34세,경상
2014101300100290,2014년 10월 13일 11시,월요일,광주광역시 서구 쌍촌동,경상사고,0,0,1,0,차대사람 - 기타,안전운전불이행,건조,맑음,단일로 - 기타,화물,남,31세,상해없음,보행자,남,57세,경상
2014101300100329,2014년 10월 13일 12시,월요일,광주광역시 광산구 쌍암동,중상사고,0,1,4,0,차대차 - 측면직각충돌,신호위반,건조,맑음,교차로 - 교차로안,승용,남,51세,경상,승용,남,31세,경상
2014101300100330,2014년 10월 13일 12시,월요일,광주광역시 광산구 월곡동,중상사고,0,1,0,0,차대차 - 정면충돌,교차로운행방법위반,건조,맑음,교차로 - 교차로안,화물,남,48세,상해없음,이륜,남,30세,중상
2014101300100401,2014년 10월 13일 14시,월요일,광주광역시 서구 양동,경상사고,0,0,1,0,차대사람 - 횡단중,신호위반,건조,맑음,교차로 - 교차로부근,승용,여,57세,상해없음,보행자,남,32세,경상
2014101300100402,2014년 10월 13일 14시,월요일,광주광역시 서구 양동,경상사고,0,0,1,0,차대차 - 측면직각충돌,안전운전불이행,건조,맑음,단일로 - 기타,승용,남,67세,상해없음,승용,여,55세,경상
2014101300100403,2014년 10월 13일 14시,월요일,광주광역시 서구 치평동,중상사고,0,1,0,0,차대사람 - 횡단중,안전운전불이행,건조,맑음,교차로 - 교차로부근,승용,여,34세,상해없음,보행자,여,59세,중상
2014101300100448,2014년 10월 13일 15시,월요일,광주광역시 동구 충장로3가,경상사고,0,0,1,0,차대사람 - 기타,안전운전불이행,건조,맑음,단일로 - 기타,승합,남,59세,상해없음,보행자,여,71세,경상
2014101300100449,2014년 10월 13일 15시,월요일,광주광역시 남구 방림동,경상사고,0,0,1,0,차대차 - 추돌 - 주정차중,안전운전불이행,건조,맑음,단일로 - 기타,승용,남,32세,상해없음,승용,남,60세,경상
2014101300100450,2014년 10월 13일 15시,월요일,광주광역시 북구 용봉동,경상사고,0,0,3,0,차대차 - 측면직각충돌,안전운전불이행,건조,맑음,단일로 - 기타,승용,남,61세,상해없음,승용,남,39세,경상
2014101300100451,2014년 10월 13일 15시,월요일,광주광역시 광산구 하산동,중상사고,0,1,3,0,차대차 - 측면직각충돌,신호위반,건조,맑음,교차로 - 교차로안,승용,남,67세,경상,승용,남,51세,경상
2014101300100452,2014년 10월 13일 15시,월요일,광주광역시 광산구 송정동,중상사고,0,1,0,0,차대사람 - 횡단중,보행자보호의무위반,건조,맑음,단일로 - 횡단보도부근,승용,여,45세,기타불명,보행자,여,85세,중상
2014101300100521,2014년 10월 13일 17시,월요일,광주광역시 서구 풍암동,경상사고,0,0,2,0,차대차 - 측면직각충돌,차로위반,건조,맑음,단일로 - 기타,승용,여,27세,상해없음,승용,여,56세,경상
2014101300100577,2014년 10월 13일 18시,월요일,광주광역시 광산구 산월동,경상사고,0,0,1,0,차대차 - 측면직각충돌,신호위반,건조,맑음,교차로 - 교차로안,승용,남,53세,상해없음,자전거,남,10세,경상
2014101300100615,2014년 10월 13일 19시,월요일,광주광역시 북구 각화동,경상사고,0,0,1,0,차대차 - 측면직각충돌,안전거리미확보,건조,맑음,교차로 - 교차로부근,승용,남,37세,상해없음,화물,남,36세,경상
2014101300100672,2014년 10월 13일 21시,월요일,광주광역시 광산구 신가동,부상신고사고,0,0,0,1,차대차 - 측면직각충돌,신호위반,건조,맑음,교차로 - 교차로안,원동기,남,16세,부상신고,화물,남,52세,상해없음
2014101300100673,2014년 10월 13일 21시,월요일,광주광역시 광산구 산월동,경상사고,0,0,1,0,차대차 - 추돌 - 주정차중,안전운전불이행,건조,맑음,교차로 - 교차로부근,승용,남,43세,상해없음,승용,여,40세,경상
2014101300100699,2014년 10월 13일 22시,월요일,광주광역시 서구 광천동,중상사고,0,1,0,0,차대사람 - 횡단중,안전운전불이행,건조,맑음,단일로 - 기타,승용,남,38세,상해없음,보행자,남,54세,중상
2014101300100700,2014년 10월 13일 22시,월요일,광주광역시 광산구 쌍암동,경상사고,0,0,2,0,차대차 - 추돌 - 주정차중,안전운전불이행,건조,맑음,단일로 - 횡단보도부근,승용,여,40세,상해없음,승용,남,47세,경상
2014101400100033,2014년 10월 14일 01시,화요일,광주광역시 서구 풍암동,중상사고,0,1,0,0,차대차 - 측면직각충돌,교차로운행방법위반,건조,맑음,교차로 - 교차로안,승용,남,34세,상해없음,승용,남,42세,중상
2014101400100034,2014년 10월 14일 01시,화요일,광주광역시 북구 연제동,경상사고,0,0,1,0,차대차 - 추돌 - 진행중,안전운전불이행,건조,맑음,단일로 - 기타,승용,남,44세,상해없음,승용,남,52세,경상
2014101400100045,2014년 10월 14일 02시,화요일,광주광역시 북구 일곡동,경상사고,0,0,1,0,차대차 - 추돌 - 주정차중,안전운전불이행,건조,맑음,단일로 - 기타,승용,남,31세,상해없음,승용,남,31세,경상
2014101400100046,2014년 10월 14일 02시,화요일,광주광역시 광산구 우산동,경상사고,0,0,2,0,차대차 - 추돌 - 진행중,교차로운행방법위반,건조,맑음,교차로 - 교차로안,승용,남,51세,상해없음,승용,남,49세,상해없음
2014101400100054,2014년 10월 14일 03시,화요일,광주광역시 북구 용봉동,경상사고,0,0,1,0,차대차 - 추돌 - 주정차중,안전운전불이행,건조,맑음,교차로 - 교차로부근,승용,남,31세,상해없음,승용,남,30세,기타불명
2014101400100081,2014년 10월 14일 06시,화요일,광주광역시 서구 마륵동,경상사고,0,0,1,0,차대차 - 측면직각충돌,교차로운행방법위반,건조,흐림,교차로 - 교차로안,승용,남,32세,상해없음,화물,남,60세,경상
2014101400100082,2014년 10월 14일 06시,화요일,광주광역시 광산구 수완동,중상사고,0,2,1,0,차대차 - 측면직각충돌,신호위반,건조,맑음,교차로 - 교차로안,승용,남,38세,경상,승용,남,34세,중상
2014101400100111,2014년 10월 14일 07시,화요일,광주광역시 광산구 안청동,경상사고,0,0,1,0,차대차 - 추돌 - 진행중,차로위반,건조,맑음,교차로 - 교차로안,이륜,기타불명,기타불명,기타불명,승용,여,26세,경상
2014101400100263,2014년 10월 14일 11시,화요일,광주광역시 서구 벽진동,경상사고,0,0,3,0,차대차 - 추돌 - 진행중,신호위반,건조,맑음,교차로 - 교차로안,승용,남,72세,경상,승용,여,43세,경상
2014101400100264,2014년 10월 14일 11시,화요일,광주광역시 북구 양산동,경상사고,0,0,2,0,차대차 - 추돌 - 진행중,안전운전불이행,건조,맑음,단일로 - 기타,승용,여,51세,상해없음,승용,여,39세,경상
2014101400100319,2014년 10월 14일 13시,화요일,광주광역시 북구 임동,경상사고,0,0,1,0,차대차 - 기타,교차로운행방법위반,건조,맑음,교차로 - 교차로안,화물,남,45세,상해없음,이륜,남,56세,경상
2014101400100320,2014년 10월 14일 13시,화요일,광주광역시 광산구 장덕동,경상사고,0,0,1,0,차대차 - 측면직각충돌,안전거리미확보,건조,맑음,단일로 - 기타,승합,남,35세,상해없음,승합,남,35세,경상
2014101400100387,2014년 10월 14일 15시,화요일,광주광역시 동구 소태동,중상사고,0,1,2,0,차대차 - 추돌 - 주정차중,안전운전불이행,건조,맑음,단일로 - 기타,승용,남,21세,상해없음,승합,남,60세,경상
2014101400100388,2014년 10월 14일 15시,화요일,광주광역시 서구 금호동,경상사고,0,0,1,0,차대사람 - 횡단중,보행자보호의무위반,건조,맑음,교차로 - 교차로안,승용,남,58세,상해없음,보행자,남,7세,경상
2014101400100476,2014년 10월 14일 17시,화요일,광주광역시 광산구 신창동,부상신고사고,0,0,0,1,차대차 - 기타,안전운전불이행,건조,맑음,교차로 - 교차로부근,승용,남,27세,상해없음,승용,여,29세,상해없음
2014101400100525,2014년 10월 14일 18시,화요일,광주광역시 서구 동천동,중상사고,0,1,0,0,차대차 - 추돌 - 진행중,직진우회전진행방해,건조,맑음,기타 - 기타,승용,남,43세,상해없음,자전거,여,6세,중상
2014101400100526,2014년 10월 14일 18시,화요일,광주광역시 북구 양산동,경상사고,0,0,1,0,차대차 - 추돌 - 주정차중,안전거리미확보,건조,맑음,교차로 - 교차로부근,화물,남,22세,상해없음,화물,남,42세,경상
2014101400100527,2014년 10월 14일 18시,화요일,광주광역시 서구 동천동,경상사고,0,0,4,0,차대차 - 추돌 - 주정차중,안전거리미확보,건조,맑음,단일로 - 기타,승용,여,33세,상해없음,승용,남,36세,경상
2014101400100528,2014년 10월 14일 18시,화요일,광주광역시 북구 양산동,경상사고,0,0,1,0,차대차 - 측면직각충돌,교차로운행방법위반,건조,맑음,교차로 - 교차로안,승용,남,30세,상해없음,원동기,남,52세,경상
2014101400100529,2014년 10월 14일 18시,화요일,광주광역시 북구 삼각동,경상사고,0,0,1,0,차량단독 - 공작물충돌,안전운전불이행,건조,맑음,단일로 - 기타,승합,남,61세,상해없음,,,,
2014101400100530,2014년 10월 14일 18시,화요일,광주광역시 광산구 신가동,중상사고,0,1,1,0,차대차 - 측면직각충돌,신호위반,건조,맑음,교차로 - 교차로안,이륜,남,18세,중상,승용,남,34세,경상
2014101400100568,2014년 10월 14일 19시,화요일,광주광역시 서구 광천동,경상사고,0,0,2,0,차대차 - 추돌 - 주정차중,안전운전불이행,건조,맑음,단일로 - 기타,화물,남,19세,상해없음,승용,여,49세,경상
2014101400100569,2014년 10월 14일 19시,화요일,광주광역시 서구 유촌동,경상사고,0,0,1,0,차대차 - 기타,안전거리미확보,건조,맑음,미분류 - 미분류,화물,남,40세,상해없음,승용,남,38세,경상
2014101400100609,2014년 10월 14일 20시,화요일,광주광역시 서구 농성동,경상사고,0,0,1,0,차대차 - 기타,교차로운행방법위반,건조,맑음,교차로 - 교차로안,승용,남,53세,상해없음,승용,여,53세,경상
2014101400100634,2014년 10월 14일 21시,화요일,광주광역시 서구 쌍촌동,경상사고,0,0,1,0,차대차 - 기타,중앙선침범,건조,맑음,단일로 - 기타,승용,여,50세,상해없음,승용,여,45세,경상
2014101400100635,2014년 10월 14일 21시,화요일,광주광역시 광산구 운남동,경상사고,0,0,1,0,차대사람 - 횡단중,보행자보호의무위반,건조,맑음,교차로 - 교차로안,승용,남,33세,상해없음,보행자,여,71세,경상
2014101400100658,2014년 10월 14일 22시,화요일,광주광역시 북구 운암동,경상사고,0,0,3,0,차대차 - 추돌 - 진행중,안전거리미확보,건조,맑음,단일로 - 기타,승용,여,53세,경상,승합,남,50세,경상
2014101400100676,2014년 10월 14일 23시,화요일,광주광역시 서구 치평동,경상사고,0,0,1,0,차대차 - 추돌 - 주정차중,불법유턴,건조,맑음,교차로 - 교차로부근,승용,남,31세,상해없음,승용,남,46세,경상
2014101500100155,2014년 10월 15일 08시,수요일,광주광역시 남구 송하동,경상사고,0,0,3,0,차대차 - 측면직각충돌,안전운전불이행,건조,맑음,단일로 - 기타,화물,남,57세,상해없음,승합,남,53세,경상
2014101500100156,2014년 10월 15일 08시,수요일,광주광역시 광산구 수완동,경상사고,0,0,1,0,차대차 - 측면직각충돌,안전거리미확보,건조,맑음,단일로 - 기타,화물,남,34세,상해없음,승용,남,43세,경상
2014101500100181,2014년 10월 15일 09시,수요일,광주광역시 광산구 하남동,중상사고,0,2,2,0,차대차 - 추돌 - 주정차중,안전운전불이행,건조,맑음,교차로 - 교차로부근,승용,여,31세,중상,화물,남,48세,경상
2014101500100269,2014년 10월 15일 12시,수요일,광주광역시 서구 양동,경상사고,0,0,5,0,차대차 - 기타,교차로운행방법위반,건조,맑음,교차로 - 교차로안,승용,남,37세,상해없음,승용,남,35세,경상
2014101500100292,2014년 10월 15일 13시,수요일,광주광역시 북구 두암동,경상사고,0,0,1,0,차대사람 - 기타,안전운전불이행,건조,맑음,단일로 - 기타,승합,남,60세,상해없음,보행자,여,54세,경상
2014101500100324,2014년 10월 15일 14시,수요일,광주광역시 북구 오치동,경상사고,0,0,2,0,차대차 - 측면직각충돌,교차로운행방법위반,건조,맑음,교차로 - 교차로부근,승용,남,56세,상해없음,승용,여,25세,경상