사고번호,사고일시,요일,시군구,사고내용,사망자수,중상자수,경상자수,부상신고자수,사고유형,법규위반,노면상태,기상상태,도로형태,가해운전자 차종,가해운전자 성별,가해운전자 연령,가해운전자 상해정도,피해운전자 차종,피해운전자 성별,피해운전자 연령,피해운전자 상해정도
2014102000100254,2014년 10월 20일 10시,월요일,광주광역시 북구 운암동,경상사고,0,0,1,0,차대사람 - 횡단중,보행자보호의무위반,습기,비,단일로 - 횡단보도상,원동기,남,61세,상해없음,보행자,남,55세,경상
2014102000100255,2014년 10월 20일 10시,월요일,광주광역시 광산구 신가동,경상사고,0,0,1,1,차대차 - 측면직각충돌,안전거리미확보,습기,비,교차로 - 교차로부근,승용,여,57세,부상신고,화물,남,45세,경상
2014102000100292,2014년 10월 20일 11시,월요일,광주광역시 북구 문흥동,중상사고,0,1,0,0,차대사람 - 보도통행중,보행자보호의무위반,습기,비,교차로 - 교차로안,승용,남,74세,상해없음,보행자,여,77세,중상
2014102000100316,2014년 10월 20일 12시,월요일,광주광역시 남구 주월동,경상사고,0,0,1,1,차대차 - 추돌 - 진행중,안전운전불이행,습기,비,단일로 - 기타,승용,남,43세,부상신고,승용,남,53세,경상
2014102000100317,2014년 10월 20일 12시,월요일,광주광역시 광산구 신가동,경상사고,0,0,2,0,차대차 - 추돌 - 진행중,교차로운행방법위반,건조,맑음,교차로 - 교차로안,승합,남,61세,상해없음,승용,남,55세,경상
2014102000100342,2014년 10월 20일 13시,월요일,광주광역시 서구 양동,경상사고,0,0,1,0,차대사람 - 횡단중,보행자보호의무위반,습기,비,단일로 - 횡단보도상,화물,남,42세,상해없음,보행자,남,7세,경상
2014102000100374,2014년 10월 20일 14시,월요일,광주광역시 서구 유촌동,경상사고,0,0,2,0,차대차 - 추돌 - 주정차중,안전거리미확보,건조,맑음,단일로 - 기타,승용,여,32세,상해없음,승용,여,32세,경상
2014102000100375,2014년 10월 20일 14시,월요일,광주광역시 서구 치평동,경상사고,0,0,3,0,차대차 - 추돌 - 진행중,안전거리미확보,건조,맑음,단일로 - 기타,승용,여,44세,상해없음,화물,남,60세,상해없음
2014102000100376,2014년 10월 20일 14시,월요일,광주광역시 북구 운암동,경상사고,0,0,1,0,차대차 - 측면직각충돌,안전운전불이행,습기,비,단일로 - 기타,승용,여,36세,상해없음,이륜,남,24세,경상
2014102000100377,2014년 10월 20일 14시,월요일,광주광역시 북구 신안동,중상사고,0,1,0,0,차대사람 - 보도통행중,보행자보호의무위반,건조,맑음,단일로 - 기타,화물,남,59세,상해없음,보행자,여,81세,중상
2014102000100417,2014년 10월 20일 15시,월요일,광주광역시 광산구 월곡동,경상사고,0,0,1,0,차대차 - 기타,안전운전불이행,건조,맑음,교차로 - 교차로부근,화물,남,45세,상해없음,승용,여,32세,경상
2014102000100481,2014년 10월 20일 17시,월요일,광주광역시 서구 쌍촌동,경상사고,0,0,1,0,차대차 - 측면직각충돌,안전운전불이행,건조,맑음,교차로 - 교차로부근,승용,남,69세,상해없음,승용,남,36세,경상
2014102000100549,2014년 10월 20일 18시,월요일,광주광역시 서구 광천동,경상사고,0,0,1,0,차대차 - 추돌 - 진행중,안전거리미확보,습기,비,교차로 - 교차로부근,승용,남,26세,상해없음,승용,남,54세,경상
2014102000100550,2014년 10월 20일 18시,월요일,광주광역시 남구 주월동,경상사고,0,0,1,0,차대차 - 추돌 - 진행중,안전운전불이행,습기,비,단일로 - 기타,승용,남,42세,상해없음,승용,남,54세,경상
2014102000100551,2014년 10월 20일 18시,월요일,광주광역시 북구 두암동,중상사고,0,1,0,0,차대사람 - 기타,안전운전불이행,습기,비,교차로 - 교차로부근,화물,남,36세,상해없음,보행자,여,56세,중상
2014102000100552,2014년 10월 20일 18시,월요일,광주광역시 북구 운암동,경상사고,0,0,1,0,차대차 - 기타,교차로운행방법위반,건조,맑음,교차로 - 교차로안,승용,남,55세,상해없음,승용,여,28세,경상
2014102000100623,2014년 10월 20일 20시,월요일,광주광역시 남구 월산동,경상사고,0,0,1,0,차대차 - 측면직각충돌,안전운전불이행,습기,흐림,교차로 - 교차로부근,기타불명,기타불명,기타불명,기타불명,승용,여,46세,경상
2014102000100624,2014년 10월 20일 20시,월요일,광주광역시 광산구 도산동,중상사고,0,1,6,0,차대차 - 추돌 - 진행중,신호위반,습기,흐림,교차로 - 교차로안,승용,남,54세,상해없음,승합,남,46세,경상
2014102000100658,2014년 10월 20일 21시,월요일,광주광역시 서구 치평동,경상사고,0,0,1,0,차대차 - 기타,안전운전불이행,습기,비,교차로 - 교차로부근,화물,남,55세,상해없음,승용,여,55세,경상
2014102000100659,2014년 10월 20일 21시,월요일,광주광역시 서구 내방동,경상사고,0,0,1,0,차대차 - 측면직각충돌,안전거리미확보,건조,맑음,단일로 - 기타,승용,남,59세,상해없음,승용,남,44세,상해없음
2014102000100660,2014년 10월 20일 21시,월요일,광주광역시 광산구 신창동,경상사고,0,0,2,0,차대차 - 추돌 - 진행중,안전운전불이행,습기,비,단일로 - 기타,승용,남,48세,상해없음,승용,남,52세,경상
2014102000100681,2014년 10월 20일 22시,월요일,광주광역시 동구 동명동,경상사고,0,0,4,0,차대차 - 추돌 - 주정차중,안전운전불이행,건조,맑음,교차로 - 교차로부근,승용,남,26세,상해없음,승용,남,27세,경상
2014102000100682,2014년 10월 20일 22시,월요일,광주광역시 서구 치평동,경상사고,0,0,1,0,차대차 - 기타,안전운전불이행,습기,비,단일로 - 기타,승용,남,42세,상해없음,승용,남,33세,경상
2014102000100708,2014년 10월 20일 23시,월요일,광주광역시 서구 화정동,경상사고,0,0,4,0,차대차 - 기타,신호위반,건조,맑음,교차로 - 교차로안,승용,남,32세,경상,승용,여,55세,경상
2014102000100709,2014년 10월 20일 23시,월요일,광주광역시 북구 매곡동,중상사고,0,1,0,0,차대사람 - 기타,안전운전불이행,건조,맑음,단일로 - 기타,승용,여,43세,상해없음,보행자,남,44세,중상
2014102100100014,2014년 10월 21일 00시,화요일,광주광역시 서구 금호동,경상사고,0,0,1,0,차대사람 - 기타,안전운전불이행,습기,흐림,교차로 - 교차로안,승용,남,29세,기타불명,보행자,남,45세,경상
2014102100100015,2014년 10월 21일 00시,화요일,광주광역시 북구 일곡동,경상사고,0,0,1,0,차대사람 - 길가장자리구역통행중,안전운전불이행,건조,맑음,단일로 - 기타,승용,여,26세,상해없음,보행자,남,53세,경상
2014102100100097,2014년 10월 21일 06시,화요일,광주광역시 광산구 소촌동,경상사고,0,0,1,0,차대사람 - 기타,안전운전불이행,건조,맑음,기타 - 기타,기타불명,기타불명,기타불명,기타불명,보행자,남,29세,경상
2014102100100119,2014년 10월 21일 07시,화요일,광주광역시 서구 화정동,경상사고,0,0,3,0,차대차 - 측면직각충돌,교차로운행방법위반,건조,맑음,교차로 - 교차로안,승합,남,61세,상해없음,승용,남,72세,경상
2014102100100120,2014년 10월 21일 07시,화요일,광주광역시 남구 봉선동,중상사고,0,2,0,0,차대차 - 추돌 - 주정차중,안전운전불이행,건조,흐림,단일로 - 기타,승용,남,40세,상해없음,승용,남,54세,중상
2014102100100121,2014년 10월 21일 07시,화요일,광주광역시 북구 지야동,경상사고,0,0,2,0,차대차 - 추돌 - 주정차중,안전거리미확보,건조,맑음,단일로 - 기타,화물,남,42세,상해없음,승용,여,38세,상해없음
2014102100100122,2014년 10월 21일 07시,화요일,광주광역시 광산구 산정동,중상사고,0,1,0,0,차대차 - 측면직각충돌,안전거리미확보,습기,비,단일로 - 기타,화물,남,36세,상해없음,승용,남,34세,중상
2014102100100160,2014년 10월 21일 08시,화요일,광주광역시 서구 쌍촌동,경상사고,0,0,1,0,차대차 - 기타,안전거리미확보,습기,비,단일로 - 기타,승용,남,19세,상해없음,승용,여,42세,경상
2014102100100161,2014년 10월 21일 08시,화요일,광주광역시 서구 매월동,경상사고,0,0,1,0,차대차 - 기타,안전거리미확보,습기,흐림,교차로 - 교차로부근,화물,남,36세,상해없음,승용,남,54세,경상
2014102100100162,2014년 10월 21일 08시,화요일,광주광역시 광산구 신창동,경상사고,0,0,1,0,차대차 - 추돌 - 주정차중,안전거리미확보,건조,맑음,단일로 - 기타,승용,남,42세,상해없음,승용,여,42세,경상
2014102100100188,2014년 10월 21일 09시,화요일,광주광역시 북구 각화동,경상사고,0,0,1,0,차대차 - 기타,안전운전불이행,습기,비,단일로 - 기타,화물,남,36세,상해없음,승용,여,51세,경상
2014102100100189,2014년 10월 21일 09시,화요일,광주광역시 서구 동천동,경상사고,0,0,1,0,차대차 - 추돌 - 진행중,안전운전불이행,건조,맑음,단일로 - 기타,승용,여,45세,상해없음,승용,여,49세,경상
2014102100100217,2014년 10월 21일 10시,화요일,광주광역시 광산구 송정동,경상사고,0,0,2,0,차대차 - 기타,안전운전불이행,건조,맑음,교차로 - 교차로부근,승용,남,61세,상해없음,승용,여,61세,경상
2014102100100240,2014년 10월 21일 11시,화요일,광주광역시 서구 광천동,경상사고,0,0,1,0,차대차 - 기타,교차로운행방법위반,건조,맑음,교차로 - 교차로안,승용,여,40세,상해없음,승용,여,49세,경상
2014102100100295,2014년 10월 21일 13시,화요일,광주광역시 북구 북동,경상사고,0,0,1,0,차대사람 - 기타,안전운전불이행,건조,맑음,단일로 - 기타,승합,여,59세,상해없음,보행자,남,67세,경상
2014102100100330,2014년 10월 21일 14시,화요일,광주광역시 북구 신안동,경상사고,0,0,2,0,차대차 - 측면직각충돌,안전운전불이행,건조,맑음,단일로 - 기타,승용,남,42세,상해없음,승용,남,56세,경상
2014102100100378,2014년 10월 21일 15시,화요일,광주광역시 광산구 흑석동,경상사고,0,0,2,0,차대차 - 추돌 - 진행중,안전거리미확보,습기,비,교차로 - 교차로부근,승용,남,60세,경상,화물,남,55세,경상
2014102100100408,2014년 10월 21일 16시,화요일,광주광역시 남구 진월동,경상사고,0,0,1,0,차대사람 - 횡단중,보행자보호의무위반,습기,비,교차로 - 교차로부근,승용,여,30세,상해없음,보행자,남,14세,경상
2014102100100409,2014년 10월 21일 16시,화요일,광주광역시 광산구 신가동,경상사고,0,0,1,0,차대차 - 측면직각충돌,안전운전불이행,건조,맑음,단일로 - 기타,승용,남,49세,상해없음,승용,남,49세,경상
2014102100100444,2014년 10월 21일 17시,화요일,광주광역시 서구 쌍촌동,경상사고,0,0,2,0,차대차 - 추돌 - 진행중,안전거리미확보,건조,맑음,교차로 - 교차로안,승용,여,72세,상해없음,승합,남,23세,경상
2014102100100445,2014년 10월 21일 17시,화요일,광주광역시 북구 신안동,중상사고,0,1,0,0,차대차 - 추돌 - 진행중,안전운전불이행,건조,맑음,단일로 - 기타,승합,남,56세,상해없음,이륜,여,25세,중상
2014102100100446,2014년 10월 21일 17시,화요일,광주광역시 광산구 신촌동,경상사고,0,0,1,0,차대차 - 추돌 - 진행중,안전운전불이행,습기,비,단일로 - 기타,화물,남,25세,상해없음,승용,남,32세,경상
2014102100100519,2014년 10월 21일 18시,화요일,광주광역시 서구 풍암동,중상사고,0,1,1,0,차대차 - 측면직각충돌,교차로운행방법위반,습기,비,교차로 - 교차로안,승용,남,53세,중상,승용,남,46세,경상
2014102100100520,2014년 10월 21일 18시,화요일,광주광역시 남구 진월동,경상사고,0,0,1,0,차대사람 - 기타,신호위반,건조,맑음,교차로 - 교차로부근,승합,남,54세,상해없음,보행자,여,29세,경상
2014102100100521,2014년 10월 21일 18시,화요일,광주광역시 남구 구동,경상사고,0,0,1,0,차대차 - 추돌 - 진행중,안전거리미확보,습기,비,단일로 - 기타,승용,여,42세,상해없음,승용,남,24세,경상
2014102100100522,2014년 10월 21일 18시,화요일,광주광역시 남구 방림동,경상사고,0,0,1,0,차대차 - 기타,안전운전불이행,습기,흐림,교차로 - 교차로안,기타불명,기타불명,기타불명,기타불명,승용,여,56세,경상
2014102100100523,2014년 10월 21일 18시,화요일,광주광역시 광산구 소촌동,경상사고,0,0,3,0,차대사람 - 횡단중,안전운전불이행,건조,맑음,교차로 - 교차로부근,화물,남,32세,상해없음,보행자,여,41세,경상
2014102100100578,2014년 10월 21일 19시,화요일,광주광역시 서구 유촌동,경상사고,0,0,1,0,차대차 - 측면직각충돌,신호위반,습기,비,교차로 - 교차로안,승용,남,25세,상해없음,승용,남,65세,상해없음
2014102100100579,2014년 10월 21일 19시,화요일,광주광역시 서구 쌍촌동,경상사고,0,0,1,0,차대차 - 측면직각충돌,직진우회전진행방해,습기,비,교차로 - 교차로안,승용,남,44세,상해없음,이륜,남,42세,경상
2014102100100635,2014년 10월 21일 20시,화요일,광주광역시 서구 치평동,경상사고,0,0,2,0,차대차 - 측면직각충돌,신호위반,습기,비,교차로 - 교차로안,승용,남,49세,상해없음,승용,여,44세,경상
2014102100100636,2014년 10월 21일 20시,화요일,광주광역시 북구 문흥동,경상사고,0,0,1,0,차대차 - 추돌 - 주정차중,안전운전불이행,습기,비,교차로 - 교차로부근,승용,여,49세,상해없음,승용,남,25세,경상
2014102100100637,2014년 10월 21일 20시,화요일,광주광역시 광산구 도천동,경상사고,0,0,1,0,차대차 - 기타,안전운전불이행,건조,맑음,단일로 - 기타,승용,여,44세,상해없음,승용,여,53세,경상
2014102100100688,2014년 10월 21일 21시,화요일,광주광역시 동구 산수동,중상사고,0,1,2,0,차대차 - 측면직각충돌,안전거리미확보,건조,흐림,단일로 - 기타,승용,여,55세,중상,승용,남,57세,경상
2014102100100689,2014년 10월 21일 21시,화요일,광주광역시 남구 방림동,경상사고,0,0,1,0,차대사람 - 기타,안전운전불이행,습기,비,교차로 - 교차로부근,승용,남,49세,기타불명,보행자,남,47세,경상
2014102100100690,2014년 10월 21일 21시,화요일,광주광역시 북구 오치동,경상사고,0,0,1,0,차대차 - 추돌 - 주정차중,안전거리미확보,습기,비,교차로 - 교차로부근,승용,남,46세,상해없음,승용,남,25세,경상
2014102100100691,2014년 10월 21일 21시,화요일,광주광역시 광산구 신창동,경상사고,0,0,2,0,차대차 - 측면직각충돌,교차로운행방법위반,습기,비,교차로 - 교차로안,승용,남,25세,상해없음,승용,여,31세,경상
2014102100100736,2014년 10월 21일 22시,화요일,광주광역시 동구 대인동,경상사고,0,0,1,0,차대차 - 기타,안전운전불이행,습기,비,단일로 - 기타,승용,남,53세,상해없음,이륜,남,20세,경상
2014102100100737,2014년 10월 21일 22시,화요일,광주광역시 서구 광천동,경상사고,0,0,2,0,차대차 - 측면직각충돌,교차로운행방법위반,습기,비,교차로 - 교차로안,승용,여,47세,상해없음,승용,여,29세,경상
2014102100100738,2014년 10월 21일 22시,화요일,광주광역시 북구 신용동,경상사고,0,0,3,0,차대차 - 측면직각충돌,안전운전불이행,습기,비,교차로 - 교차로안,승용,남,53세,상해없음,승용,남,57세,경상
2014102100100739,2014년 10월 21일 22시,화요일,광주광역시 광산구 월곡동,중상사고,0,1,0,0,차대차 - 측면직각충돌,신호위반,습기,비,교차로 - 교차로안,승용,남,34세,상해없음,승용,여,23세,중상
2014102100100769,2014년 10월 21일 23시,화요일,광주광역시 북구 용봉동,경상사고,0,0,1,0,차대사람 - 보도통행중,보행자보호의무위반,습기,비,교차로 - 교차로안,승용,남,54세,상해없음,보행자,남,25세,경상
2014102200100043,2014년 10월 22일 01시,수요일,광주광역시 서구 치평동,경상사고,0,0,1,0,차대차 - 측면직각충돌,직진우회전진행방해,습기,비,교차로 - 교차로안,승용,남,23세,상해없음,승용,남,45세,상해없음
2014102200100044,2014년 10월 22일 01시,수요일,광주광역시 북구 용봉동,경상사고,0,0,1,0,차대사람 - 기타,안전운전불이행,습기,비,단일로 - 기타,승용,남,42세,상해없음,보행자,남,49세,경상
2014102200100075,2014년 10월 22일 04시,수요일,광주광역시 서구 금호동,중상사고,0,1,0,0,차대사람 - 횡단중,신호위반,습기,비,교차로 - 교차로부근,승용,남,54세,상해없음,보행자,남,40세,중상
2014102200100117,2014년 10월 22일 06시,수요일,광주광역시 남구 방림동,경상사고,0,0,2,0,차대차 - 추돌 - 진행중,안전운전불이행,습기,비,교차로 - 교차로안,승합,남,59세,상해없음,승용,여,65세,경상
2014102200100118,2014년 10월 22일 06시,수요일,광주광역시 북구 운암동,경상사고,0,0,2,1,차대차 - 정면충돌,중앙선침범,건조,맑음,미분류 - 미분류,승용,여,22세,상해없음,승용,남,50세,부상신고
2014102200100146,2014년 10월 22일 07시,수요일,광주광역시 광산구 산월동,경상사고,0,0,3,0,차대차 - 추돌 - 진행중,안전운전불이행,건조,맑음,단일로 - 기타,승용,남,46세,경상,승용,남,45세,경상
2014102200100183,2014년 10월 22일 08시,수요일,광주광역시 남구 진월동,중상사고,0,1,0,0,차대차 - 측면직각충돌,신호위반,습기,흐림,교차로 - 교차로안,승용,여,43세,상해없음,승용,남,53세,중상
2014102200100184,2014년 10월 22일 08시,수요일,광주광역시 북구 신안동,경상사고,0,0,2,1,차대차 - 측면직각충돌,중앙선침범,건조,맑음,기타 - 기타,승용,남,29세,경상,승용,남,26세,경상
2014102200100389,2014년 10월 22일 15시,수요일,광주광역시 남구 백운동,중상사고,0,1,0,0,차대사람 - 횡단중,안전운전불이행,건조,맑음,교차로 - 교차로안,승용,남,71세,상해없음,보행자,여,56세,중상
2014102200100456,2014년 10월 22일 17시,수요일,광주광역시 광산구 대산동,중상사고,0,1,0,0,차대차 - 측면직각충돌,안전운전불이행,건조,맑음,교차로 - 교차로부근,승용,여,58세,상해없음,자전거,여,73세,중상
2014102200100570,2014년 10월 22일 19시,수요일,광주광역시 동구 산수동,경상사고,0,0,2,0,차대차 - 기타,교차로운행방법위반,건조,맑음,교차로 - 교차로부근,승용,여,20세,상해없음,승용,남,55세,경상
2014102200100571,2014년 10월 22일 19시,수요일,광주광역시 광산구 우산동,경상사고,0,0,1,0,차대차 - 측면직각충돌,안전거리미확보,건조,맑음,단일로 - 기타,승용,남,61세,기타불명,승용,여,60세,경상
2014102200100632,2014년 10월 22일 21시,수요일,광주광역시 남구 방림동,경상사고,0,0,1,0,차대사람 - 기타,안전운전불이행,건조,맑음,단일로 - 기타,승용,남,47세,기타불명,보행자,남,45세,경상
2014102200100692,2014년 10월 22일 23시,수요일,광주광역시 광산구 쌍암동,경상사고,0,0,1,0,차대차 - 추돌 - 진행중,안전거리미확보,건조,맑음,단일로 - 기타,승용,남,38세,상해없음,승용,남,56세,경상
2014102200100693,2014년 10월 22일 23시,수요일,광주광역시 광산구 산정동,경상사고,0,0,2,0,차대차 - 추돌 - 주정차중,안전운전불이행,건조,맑음,교차로 - 교차로부근,승용,남,49세,상해없음,승용,남,43세,경상
2014102300100048,2014년 10월 23일 04시,목요일,광주광역시 남구 주월동,경상사고,0,0,1,0,차대사람 - 차도통행중,안전운전불이행,건조,맑음,교차로 - 교차로안,원동기,남,17세,상해없음,보행자,여,58세,경상
2014102300100049,2014년 10월 23일 04시,목요일,광주광역시 남구 봉선동,중상사고,0,1,0,0,차대사람 - 횡단중,안전운전불이행,건조,맑음,단일로 - 기타,승용,여,46세,상해없음,보행자,여,56세,중상
2014102300100057,2014년 10월 23일 05시,목요일,광주광역시 북구 풍향동,중상사고,0,1,0,0,차대차 - 측면직각충돌,안전운전불이행,건조,맑음,단일로 - 기타,원동기,남,59세,중상,승용,남,57세,상해없음
2014102300100058,2014년 10월 23일 05시,목요일,광주광역시 광산구 송정동,중상사고,0,1,0,0,차대사람 - 횡단중,안전운전불이행,건조,맑음,단일로 - 기타,승합,남,51세,상해없음,보행자,여,79세,중상
2014102300100095,2014년 10월 23일 07시,목요일,광주광역시 북구 운암동,경상사고,0,0,1,0,차대차 - 추돌 - 진행중,안전운전불이행,건조,맑음,단일로 - 기타,승용,여,58세,상해없음,승용,남,27세,경상
2014102300100157,2014년 10월 23일 08시,목요일,광주광역시 광산구 수완동,경상사고,0,0,1,0,차대차 - 측면직각충돌,불법유턴,건조,맑음,교차로 - 교차로부근,자전거,여,69세,경상,화물,남,50세,상해없음
2014102300100158,2014년 10월 23일 08시,목요일,광주광역시 광산구 월곡동,경상사고,0,0,2,0,차대차 - 기타,기타,건조,맑음,단일로 - 기타,화물,남,73세,상해없음,자전거,남,16세,경상
2014102300100190,2014년 10월 23일 09시,목요일,광주광역시 서구 치평동,중상사고,0,1,0,0,차대사람 - 길가장자리구역통행중,기타,건조,맑음,단일로 - 기타,승용,남,50세,상해없음,보행자,여,82세,중상
2014102300100364,2014년 10월 23일 14시,목요일,광주광역시 서구 쌍촌동,경상사고,0,0,1,0,차대차 - 기타,안전운전불이행,건조,맑음,교차로 - 교차로안,승용,여,65세,기타불명,자전거,남,8세,경상
2014102300100365,2014년 10월 23일 14시,목요일,광주광역시 북구 일곡동,경상사고,0,0,1,0,차대사람 - 횡단중,안전운전불이행,건조,맑음,교차로 - 교차로부근,승용,여,47세,상해없음,보행자,여,7세,경상
2014102300100403,2014년 10월 23일 15시,목요일,광주광역시 서구 농성동,경상사고,0,0,1,0,차대차 - 측면직각충돌,안전거리미확보,건조,맑음,교차로 - 교차로부근,승용,남,40세,상해없음,승용,남,30세,경상
2014102300100493,2014년 10월 23일 17시,목요일,광주광역시 서구 농성동,경상사고,0,0,1,0,차대차 - 측면직각충돌,안전운전불이행,건조,맑음,단일로 - 기타,승용,여,52세,상해없음,승용,남,48세,경상
2014102300100494,2014년 10월 23일 17시,목요일,광주광역시 광산구 진곡동,경상사고,0,0,1,0,차대차 - 정면충돌,안전운전불이행,건조,맑음,교차로 - 교차로안,승용,여,47세,상해없음,승용,남,53세,경상
2014102300100549,2014년 10월 23일 18시,목요일,광주광역시 남구 월산동,중상사고,0,1,0,0,차대사람 - 횡단중,보행자보호의무위반,건조,맑음,교차로 - 교차로부근,승용,여,52세,상해없음,보행자,여,56세,중상
2014102300100550,2014년 10월 23일 18시,목요일,광주광역시 광산구 도천동,경상사고,0,0,5,0,차대차 - 추돌 - 주정차중,안전운전불이행,건조,맑음,단일로 - 기타,승합,여,46세,경상,승용,남,44세,경상
2014102300100589,2014년 10월 23일 19시,목요일,광주광역시 서구 유촌동,경상사고,0,0,1,0,차대차 - 추돌 - 진행중,안전거리미확보,건조,흐림,단일로 - 기타,승용,여,31세,상해없음,승용,남,28세,경상
2014102300100590,2014년 10월 23일 19시,목요일,광주광역시 서구 동천동,경상사고,0,0,2,0,차대차 - 기타,안전운전불이행,습기,비,단일로 - 기타,승용,여,53세,상해없음,승용,남,41세,경상
2014102300100591,2014년 10월 23일 19시,목요일,광주광역시 남구 주월동,경상사고,0,0,2,0,차대차 - 기타,교차로운행방법위반,건조,맑음,교차로 - 교차로안,승용,남,67세,상해없음,승용,남,56세,상해없음
2014102300100592,2014년 10월 23일 19시,목요일,광주광역시 남구 진월동,중상사고,0,1,0,0,차대사람 - 횡단중,안전운전불이행,건조,맑음,단일로 - 횡단보도상,승용,여,32세,상해없음,보행자,여,67세,중상
2014102300100625,2014년 10월 23일 20시,목요일,광주광역시 서구 광천동,경상사고,0,0,2,1,차대차 - 추돌 - 주정차중,안전운전불이행,건조,맑음,교차로 - 교차로부근,승용,남,49세,상해없음,승용,남,33세,경상
2014102300100686,2014년 10월 23일 22시,목요일,광주광역시 남구 주월동,경상사고,0,0,6,0,차대차 - 추돌 - 주정차중,안전거리미확보,건조,맑음,교차로 - 교차로부근,화물,남,33세,상해없음,승용,여,57세,경상
2014102300100687,2014년 10월 23일 22시,목요일,광주광역시 광산구 신창동,경상사고,0,0,1,0,차대차 - 정면충돌,중앙선침범,건조,맑음,단일로 - 기타,자전거,남,16세,경상,자전거,남,27세,상해없음
2014102300100710,2014년 10월 23일 23시,목요일,광주광역시 서구 풍암동,경상사고,0,0,2,0,차대차 - 추돌 - 주정차중,안전운전불이행,건조,맑음,교차로 - 교차로부근,승용,남,54세,상해없음,승용,남,29세,경상
2014102300100711,2014년 10월 23일 23시,목요일,광주광역시 광산구 산월동,중상사고,0,1,1,0,차대차 - 정면충돌,신호위반,건조,맑음,교차로 - 교차로안,승용,여,44세,상해없음,승용,남,47세,경상
2014102400100035,2014년 10월 24일 01시,금요일,광주광역시 서구 화정동,경상사고,0,0,1,0,차대사람 - 기타,안전운전불이행,건조,맑음,단일로 - 기타,기타불명,기타불명,기타불명,기타불명,보행자,남,35세,경상
2014102400100046,2014년 10월 24일 02시,금요일,광주광역시 서구 화정동,경상사고,0,0,2,0,차대차 - 추돌 - 주정차중,안전운전불이행,건조,맑음,단일로 - 기타,승용,남,27세,상해없음,승용,남,29세,경상
2014102400100047,2014년 10월 24일 02시,금요일,광주광역시 서구 농성동,경상사고,0,0,1,0,차대차 - 추돌 - 주정차중,안전운전불이행,건조,맑음,단일로 - 기타,승용,남,38세,상해없음,화물,남,69세,경상
2014102400100054,2014년 10월 24일 03시,금요일,광주광역시 광산구 월계동,경상사고,0,0,1,0,차대사람 - 횡단중,안전운전불이행,건조,맑음,교차로 - 교차로안,승용,남,27세,상해없음,보행자,남,47세,경상
2014102400100065,2014년 10월 24일 04시,금요일,광주광역시 북구 운암동,중상사고,0,1,0,0,차량단독 - 도로외이탈 - 기타,안전운전불이행,건조,맑음,단일로 - 기타,승합,남,60세,상해없음,,,,
2014102400100074,2014년 10월 24일 05시,금요일,광주광역시 남구 방림동,경상사고,0,0,1,0,차대사람 - 횡단중,신호위반,건조,맑음,교차로 - 교차로부근,승용,남,57세,상해없음,보행자,여,69세,경상
2014102400100075,2014년 10월 24일 05시,금요일,광주광역시 북구 신안동,중상사고,0,2,7,0,차대차 - 추돌 - 주정차중,안전운전불이행,건조,맑음,단일로 - 기타,승용,남,35세,중상,승합,남,39세,경상
2014102400100097,2014년 10월 24일 06시,금요일,광주광역시 서구 화정동,경상사고,0,0,2,0,차대차 - 측면직각충돌,안전운전불이행,건조,맑음,단일로 - 기타,승용,남,30세,상해없음,승용,남,27세,경상
2014102400100119,2014년 10월 24일 07시,금요일,광주광역시 서구 풍암동,경상사고,0,0,1,0,차대사람 - 횡단중,안전운전불이행,건조,흐림,교차로 - 교차로안,기타불명,기타불명,기타불명,기타불명,보행자,여,15세,경상
2014102400100120,2014년 10월 24일 07시,금요일,광주광역시 광산구 선동,중상사고,0,1,3,0,차대차 - 측면직각충돌,안전운전불이행,습기,안개,교차로 - 교차로안,승합,남,77세,경상,화물,남,53세,상해없음
2014102400100196,2014년 10월 24일 09시,금요일,광주광역시 광산구 장덕동,경상사고,0,0,1,0,차대차 - 측면직각충돌,안전거리미확보,건조,맑음,교차로 - 교차로부근,승용,남,73세,상해없음,승용,여,40세,경상
2014102400100232,2014년 10월 24일 10시,금요일,광주광역시 북구 오치동,경상사고,0,0,1,0,차대사람 - 기타,안전운전불이행,건조,맑음,단일로 - 기타,승용,남,60세,상해없음,보행자,남,80세,경상
2014102400100261,2014년 10월 24일 11시,금요일,광주광역시 남구 백운동,중상사고,0,1,0,0,차대사람 - 횡단중,안전운전불이행,건조,맑음,단일로 - 기타,승용,남,72세,상해없음,보행자,여,45세,중상
2014102400100391,2014년 10월 24일 15시,금요일,광주광역시 서구 쌍촌동,경상사고,0,0,2,0,차대차 - 측면직각충돌,기타,건조,맑음,단일로 - 기타,승합,남,59세,상해없음,자전거,남,15세,경상
2014102400100392,2014년 10월 24일 15시,금요일,광주광역시 북구 양산동,중상사고,0,1,2,0,차대차 - 기타,교차로운행방법위반,건조,맑음,교차로 - 교차로안,승용,남,53세,상해없음,승용,남,62세,경상
2014102400100393,2014년 10월 24일 15시,금요일,광주광역시 광산구 소촌동,경상사고,0,0,1,0,차대사람 - 차도통행중,안전운전불이행,건조,맑음,단일로 - 기타,승용,여,41세,상해없음,보행자,남,74세,경상