사고번호,사고일시,요일,시군구,사고내용,사망자수,중상자수,경상자수,부상신고자수,사고유형,법규위반,노면상태,기상상태,도로형태,가해운전자 차종,가해운전자 성별,가해운전자 연령,가해운전자 상해정도,피해운전자 차종,피해운전자 성별,피해운전자 연령,피해운전자 상해정도
2014102400100394,2014년 10월 24일 15시,금요일,광주광역시 광산구 수완동,경상사고,0,0,1,0,차대사람 - 횡단중,신호위반,건조,맑음,단일로 - 횡단보도상,승용,여,38세,상해없음,보행자,남,6세,경상
2014102400100429,2014년 10월 24일 16시,금요일,광주광역시 북구 운암동,중상사고,0,1,0,0,차대사람 - 기타,안전운전불이행,건조,맑음,단일로 - 기타,승용,남,36세,기타불명,보행자,여,79세,중상
2014102400100474,2014년 10월 24일 17시,금요일,광주광역시 광산구 산정동,경상사고,0,0,1,0,차대차 - 기타,기타,건조,맑음,교차로 - 교차로부근,승합,남,65세,상해없음,승용,남,27세,상해없음
2014102400100533,2014년 10월 24일 18시,금요일,광주광역시 광산구 복룡동,중상사고,0,1,0,0,차대차 - 추돌 - 진행중,안전운전불이행,건조,맑음,단일로 - 기타,승용,남,30세,상해없음,원동기,여,64세,중상
2014102400100534,2014년 10월 24일 18시,금요일,광주광역시 광산구 우산동,경상사고,0,0,2,0,차대차 - 기타,안전운전불이행,건조,맑음,단일로 - 기타,승용,여,46세,경상,승용,여,34세,경상
2014102400100612,2014년 10월 24일 20시,금요일,광주광역시 서구 금호동,경상사고,0,0,1,0,차대차 - 기타,안전운전불이행,건조,맑음,단일로 - 기타,승용,남,56세,상해없음,원동기,남,17세,경상
2014102400100613,2014년 10월 24일 20시,금요일,광주광역시 북구 두암동,경상사고,0,0,1,0,차대차 - 측면직각충돌,안전거리미확보,건조,맑음,단일로 - 기타,승용,남,29세,상해없음,원동기,남,22세,경상
2014102400100668,2014년 10월 24일 22시,금요일,광주광역시 북구 오치동,경상사고,0,0,1,0,차대차 - 추돌 - 주정차중,안전운전불이행,건조,맑음,교차로 - 교차로부근,승용,여,54세,상해없음,승용,남,57세,경상
2014102400100705,2014년 10월 24일 23시,금요일,광주광역시 서구 치평동,경상사고,0,0,2,0,차대차 - 기타,안전운전불이행,건조,맑음,교차로 - 교차로안,승용,여,23세,상해없음,승용,남,39세,경상
2014102400100706,2014년 10월 24일 23시,금요일,광주광역시 남구 주월동,경상사고,0,0,1,0,차대차 - 추돌 - 진행중,안전거리미확보,건조,맑음,단일로 - 기타,승용,여,29세,상해없음,승용,여,28세,경상
2014102500100023,2014년 10월 25일 00시,토요일,광주광역시 광산구 신가동,경상사고,0,0,3,0,차대차 - 측면직각충돌,신호위반,건조,맑음,교차로 - 교차로안,승용,남,37세,상해없음,승용,남,22세,경상
2014102500100039,2014년 10월 25일 01시,토요일,광주광역시 북구 두암동,중상사고,0,1,0,0,차대차 - 측면직각충돌,교차로운행방법위반,건조,맑음,교차로 - 교차로안,승용,남,51세,상해없음,이륜,남,17세,중상
2014102500100040,2014년 10월 25일 01시,토요일,광주광역시 광산구 장덕동,경상사고,0,0,2,0,차대차 - 추돌 - 주정차중,안전거리미확보,건조,맑음,단일로 - 기타,승용,남,19세,경상,승용,남,55세,경상
2014102500100071,2014년 10월 25일 03시,토요일,광주광역시 서구 화정동,경상사고,0,0,1,0,차대차 - 측면직각충돌,안전거리미확보,건조,맑음,교차로 - 교차로안,기타불명,기타불명,기타불명,기타불명,승용,남,29세,경상
2014102500100086,2014년 10월 25일 04시,토요일,광주광역시 북구 양산동,경상사고,0,0,1,0,차량단독 - 주차차량충돌,안전운전불이행,건조,맑음,단일로 - 기타,승용,여,31세,경상,,,,
2014102500100087,2014년 10월 25일 04시,토요일,광주광역시 북구 임동,경상사고,0,0,1,0,차대차 - 추돌 - 주정차중,안전운전불이행,건조,맑음,교차로 - 교차로부근,승용,남,27세,상해없음,승용,남,64세,경상
2014102500100122,2014년 10월 25일 06시,토요일,광주광역시 광산구 소촌동,경상사고,0,0,1,0,차대사람 - 횡단중,안전운전불이행,건조,맑음,단일로 - 기타,승용,남,33세,상해없음,보행자,남,23세,경상
2014102500100204,2014년 10월 25일 09시,토요일,광주광역시 광산구 장덕동,경상사고,0,0,1,1,차대차 - 정면충돌,안전운전불이행,건조,맑음,단일로 - 기타,화물,남,39세,부상신고,승용,남,55세,경상
2014102500100264,2014년 10월 25일 11시,토요일,광주광역시 서구 농성동,경상사고,0,0,4,0,차대차 - 기타,신호위반,건조,맑음,교차로 - 교차로안,승용,남,66세,경상,승용,여,29세,경상
2014102500100306,2014년 10월 25일 12시,토요일,광주광역시 동구 학동,경상사고,0,0,1,0,차대차 - 측면직각충돌,신호위반,건조,맑음,교차로 - 교차로부근,화물,남,31세,상해없음,화물,남,36세,경상
2014102500100307,2014년 10월 25일 12시,토요일,광주광역시 남구 송하동,경상사고,0,0,1,0,차대차 - 기타,안전거리미확보,건조,맑음,교차로 - 교차로부근,승용,여,27세,상해없음,승용,남,40세,경상
2014102500100342,2014년 10월 25일 13시,토요일,광주광역시 광산구 비아동,경상사고,0,0,1,0,차대차 - 추돌 - 진행중,차로위반,건조,맑음,단일로 - 기타,승용,남,57세,상해없음,승용,남,28세,경상
2014102500100374,2014년 10월 25일 14시,토요일,광주광역시 서구 농성동,경상사고,0,0,2,0,차대차 - 추돌 - 주정차중,안전운전불이행,건조,맑음,교차로 - 교차로부근,승용,남,33세,상해없음,승용,남,31세,경상
2014102500100402,2014년 10월 25일 15시,토요일,광주광역시 서구 쌍촌동,경상사고,0,0,1,0,차대사람 - 기타,안전운전불이행,건조,맑음,단일로 - 횡단보도상,승용,남,46세,상해없음,보행자,남,9세,경상
2014102500100488,2014년 10월 25일 17시,토요일,광주광역시 북구 문흥동,중상사고,0,1,0,0,차대사람 - 횡단중,보행자보호의무위반,건조,맑음,교차로 - 교차로안,승용,남,58세,상해없음,보행자,남,71세,중상
2014102500100489,2014년 10월 25일 17시,토요일,광주광역시 광산구 소촌동,경상사고,0,0,4,0,차대차 - 추돌 - 진행중,교차로운행방법위반,건조,맑음,교차로 - 교차로안,승용,남,44세,경상,승용,남,41세,경상
2014102500100545,2014년 10월 25일 18시,토요일,광주광역시 서구 치평동,경상사고,0,0,2,0,차대차 - 추돌 - 주정차중,안전거리미확보,건조,맑음,교차로 - 교차로부근,승용,남,46세,기타불명,승용,남,23세,경상
2014102500100546,2014년 10월 25일 18시,토요일,광주광역시 광산구 송정동,경상사고,0,0,1,0,차대사람 - 횡단중,안전운전불이행,건조,맑음,교차로 - 교차로안,승합,여,58세,상해없음,보행자,여,14세,경상
2014102500100607,2014년 10월 25일 19시,토요일,광주광역시 북구 양산동,중상사고,0,1,0,0,차대사람 - 횡단중,과속,건조,흐림,교차로 - 교차로안,승용,남,47세,상해없음,보행자,여,66세,중상
2014102500100608,2014년 10월 25일 19시,토요일,광주광역시 광산구 신촌동,경상사고,0,0,2,0,차대차 - 측면직각충돌,중앙선침범,건조,맑음,단일로 - 기타,승용,남,57세,상해없음,승용,남,43세,경상
2014102500100673,2014년 10월 25일 21시,토요일,광주광역시 서구 서창동,경상사고,0,0,2,0,차대차 - 측면직각충돌,안전거리미확보,건조,맑음,단일로 - 기타,승용,남,56세,기타불명,승용,남,45세,경상
2014102500100674,2014년 10월 25일 21시,토요일,광주광역시 광산구 수완동,경상사고,0,0,1,0,차대차 - 측면직각충돌,교차로운행방법위반,건조,맑음,교차로 - 교차로안,승용,남,40세,상해없음,이륜,남,18세,경상
2014102500100699,2014년 10월 25일 22시,토요일,광주광역시 광산구 송정동,경상사고,0,0,1,0,차대차 - 측면직각충돌,신호위반,건조,맑음,단일로 - 기타,기타불명,기타불명,기타불명,기타불명,자전거,남,58세,경상
2014102600100020,2014년 10월 26일 00시,일요일,광주광역시 서구 양동,중상사고,0,1,4,0,차대차 - 기타,중앙선침범,건조,맑음,단일로 - 기타,승용,남,23세,경상,승용,남,45세,경상
2014102600100021,2014년 10월 26일 00시,일요일,광주광역시 북구 화암동,중상사고,0,1,1,0,차량단독 - 공작물충돌,안전운전불이행,건조,맑음,단일로 - 기타,승용,남,22세,경상,,,,
2014102600100022,2014년 10월 26일 00시,일요일,광주광역시 광산구 신창동,중상사고,0,2,0,0,차량단독 - 공작물충돌,안전운전불이행,건조,맑음,단일로 - 기타,승용,남,31세,중상,,,,
2014102600100082,2014년 10월 26일 05시,일요일,광주광역시 북구 운암동,경상사고,0,0,1,0,차대차 - 측면직각충돌,안전운전불이행,건조,맑음,교차로 - 교차로안,승용,남,49세,상해없음,승용,남,47세,상해없음
2014102600100096,2014년 10월 26일 06시,일요일,광주광역시 남구 진월동,경상사고,0,0,1,0,차대차 - 기타,불법유턴,건조,맑음,단일로 - 기타,승용,남,62세,상해없음,승용,여,31세,경상
2014102600100097,2014년 10월 26일 06시,일요일,광주광역시 남구 주월동,경상사고,0,0,1,0,차대차 - 기타,안전거리미확보,건조,맑음,단일로 - 기타,승용,남,53세,상해없음,승용,남,59세,경상
2014102600100134,2014년 10월 26일 08시,일요일,광주광역시 광산구 운남동,중상사고,0,1,0,0,차대차 - 측면직각충돌,교차로운행방법위반,건조,맑음,교차로 - 교차로안,이륜,남,84세,중상,승합,남,48세,상해없음
2014102600100146,2014년 10월 26일 09시,일요일,광주광역시 남구 노대동,중상사고,0,1,1,0,차대차 - 추돌 - 진행중,안전운전불이행,건조,맑음,단일로 - 기타,승용,여,39세,상해없음,이륜,남,70세,경상
2014102600100170,2014년 10월 26일 10시,일요일,광주광역시 남구 백운동,경상사고,0,0,1,0,차대차 - 추돌 - 주정차중,안전운전불이행,건조,맑음,교차로 - 교차로부근,승용,남,65세,상해없음,승용,여,33세,경상
2014102600100196,2014년 10월 26일 11시,일요일,광주광역시 북구 두암동,경상사고,0,0,1,0,차대차 - 측면직각충돌,안전운전불이행,건조,맑음,교차로 - 교차로안,이륜,남,43세,경상,승용,남,53세,상해없음
2014102600100226,2014년 10월 26일 12시,일요일,광주광역시 서구 쌍촌동,경상사고,0,0,1,0,차대차 - 추돌 - 주정차중,안전거리미확보,건조,맑음,단일로 - 기타,승용,남,58세,상해없음,승용,남,52세,상해없음
2014102600100227,2014년 10월 26일 12시,일요일,광주광역시 남구 송하동,경상사고,0,0,2,0,차대차 - 기타,안전운전불이행,건조,맑음,단일로 - 기타,승용,여,56세,상해없음,승용,남,61세,경상
2014102600100228,2014년 10월 26일 12시,일요일,광주광역시 북구 생용동,경상사고,0,0,4,0,차대차 - 추돌 - 주정차중,안전거리미확보,건조,맑음,교차로 - 교차로안,승용,남,47세,상해없음,승용,여,34세,경상
2014102600100256,2014년 10월 26일 13시,일요일,광주광역시 북구 용봉동,경상사고,0,0,1,0,차대차 - 추돌 - 진행중,안전운전불이행,건조,맑음,단일로 - 기타,승용,남,27세,상해없음,이륜,남,21세,경상
2014102600100319,2014년 10월 26일 15시,일요일,광주광역시 서구 화정동,경상사고,0,0,1,0,차대차 - 추돌 - 진행중,안전운전불이행,건조,맑음,단일로 - 기타,승용,남,54세,상해없음,승용,남,26세,경상
2014102600100350,2014년 10월 26일 16시,일요일,광주광역시 남구 주월동,경상사고,0,0,2,0,차대차 - 측면직각충돌,교차로운행방법위반,건조,맑음,교차로 - 교차로안,승용,남,52세,상해없음,승용,남,67세,상해없음
2014102600100391,2014년 10월 26일 17시,일요일,광주광역시 광산구 신창동,경상사고,0,0,1,0,차대차 - 추돌 - 주정차중,중앙선침범,건조,맑음,단일로 - 기타,화물,남,43세,상해없음,승용,남,67세,경상
2014102600100434,2014년 10월 26일 18시,일요일,광주광역시 서구 화정동,중상사고,0,1,0,0,차대차 - 측면직각충돌,직진우회전진행방해,건조,맑음,교차로 - 교차로안,승용,여,60세,상해없음,이륜,남,71세,중상
2014102600100435,2014년 10월 26일 18시,일요일,광주광역시 북구 신용동,경상사고,0,0,1,0,차대사람 - 횡단중,안전운전불이행,건조,맑음,단일로 - 횡단보도부근,승용,여,51세,상해없음,보행자,여,51세,경상
2014102600100465,2014년 10월 26일 19시,일요일,광주광역시 동구 산수동,경상사고,0,0,3,0,차대차 - 측면직각충돌,신호위반,건조,맑음,교차로 - 교차로안,승용,남,37세,경상,승용,남,48세,경상
2014102600100509,2014년 10월 26일 20시,일요일,광주광역시 북구 용봉동,경상사고,0,0,1,0,차대사람 - 횡단중,안전운전불이행,건조,맑음,단일로 - 기타,승용,남,40세,상해없음,보행자,남,45세,경상
2014102600100510,2014년 10월 26일 20시,일요일,광주광역시 광산구 수완동,중상사고,0,1,0,0,차대차 - 측면직각충돌,중앙선침범,건조,맑음,단일로 - 기타,승용,남,41세,상해없음,이륜,남,36세,중상
2014102600100539,2014년 10월 26일 21시,일요일,광주광역시 광산구 신가동,중상사고,0,1,0,0,차대차 - 기타,안전운전불이행,건조,맑음,단일로 - 기타,승용,남,60세,상해없음,승용,남,29세,중상
2014102600100558,2014년 10월 26일 22시,일요일,광주광역시 북구 운암동,경상사고,0,0,1,0,차대차 - 측면직각충돌,신호위반,건조,맑음,교차로 - 교차로안,승용,남,30세,상해없음,승용,남,56세,경상
2014102600100559,2014년 10월 26일 22시,일요일,광주광역시 광산구 쌍암동,중상사고,0,1,0,0,차량단독 - 공작물충돌,안전운전불이행,건조,맑음,교차로 - 교차로부근,승용,여,44세,중상,,,,
2014102600100576,2014년 10월 26일 23시,일요일,광주광역시 광산구 쌍암동,경상사고,0,0,1,0,차대차 - 측면직각충돌,교차로운행방법위반,습기,비,교차로 - 교차로안,승용,여,43세,상해없음,승용,남,57세,경상
2014102700100028,2014년 10월 27일 01시,월요일,광주광역시 북구 운암동,부상신고사고,0,0,0,1,차대사람 - 횡단중,불법유턴,습기,흐림,교차로 - 교차로부근,승용,남,38세,상해없음,보행자,남,48세,부상신고
2014102700100070,2014년 10월 27일 06시,월요일,광주광역시 북구 양산동,경상사고,0,0,1,0,차대사람 - 횡단중,안전운전불이행,건조,맑음,단일로 - 기타,승용,기타불명,기타불명,기타불명,보행자,여,73세,경상
2014102700100098,2014년 10월 27일 07시,월요일,광주광역시 서구 농성동,경상사고,0,0,7,0,차대차 - 측면직각충돌,교차로운행방법위반,건조,맑음,교차로 - 교차로안,승용,여,28세,상해없음,승합,남,55세,상해없음
2014102700100099,2014년 10월 27일 07시,월요일,광주광역시 서구 쌍촌동,경상사고,0,0,2,0,차대차 - 측면직각충돌,신호위반,건조,맑음,교차로 - 교차로안,승용,여,68세,상해없음,승용,남,45세,경상
2014102700100100,2014년 10월 27일 07시,월요일,광주광역시 북구 신안동,경상사고,0,0,2,0,차대사람 - 길가장자리구역통행중,안전운전불이행,건조,맑음,단일로 - 기타,승용,남,40세,상해없음,보행자,남,51세,경상
2014102700100139,2014년 10월 27일 08시,월요일,광주광역시 남구 송하동,경상사고,0,0,1,0,차대차 - 측면직각충돌,안전운전불이행,건조,맑음,단일로 - 기타,승용,남,72세,상해없음,승용,남,24세,경상
2014102700100180,2014년 10월 27일 09시,월요일,광주광역시 광산구 쌍암동,경상사고,0,0,1,0,차대사람 - 기타,안전운전불이행,건조,맑음,교차로 - 교차로부근,승용,여,45세,상해없음,보행자,여,27세,경상
2014102700100181,2014년 10월 27일 09시,월요일,광주광역시 광산구 우산동,경상사고,0,0,1,0,차대차 - 측면직각충돌,안전거리미확보,건조,맑음,단일로 - 기타,승용,남,51세,상해없음,승용,남,29세,경상
2014102700100217,2014년 10월 27일 10시,월요일,광주광역시 동구 호남동,경상사고,0,0,1,0,차대차 - 측면직각충돌,신호위반,건조,맑음,교차로 - 교차로안,승용,남,30세,경상,승용,남,30세,상해없음
2014102700100218,2014년 10월 27일 10시,월요일,광주광역시 남구 봉선동,경상사고,0,0,3,0,차대차 - 측면직각충돌,중앙선침범,건조,맑음,교차로 - 교차로부근,승용,여,50세,상해없음,승용,남,76세,경상
2014102700100286,2014년 10월 27일 12시,월요일,광주광역시 서구 화정동,경상사고,0,0,4,0,차대차 - 추돌 - 주정차중,안전운전불이행,건조,맑음,단일로 - 기타,승용,남,39세,상해없음,승용,여,36세,경상
2014102700100287,2014년 10월 27일 12시,월요일,광주광역시 북구 양산동,사망사고,1,0,0,0,차대사람 - 보도통행중,기타,건조,맑음,단일로 - 기타,화물,남,42세,상해없음,보행자,여,87세,사망
2014102700100288,2014년 10월 27일 12시,월요일,광주광역시 북구 양산동,경상사고,0,0,2,0,차대차 - 측면직각충돌,차로위반,건조,맑음,교차로 - 교차로안,승용,남,54세,상해없음,승용,여,58세,경상
2014102700100289,2014년 10월 27일 12시,월요일,광주광역시 광산구 선암동,경상사고,0,0,1,0,차대차 - 기타,차로위반,건조,맑음,교차로 - 교차로부근,특수,남,67세,상해없음,승용,남,56세,경상
2014102700100332,2014년 10월 27일 13시,월요일,광주광역시 광산구 비아동,경상사고,0,0,1,0,차대차 - 추돌 - 진행중,차로위반,건조,맑음,단일로 - 기타,특수,남,52세,상해없음,승용,여,30세,경상
2014102700100364,2014년 10월 27일 14시,월요일,광주광역시 동구 산수동,경상사고,0,0,1,0,차대차 - 측면직각충돌,안전거리미확보,건조,맑음,단일로 - 기타,승용,남,63세,상해없음,승용,남,34세,경상
2014102700100399,2014년 10월 27일 15시,월요일,광주광역시 서구 광천동,중상사고,0,1,0,0,차대차 - 기타,교차로운행방법위반,건조,맑음,교차로 - 교차로안,승용,여,55세,상해없음,자전거,남,85세,중상
2014102700100438,2014년 10월 27일 16시,월요일,광주광역시 동구 동명동,경상사고,0,0,2,0,차대차 - 측면직각충돌,교차로운행방법위반,건조,맑음,교차로 - 교차로안,승용,여,53세,경상,승용,남,36세,경상
2014102700100487,2014년 10월 27일 17시,월요일,광주광역시 동구 금동,경상사고,0,0,4,0,차대차 - 기타,신호위반,건조,맑음,교차로 - 교차로안,승용,여,59세,상해없음,승합,남,49세,경상
2014102700100488,2014년 10월 27일 17시,월요일,광주광역시 북구 임동,경상사고,0,0,1,0,차대차 - 측면직각충돌,안전거리미확보,건조,맑음,단일로 - 교량,화물,남,56세,상해없음,승용,여,67세,경상
2014102700100550,2014년 10월 27일 18시,월요일,광주광역시 북구 신안동,경상사고,0,0,1,0,차대차 - 기타,안전운전불이행,건조,맑음,단일로 - 기타,승용,남,23세,상해없음,이륜,남,71세,경상
2014102700100589,2014년 10월 27일 19시,월요일,광주광역시 서구 쌍촌동,경상사고,0,0,3,0,차대차 - 추돌 - 진행중,안전운전불이행,건조,맑음,단일로 - 기타,승용,남,28세,경상,승용,남,25세,경상
2014102700100590,2014년 10월 27일 19시,월요일,광주광역시 북구 신용동,경상사고,0,0,1,0,차대차 - 추돌 - 주정차중,안전운전불이행,건조,맑음,교차로 - 교차로부근,승용,남,46세,상해없음,승용,남,42세,경상
2014102700100591,2014년 10월 27일 19시,월요일,광주광역시 서구 동천동,경상사고,0,0,2,0,차대차 - 측면직각충돌,안전운전불이행,건조,맑음,단일로 - 기타,승용,남,47세,상해없음,승용,남,47세,경상
2014102700100618,2014년 10월 27일 20시,월요일,광주광역시 북구 삼각동,경상사고,0,0,1,0,차대차 - 측면직각충돌,안전운전불이행,건조,맑음,교차로 - 교차로부근,승용,남,49세,상해없음,승용,남,31세,경상
2014102700100619,2014년 10월 27일 20시,월요일,광주광역시 북구 매곡동,경상사고,0,0,1,0,차대사람 - 횡단중,안전운전불이행,건조,맑음,교차로 - 교차로안,승합,남,41세,상해없음,보행자,남,23세,경상
2014102700100648,2014년 10월 27일 21시,월요일,광주광역시 북구 신용동,중상사고,0,1,0,0,차대차 - 측면직각충돌,안전운전불이행,건조,맑음,단일로 - 기타,화물,남,40세,상해없음,이륜,남,39세,중상
2014102700100692,2014년 10월 27일 23시,월요일,광주광역시 서구 금호동,경상사고,0,0,1,0,차대차 - 추돌 - 주정차중,안전운전불이행,건조,맑음,단일로 - 기타,승용,남,53세,상해없음,승합,남,48세,경상
2014102700100693,2014년 10월 27일 23시,월요일,광주광역시 서구 화정동,경상사고,0,0,2,0,차대차 - 기타,차로위반,건조,흐림,단일로 - 기타,승용,남,31세,기타불명,승용,남,44세,경상
2014102800100036,2014년 10월 28일 02시,화요일,광주광역시 서구 마륵동,경상사고,0,0,1,0,차대차 - 측면직각충돌,차로위반,건조,맑음,단일로 - 기타,승용,남,34세,상해없음,승용,남,27세,경상
2014102800100037,2014년 10월 28일 02시,화요일,광주광역시 북구 중흥동,경상사고,0,0,2,0,차대사람 - 차도통행중,안전운전불이행,건조,맑음,교차로 - 교차로부근,승용,남,33세,상해없음,보행자,남,22세,경상
2014102800100053,2014년 10월 28일 05시,화요일,광주광역시 광산구 산월동,경상사고,0,0,3,0,차대차 - 추돌 - 주정차중,안전운전불이행,건조,맑음,교차로 - 교차로부근,승용,남,26세,상해없음,승용,남,51세,경상
2014102800100097,2014년 10월 28일 07시,화요일,광주광역시 동구 금남로5가,경상사고,0,0,5,0,차대차 - 측면직각충돌,신호위반,건조,맑음,교차로 - 교차로안,승합,남,40세,상해없음,승합,남,65세,경상
2014102800100153,2014년 10월 28일 08시,화요일,광주광역시 광산구 장덕동,경상사고,0,0,1,0,차대차 - 측면직각충돌,안전거리미확보,건조,맑음,단일로 - 기타,승합,남,33세,기타불명,승용,남,51세,경상
2014102800100185,2014년 10월 28일 09시,화요일,광주광역시 광산구 수완동,경상사고,0,0,3,0,차대차 - 추돌 - 진행중,교차로운행방법위반,건조,맑음,교차로 - 교차로안,승용,남,65세,경상,승용,여,39세,경상
2014102800100252,2014년 10월 28일 11시,화요일,광주광역시 서구 화정동,경상사고,0,0,1,0,차대차 - 측면직각충돌,안전운전불이행,건조,맑음,교차로 - 교차로부근,화물,남,66세,기타불명,승용,여,53세,경상
2014102800100253,2014년 10월 28일 11시,화요일,광주광역시 북구 신안동,경상사고,0,0,1,0,차대차 - 측면직각충돌,차로위반,건조,맑음,단일로 - 기타,승용,여,64세,상해없음,승용,여,49세,경상
2014102800100254,2014년 10월 28일 11시,화요일,광주광역시 광산구 안청동,경상사고,0,0,2,0,차대차 - 측면직각충돌,신호위반,건조,맑음,교차로 - 교차로안,화물,여,54세,경상,화물,남,53세,경상
2014102800100289,2014년 10월 28일 12시,화요일,광주광역시 북구 운암동,경상사고,0,0,2,0,차대차 - 측면직각충돌,안전운전불이행,건조,맑음,단일로 - 기타,승용,여,38세,상해없음,화물,남,38세,경상
2014102800100313,2014년 10월 28일 13시,화요일,광주광역시 광산구 월곡동,경상사고,0,0,2,0,차대차 - 추돌 - 주정차중,안전운전불이행,건조,맑음,단일로 - 기타,승용,남,23세,상해없음,승용,남,38세,경상
2014102800100314,2014년 10월 28일 13시,화요일,광주광역시 광산구 하남동,사망사고,1,0,0,0,차대차 - 측면직각충돌,신호위반,건조,맑음,교차로 - 교차로안,승용,남,55세,상해없음,원동기,남,43세,사망
2014102800100351,2014년 10월 28일 14시,화요일,광주광역시 광산구 월계동,경상사고,0,0,2,0,차대차 - 추돌 - 진행중,안전운전불이행,건조,맑음,단일로 - 기타,승용,여,31세,상해없음,승용,여,36세,경상
2014102800100391,2014년 10월 28일 15시,화요일,광주광역시 북구 운암동,중상사고,0,1,0,0,차대차 - 측면직각충돌,교차로운행방법위반,건조,맑음,교차로 - 교차로안,승용,남,33세,상해없음,원동기,남,19세,중상
2014102800100422,2014년 10월 28일 16시,화요일,광주광역시 북구 문흥동,경상사고,0,0,1,0,차량단독 - 기타,안전운전불이행,건조,맑음,단일로 - 기타,승용,남,50세,상해없음,,,,
2014102800100423,2014년 10월 28일 16시,화요일,광주광역시 광산구 수완동,중상사고,0,1,0,0,차대사람 - 횡단중,안전운전불이행,건조,맑음,단일로 - 기타,승용,여,47세,상해없음,보행자,여,9세,중상
2014102800100424,2014년 10월 28일 16시,화요일,광주광역시 광산구 우산동,경상사고,0,0,3,0,차대차 - 측면직각충돌,교차로운행방법위반,건조,맑음,교차로 - 교차로안,승용,남,33세,상해없음,승합,남,46세,상해없음
2014102800100456,2014년 10월 28일 17시,화요일,광주광역시 남구 진월동,경상사고,0,0,1,0,차대차 - 측면직각충돌,불법유턴,건조,맑음,단일로 - 기타,승용,남,54세,상해없음,승용,남,60세,경상
2014102800100457,2014년 10월 28일 17시,화요일,광주광역시 북구 문흥동,부상신고사고,0,0,0,1,차대차 - 측면직각충돌,직진우회전진행방해,건조,맑음,교차로 - 교차로안,자전거,남,11세,부상신고,승용,여,59세,상해없음
2014102800100458,2014년 10월 28일 17시,화요일,광주광역시 광산구 신촌동,경상사고,0,0,1,0,차대차 - 추돌 - 주정차중,안전운전불이행,건조,맑음,교차로 - 교차로부근,승용,남,58세,상해없음,승용,남,25세,경상
2014102800100523,2014년 10월 28일 18시,화요일,광주광역시 남구 주월동,경상사고,0,0,1,0,차대차 - 기타,안전거리미확보,건조,맑음,기타 - 기타,기타불명,기타불명,기타불명,기타불명,승용,남,54세,상해없음
2014102800100524,2014년 10월 28일 18시,화요일,광주광역시 광산구 운남동,경상사고,0,0,1,0,차대차 - 추돌 - 진행중,차로위반,건조,맑음,단일로 - 기타,승용,남,37세,상해없음,승용,남,42세,경상
2014102800100610,2014년 10월 28일 20시,화요일,광주광역시 남구 주월동,경상사고,0,0,1,0,차대사람 - 차도통행중,안전운전불이행,건조,맑음,단일로 - 기타,승용,남,55세,상해없음,보행자,남,17세,경상
2014102800100611,2014년 10월 28일 20시,화요일,광주광역시 광산구 우산동,경상사고,0,0,2,0,차대차 - 추돌 - 진행중,교차로운행방법위반,건조,맑음,교차로 - 교차로안,승용,여,49세,상해없음,승용,남,33세,경상
2014102800100642,2014년 10월 28일 21시,화요일,광주광역시 광산구 산정동,중상사고,0,1,1,0,차대차 - 측면직각충돌,안전운전불이행,건조,흐림,단일로 - 기타,승용,여,51세,상해없음,승용,남,45세,경상
2014102800100678,2014년 10월 28일 22시,화요일,광주광역시 서구 쌍촌동,경상사고,0,0,1,0,차대차 - 측면직각충돌,신호위반,건조,맑음,교차로 - 교차로안,승용,남,24세,상해없음,자전거,남,13세,경상
2014102800100679,2014년 10월 28일 22시,화요일,광주광역시 남구 진월동,경상사고,0,0,1,0,차대차 - 추돌 - 진행중,안전운전불이행,건조,맑음,단일로 - 기타,승용,남,40세,상해없음,승용,남,38세,경상
2014102900100140,2014년 10월 29일 08시,수요일,광주광역시 광산구 우산동,경상사고,0,0,2,0,차대차 - 측면직각충돌,교차로운행방법위반,건조,맑음,교차로 - 교차로안,승용,여,29세,상해없음,승용,여,47세,경상
2014102900100261,2014년 10월 29일 12시,수요일,광주광역시 북구 양산동,경상사고,0,0,3,0,차대차 - 기타,신호위반,건조,맑음,교차로 - 교차로안,승용,남,43세,상해없음,승용,여,53세,경상
2014102900100380,2014년 10월 29일 16시,수요일,광주광역시 서구 쌍촌동,중상사고,0,1,0,0,차대차 - 기타,기타,건조,맑음,단일로 - 기타,승용,남,65세,상해없음,이륜,남,69세,중상
2014102900100487,2014년 10월 29일 18시,수요일,광주광역시 북구 대촌동,경상사고,0,0,2,0,차대차 - 추돌 - 진행중,안전운전불이행,건조,맑음,단일로 - 기타,승용,남,37세,상해없음,승용,여,40세,경상
2014102900100488,2014년 10월 29일 18시,수요일,광주광역시 북구 매곡동,경상사고,0,0,1,0,차대차 - 추돌 - 주정차중,안전운전불이행,건조,맑음,단일로 - 기타,승용,여,46세,상해없음,승합,남,53세,경상
2014102900100489,2014년 10월 29일 18시,수요일,광주광역시 광산구 신가동,경상사고,0,0,1,0,차대차 - 추돌 - 주정차중,안전운전불이행,건조,맑음,단일로 - 기타,승용,남,60세,상해없음,승용,남,34세,상해없음