사고번호,사고일시,요일,시군구,사고내용,사망자수,중상자수,경상자수,부상신고자수,사고유형,법규위반,노면상태,기상상태,도로형태,가해운전자 차종,가해운전자 성별,가해운전자 연령,가해운전자 상해정도,피해운전자 차종,피해운전자 성별,피해운전자 연령,피해운전자 상해정도
2014102900100557,2014년 10월 29일 20시,수요일,광주광역시 북구 중흥동,경상사고,0,0,1,0,차대차 - 측면직각충돌,안전운전불이행,건조,맑음,단일로 - 기타,화물,남,54세,상해없음,승용,남,42세,경상
2014102900100558,2014년 10월 29일 20시,수요일,광주광역시 북구 우산동,중상사고,0,1,0,0,차대사람 - 차도통행중,안전운전불이행,건조,맑음,교차로 - 교차로부근,승용,여,53세,상해없음,보행자,남,8세,중상
2014102900100590,2014년 10월 29일 21시,수요일,광주광역시 남구 백운동,경상사고,0,0,2,0,차대차 - 기타,안전거리미확보,건조,맑음,교차로 - 교차로부근,승용,남,64세,기타불명,승용,남,28세,경상
2014102900100591,2014년 10월 29일 21시,수요일,광주광역시 북구 동림동,경상사고,0,0,1,0,차대차 - 측면직각충돌,안전운전불이행,건조,맑음,단일로 - 기타,승용,남,44세,상해없음,승용,여,55세,경상
2014102900100633,2014년 10월 29일 22시,수요일,광주광역시 동구 내남동,중상사고,0,6,17,1,차대차 - 추돌 - 주정차중,안전운전불이행,건조,맑음,단일로 - 기타,승합,남,64세,상해없음,승용,여,49세,중상
2014102900100660,2014년 10월 29일 23시,수요일,광주광역시 서구 쌍촌동,중상사고,0,1,1,0,차대사람 - 보도통행중,기타,건조,맑음,교차로 - 교차로안,승용,남,22세,상해없음,보행자,남,31세,경상
2014102900100661,2014년 10월 29일 23시,수요일,광주광역시 북구 두암동,경상사고,0,0,2,0,차대차 - 측면직각충돌,안전운전불이행,건조,맑음,교차로 - 교차로부근,승용,남,37세,경상,승용,남,52세,경상
2014103000100051,2014년 10월 30일 03시,목요일,광주광역시 북구 두암동,경상사고,0,0,1,0,차대차 - 기타,신호위반,건조,맑음,교차로 - 교차로부근,승용,기타불명,기타불명,기타불명,승용,남,67세,상해없음
2014103000100058,2014년 10월 30일 04시,목요일,광주광역시 광산구 오선동,경상사고,0,0,1,0,차대차 - 측면직각충돌,신호위반,건조,맑음,교차로 - 교차로안,원동기,남,27세,경상,승용,여,41세,상해없음
2014103000100068,2014년 10월 30일 05시,목요일,광주광역시 남구 진월동,경상사고,0,0,1,0,차대차 - 기타,중앙선침범,건조,맑음,교차로 - 교차로부근,자전거,남,69세,경상,승용,여,28세,상해없음
2014103000100084,2014년 10월 30일 06시,목요일,광주광역시 동구 금남로4가,경상사고,0,0,2,0,차대차 - 측면직각충돌,신호위반,건조,맑음,교차로 - 교차로안,승용,남,65세,상해없음,승용,남,58세,경상
2014103000100085,2014년 10월 30일 06시,목요일,광주광역시 북구 오치동,경상사고,0,0,1,0,차대차 - 측면직각충돌,교차로운행방법위반,건조,맑음,교차로 - 교차로부근,승용,남,41세,상해없음,승용,남,43세,경상
2014103000100115,2014년 10월 30일 07시,목요일,광주광역시 서구 금호동,중상사고,0,1,3,0,차대차 - 추돌 - 진행중,안전운전불이행,건조,맑음,교차로 - 교차로부근,승용,남,24세,경상,승용,남,64세,중상
2014103000100154,2014년 10월 30일 08시,목요일,광주광역시 서구 금호동,경상사고,0,0,1,0,차대차 - 기타,안전거리미확보,건조,맑음,단일로 - 기타,이륜,남,76세,상해없음,승용,남,34세,경상
2014103000100209,2014년 10월 30일 10시,목요일,광주광역시 북구 운암동,경상사고,0,0,3,0,차대차 - 추돌 - 주정차중,안전거리미확보,건조,맑음,교차로 - 교차로부근,승용,남,72세,상해없음,승용,남,40세,경상
2014103000100356,2014년 10월 30일 15시,목요일,광주광역시 동구 금남로3가,경상사고,0,0,1,0,차대차 - 측면직각충돌,신호위반,건조,맑음,교차로 - 교차로안,승용,남,19세,상해없음,승용,여,54세,경상
2014103000100357,2014년 10월 30일 15시,목요일,광주광역시 서구 농성동,경상사고,0,0,1,0,차대차 - 추돌 - 진행중,안전거리미확보,건조,맑음,단일로 - 기타,승용,남,31세,상해없음,승용,남,32세,경상
2014103000100358,2014년 10월 30일 15시,목요일,광주광역시 남구 대지동,경상사고,0,0,1,0,차대차 - 기타,신호위반,건조,맑음,단일로 - 기타,건설기계,남,55세,상해없음,화물,남,50세,경상
2014103000100394,2014년 10월 30일 16시,목요일,광주광역시 동구 지산동,경상사고,0,0,1,0,차대사람 - 기타,안전운전불이행,건조,맑음,단일로 - 기타,승용,남,21세,상해없음,보행자,여,21세,경상
2014103000100395,2014년 10월 30일 16시,목요일,광주광역시 북구 두암동,경상사고,0,0,1,0,차대차 - 측면직각충돌,안전운전불이행,건조,맑음,교차로 - 교차로안,승용,여,40세,상해없음,승용,남,44세,상해없음
2014103000100435,2014년 10월 30일 17시,목요일,광주광역시 광산구 신창동,중상사고,0,1,3,0,차대차 - 측면직각충돌,안전운전불이행,건조,맑음,교차로 - 교차로부근,승용,남,64세,상해없음,승용,여,28세,중상
2014103000100490,2014년 10월 30일 18시,목요일,광주광역시 서구 화정동,경상사고,0,0,8,0,차대차 - 측면직각충돌,교차로운행방법위반,건조,맑음,교차로 - 교차로안,승용,남,31세,상해없음,승합,남,60세,경상
2014103000100491,2014년 10월 30일 18시,목요일,광주광역시 광산구 복룡동,경상사고,0,0,2,0,차대차 - 추돌 - 진행중,중앙선침범,건조,맑음,교차로 - 교차로부근,승용,남,58세,경상,승용,남,49세,경상
2014103000100533,2014년 10월 30일 19시,목요일,광주광역시 서구 농성동,경상사고,0,0,1,0,차대사람 - 길가장자리구역통행중,안전운전불이행,건조,맑음,단일로 - 기타,승용,남,49세,상해없음,보행자,남,59세,경상
2014103000100534,2014년 10월 30일 19시,목요일,광주광역시 광산구 안청동,경상사고,0,0,1,0,차대차 - 측면직각충돌,중앙선침범,건조,맑음,단일로 - 기타,화물,남,57세,상해없음,화물,남,57세,경상
2014103000100535,2014년 10월 30일 19시,목요일,광주광역시 광산구 수완동,경상사고,0,0,1,0,차대차 - 측면직각충돌,신호위반,건조,맑음,교차로 - 교차로안,승용,남,38세,상해없음,이륜,남,19세,경상
2014103000100565,2014년 10월 30일 20시,목요일,광주광역시 북구 풍향동,경상사고,0,0,1,0,차대차 - 추돌 - 주정차중,안전거리미확보,건조,맑음,단일로 - 기타,승합,남,54세,상해없음,승용,남,34세,경상
2014103000100597,2014년 10월 30일 21시,목요일,광주광역시 서구 치평동,경상사고,0,0,2,0,차대차 - 기타,차로위반,건조,맑음,단일로 - 기타,승용,남,44세,상해없음,화물,남,37세,경상
2014103000100598,2014년 10월 30일 21시,목요일,광주광역시 남구 백운동,경상사고,0,0,3,0,차대차 - 기타,안전운전불이행,건조,맑음,단일로 - 기타,승합,남,62세,상해없음,승용,여,45세,경상
2014103000100599,2014년 10월 30일 21시,목요일,광주광역시 광산구 쌍암동,경상사고,0,0,3,0,차대차 - 측면직각충돌,교차로운행방법위반,건조,맑음,교차로 - 교차로안,승용,남,24세,상해없음,승용,남,33세,경상
2014103000100600,2014년 10월 30일 21시,목요일,광주광역시 광산구 쌍암동,경상사고,0,0,1,0,차대차 - 기타,교차로운행방법위반,건조,맑음,교차로 - 교차로안,승용,여,53세,상해없음,자전거,남,21세,경상
2014103000100635,2014년 10월 30일 22시,목요일,광주광역시 동구 산수동,경상사고,0,0,2,0,차대차 - 측면직각충돌,안전운전불이행,건조,맑음,교차로 - 교차로안,승용,남,52세,상해없음,승용,남,38세,상해없음
2014103000100636,2014년 10월 30일 22시,목요일,광주광역시 동구 금남로3가,경상사고,0,0,2,0,차대차 - 기타,안전운전불이행,건조,맑음,단일로 - 기타,원동기,남,21세,경상,승용,남,22세,경상
2014103000100637,2014년 10월 30일 22시,목요일,광주광역시 광산구 수완동,경상사고,0,0,1,0,차대사람 - 기타,안전운전불이행,건조,맑음,교차로 - 교차로안,승용,남,34세,상해없음,보행자,남,37세,경상
2014103000100638,2014년 10월 30일 22시,목요일,광주광역시 광산구 장덕동,중상사고,0,1,0,0,차대사람 - 횡단중,안전운전불이행,건조,맑음,교차로 - 교차로부근,승용,여,28세,상해없음,보행자,남,40세,중상
2014103000100639,2014년 10월 30일 22시,목요일,광주광역시 광산구 수완동,경상사고,0,0,3,0,차대차 - 기타,신호위반,건조,맑음,교차로 - 교차로안,승용,남,40세,기타불명,승용,남,48세,경상
2014103000100681,2014년 10월 30일 23시,목요일,광주광역시 광산구 흑석동,경상사고,0,0,4,0,차대차 - 추돌 - 주정차중,안전운전불이행,습기,비,단일로 - 기타,승용,남,49세,상해없음,승용,여,30세,경상
2014103000100682,2014년 10월 30일 23시,목요일,광주광역시 광산구 월곡동,경상사고,0,0,1,0,차대차 - 추돌 - 주정차중,안전운전불이행,건조,맑음,교차로 - 교차로부근,승용,여,45세,상해없음,승용,남,28세,경상
2014103100100158,2014년 10월 31일 08시,금요일,광주광역시 동구 산수동,경상사고,0,0,3,0,차대차 - 측면직각충돌,교차로운행방법위반,습기,비,교차로 - 교차로안,이륜,남,48세,경상,승용,여,25세,경상
2014103100100159,2014년 10월 31일 08시,금요일,광주광역시 북구 두암동,경상사고,0,0,1,0,차대사람 - 기타,안전운전불이행,습기,비,교차로 - 교차로부근,승용,남,65세,상해없음,보행자,여,59세,경상
2014103100100265,2014년 10월 31일 12시,금요일,광주광역시 북구 매곡동,경상사고,0,0,4,0,차대차 - 추돌 - 진행중,차로위반,습기,맑음,교차로 - 교차로부근,승용,여,66세,기타불명,화물,남,68세,상해없음
2014103100100288,2014년 10월 31일 13시,금요일,광주광역시 서구 치평동,경상사고,0,0,1,0,차대차 - 기타,안전운전불이행,습기,비,교차로 - 교차로안,원동기,남,41세,경상,화물,남,44세,상해없음
2014103100100289,2014년 10월 31일 13시,금요일,광주광역시 북구 양산동,경상사고,0,0,1,0,차대차 - 추돌 - 주정차중,불법유턴,습기,비,단일로 - 기타,승용,남,23세,상해없음,승용,여,47세,상해없음
2014103100100290,2014년 10월 31일 13시,금요일,광주광역시 광산구 장덕동,경상사고,0,0,1,0,차대차 - 기타,신호위반,습기,비,교차로 - 교차로안,원동기,남,49세,경상,승용,남,58세,상해없음
2014103100100345,2014년 10월 31일 15시,금요일,광주광역시 북구 용봉동,경상사고,0,0,1,0,차대차 - 측면직각충돌,교차로운행방법위반,건조,맑음,교차로 - 교차로안,승용,여,52세,상해없음,승용,남,38세,경상
2014103100100346,2014년 10월 31일 15시,금요일,광주광역시 북구 용봉동,경상사고,0,0,2,0,차대차 - 기타,안전운전불이행,습기,흐림,단일로 - 기타,승용,남,45세,경상,승용,남,32세,경상
2014103100100347,2014년 10월 31일 15시,금요일,광주광역시 광산구 장덕동,경상사고,0,0,2,0,차대차 - 추돌 - 진행중,안전운전불이행,건조,맑음,교차로 - 교차로부근,승용,남,69세,상해없음,승용,여,34세,경상
2014103100100380,2014년 10월 31일 16시,금요일,광주광역시 서구 서창동,경상사고,0,0,1,0,차대차 - 기타,안전운전불이행,습기,비,교차로 - 교차로안,기타불명,기타불명,기타불명,기타불명,승용,여,44세,경상
2014103100100435,2014년 10월 31일 17시,금요일,광주광역시 북구 운암동,경상사고,0,0,1,0,차량단독 - 전도전복,안전운전불이행,건조,맑음,단일로 - 기타,자전거,남,16세,경상,,,,
2014103100100520,2014년 10월 31일 18시,금요일,광주광역시 동구 학동,경상사고,0,0,3,0,차대차 - 추돌 - 진행중,안전거리미확보,습기,비,단일로 - 기타,승용,남,63세,상해없음,승용,남,24세,경상
2014103100100521,2014년 10월 31일 18시,금요일,광주광역시 남구 월산동,경상사고,0,0,1,0,차대사람 - 기타,안전운전불이행,건조,맑음,교차로 - 교차로부근,승용,남,62세,상해없음,보행자,남,69세,경상
2014103100100522,2014년 10월 31일 18시,금요일,광주광역시 남구 백운동,경상사고,0,0,1,0,차량단독 - 기타,안전운전불이행,습기,비,단일로 - 기타,승합,남,60세,상해없음,,,,
2014103100100523,2014년 10월 31일 18시,금요일,광주광역시 북구 동림동,경상사고,0,0,5,0,차대차 - 측면직각충돌,중앙선침범,습기,비,단일로 - 기타,승용,남,55세,상해없음,승용,여,35세,경상
2014103100100524,2014년 10월 31일 18시,금요일,광주광역시 북구 신안동,경상사고,0,0,1,0,차대차 - 추돌 - 진행중,안전운전불이행,습기,비,교차로 - 교차로부근,승합,남,48세,상해없음,승용,여,25세,상해없음
2014103100100525,2014년 10월 31일 18시,금요일,광주광역시 광산구 우산동,중상사고,0,1,0,0,차대차 - 추돌 - 진행중,안전운전불이행,건조,맑음,단일로 - 교량,승용,남,55세,상해없음,승용,여,34세,중상
2014103100100595,2014년 10월 31일 19시,금요일,광주광역시 서구 금호동,경상사고,0,0,1,0,차대차 - 기타,안전거리미확보,습기,비,교차로 - 교차로부근,승용,남,56세,기타불명,원동기,남,29세,경상
2014103100100596,2014년 10월 31일 19시,금요일,광주광역시 북구 신안동,경상사고,0,0,1,0,차대차 - 측면직각충돌,안전운전불이행,습기,비,단일로 - 기타,승용,남,27세,상해없음,이륜,남,34세,경상
2014103100100597,2014년 10월 31일 19시,금요일,광주광역시 광산구 우산동,경상사고,0,0,1,0,차대차 - 측면직각충돌,안전거리미확보,습기,비,단일로 - 교량,화물,남,41세,상해없음,승용,여,42세,경상
2014103100100655,2014년 10월 31일 20시,금요일,광주광역시 북구 운암동,경상사고,0,0,1,0,차대사람 - 횡단중,보행자보호의무위반,습기,흐림,교차로 - 교차로부근,승용,남,56세,상해없음,보행자,남,52세,경상
2014103100100657,2014년 10월 31일 20시,금요일,광주광역시 광산구 도산동,경상사고,0,0,1,0,차대차 - 추돌 - 주정차중,안전운전불이행,습기,흐림,교차로 - 교차로부근,승용,남,59세,상해없음,화물,남,54세,경상
2014103100100658,2014년 10월 31일 20시,금요일,광주광역시 광산구 신가동,중상사고,0,1,0,1,차대차 - 기타,안전운전불이행,습기,비,교차로 - 교차로부근,승용,남,54세,상해없음,이륜,남,52세,중상
2014103100100750,2014년 10월 31일 22시,금요일,광주광역시 동구 학동,경상사고,0,0,1,0,차대사람 - 횡단중,보행자보호의무위반,습기,비,단일로 - 횡단보도상,승용,남,63세,상해없음,보행자,여,17세,경상
2014103100100751,2014년 10월 31일 22시,금요일,광주광역시 서구 치평동,경상사고,0,0,1,0,차대차 - 측면직각충돌,교차로운행방법위반,습기,흐림,교차로 - 교차로안,승용,남,52세,상해없음,승용,남,27세,상해없음
2014103100100752,2014년 10월 31일 22시,금요일,광주광역시 서구 금호동,부상신고사고,0,0,0,1,차대사람 - 횡단중,안전운전불이행,습기,흐림,교차로 - 교차로부근,승용,여,51세,상해없음,보행자,여,14세,부상신고
2014103100100753,2014년 10월 31일 22시,금요일,광주광역시 북구 오치동,경상사고,0,0,3,0,차대차 - 측면직각충돌,불법유턴,건조,맑음,단일로 - 기타,승용,남,37세,상해없음,승용,남,23세,경상
2014103100100754,2014년 10월 31일 22시,금요일,광주광역시 북구 두암동,경상사고,0,0,2,0,차대차 - 추돌 - 주정차중,안전운전불이행,건조,맑음,단일로 - 기타,승용,남,58세,상해없음,승용,남,55세,상해없음
2014103100100755,2014년 10월 31일 22시,금요일,광주광역시 광산구 도천동,경상사고,0,0,1,0,차대차 - 추돌 - 주정차중,안전운전불이행,건조,맑음,단일로 - 기타,승용,남,36세,상해없음,승용,남,43세,경상
2014103100100791,2014년 10월 31일 23시,금요일,광주광역시 광산구 신가동,경상사고,0,0,4,0,차대차 - 추돌 - 주정차중,안전운전불이행,습기,비,단일로 - 기타,승용,남,41세,상해없음,승용,남,25세,경상
2014110100100028,2014년 11월 1일 00시,토요일,광주광역시 동구 소태동,경상사고,0,0,5,0,차대차 - 추돌 - 주정차중,안전운전불이행,건조,맑음,교차로 - 교차로부근,승용,남,54세,경상,승용,남,51세,경상
2014110100100029,2014년 11월 1일 00시,토요일,광주광역시 서구 쌍촌동,경상사고,0,0,1,0,차대차 - 추돌 - 주정차중,안전운전불이행,습기,비,교차로 - 교차로부근,승용,남,30세,상해없음,승용,남,35세,경상
2014110100100030,2014년 11월 1일 00시,토요일,광주광역시 북구 두암동,경상사고,0,0,3,0,차대차 - 정면충돌,중앙선침범,습기,비,단일로 - 기타,승용,남,48세,상해없음,화물,남,61세,기타불명
2014110100100031,2014년 11월 1일 00시,토요일,광주광역시 광산구 월곡동,경상사고,0,0,1,1,차대차 - 측면직각충돌,신호위반,습기,비,교차로 - 교차로안,승용,남,50세,상해없음,승용,남,44세,경상
2014110100100065,2014년 11월 1일 01시,토요일,광주광역시 남구 백운동,경상사고,0,0,1,0,차대사람 - 길가장자리구역통행중,안전운전불이행,습기,비,단일로 - 기타,승용,여,29세,상해없음,보행자,남,32세,경상
2014110100100066,2014년 11월 1일 01시,토요일,광주광역시 북구 일곡동,경상사고,0,0,2,0,차대차 - 측면직각충돌,안전운전불이행,습기,비,교차로 - 교차로안,승용,남,43세,상해없음,승용,여,40세,경상
2014110100100121,2014년 11월 1일 03시,토요일,광주광역시 동구 대인동,경상사고,0,0,1,0,차량단독 - 공작물충돌,안전운전불이행,습기,비,단일로 - 기타,승용,남,39세,경상,,,,
2014110100100122,2014년 11월 1일 03시,토요일,광주광역시 남구 월산동,경상사고,0,0,1,0,차대차 - 추돌 - 주정차중,안전운전불이행,습기,비,교차로 - 교차로부근,승용,남,38세,경상,승용,남,39세,상해없음
2014110100100123,2014년 11월 1일 03시,토요일,광주광역시 광산구 장덕동,경상사고,0,0,1,0,차대차 - 측면직각충돌,안전거리미확보,습기,비,교차로 - 교차로부근,승합,남,73세,상해없음,승용,여,24세,경상
2014110100100151,2014년 11월 1일 05시,토요일,광주광역시 서구 농성동,경상사고,0,0,1,0,차대차 - 추돌 - 주정차중,안전운전불이행,습기,비,교차로 - 교차로부근,승용,남,53세,기타불명,승용,남,32세,상해없음
2014110100100179,2014년 11월 1일 07시,토요일,광주광역시 동구 학동,경상사고,0,0,2,0,차대차 - 기타,차로위반,습기,흐림,교차로 - 교차로부근,승용,남,60세,상해없음,승용,남,51세,경상
2014110100100261,2014년 11월 1일 10시,토요일,광주광역시 동구 학동,경상사고,0,0,1,0,차대사람 - 횡단중,보행자보호의무위반,건조,맑음,교차로 - 교차로안,승용,여,62세,상해없음,보행자,여,10세,경상
2014110100100262,2014년 11월 1일 10시,토요일,광주광역시 북구 각화동,경상사고,0,0,1,0,차대차 - 추돌 - 진행중,안전거리미확보,건조,맑음,단일로 - 기타,이륜,남,69세,경상,승용,남,50세,기타불명
2014110100100263,2014년 11월 1일 10시,토요일,광주광역시 북구 운암동,경상사고,0,0,1,0,차대차 - 추돌 - 주정차중,안전운전불이행,건조,맑음,교차로 - 교차로부근,승용,남,31세,상해없음,승용,남,67세,경상
2014110100100317,2014년 11월 1일 12시,토요일,광주광역시 북구 일곡동,경상사고,0,0,1,0,차대사람 - 횡단중,신호위반,건조,맑음,교차로 - 교차로부근,승용,남,25세,상해없음,보행자,남,9세,경상
2014110100100379,2014년 11월 1일 14시,토요일,광주광역시 광산구 장덕동,경상사고,0,0,2,0,차대차 - 측면직각충돌,신호위반,건조,맑음,교차로 - 교차로안,승용,남,56세,상해없음,승용,여,25세,경상
2014110100100418,2014년 11월 1일 15시,토요일,광주광역시 서구 농성동,경상사고,0,0,1,0,차대차 - 추돌 - 진행중,교차로운행방법위반,건조,맑음,교차로 - 교차로안,승용,여,56세,상해없음,승용,남,32세,경상
2014110100100443,2014년 11월 1일 16시,토요일,광주광역시 동구 운림동,경상사고,0,0,1,0,차대차 - 측면직각충돌,안전운전불이행,건조,맑음,단일로 - 기타,승용,남,57세,상해없음,승용,남,22세,경상
2014110100100444,2014년 11월 1일 16시,토요일,광주광역시 동구 소태동,경상사고,0,0,1,0,차대차 - 기타,안전운전불이행,건조,맑음,단일로 - 기타,승용,남,70세,상해없음,자전거,남,54세,경상
2014110100100445,2014년 11월 1일 16시,토요일,광주광역시 광산구 소촌동,경상사고,0,0,1,3,차대차 - 추돌 - 진행중,안전운전불이행,건조,맑음,단일로 - 기타,자전거,남,68세,경상,승합,남,64세,상해없음
2014110100100550,2014년 11월 1일 18시,토요일,광주광역시 북구 중흥동,경상사고,0,0,1,0,차대사람 - 기타,안전운전불이행,건조,흐림,단일로 - 기타,승용,여,50세,상해없음,보행자,남,15세,경상
2014110100100551,2014년 11월 1일 18시,토요일,광주광역시 북구 임동,경상사고,0,0,2,0,차대차 - 측면직각충돌,안전운전불이행,건조,맑음,교차로 - 교차로부근,기타불명,기타불명,기타불명,기타불명,승용,남,36세,경상
2014110100100552,2014년 11월 1일 18시,토요일,광주광역시 북구 신안동,중상사고,0,1,0,0,차대사람 - 기타,안전운전불이행,건조,맑음,단일로 - 기타,승합,남,59세,상해없음,보행자,여,72세,중상
2014110100100595,2014년 11월 1일 19시,토요일,광주광역시 광산구 장덕동,경상사고,0,0,6,0,차대차 - 추돌 - 진행중,안전운전불이행,건조,맑음,단일로 - 기타,승용,여,36세,상해없음,승용,남,28세,경상
2014110100100629,2014년 11월 1일 20시,토요일,광주광역시 북구 동림동,경상사고,0,0,1,0,차대차 - 측면직각충돌,교차로운행방법위반,건조,맑음,교차로 - 교차로부근,이륜,남,17세,경상,승용,여,55세,상해없음
2014110100100630,2014년 11월 1일 20시,토요일,광주광역시 광산구 하남동,경상사고,0,0,1,0,차대차 - 측면직각충돌,안전거리미확보,건조,맑음,단일로 - 기타,승용,남,22세,상해없음,이륜,남,17세,경상
2014110100100655,2014년 11월 1일 21시,토요일,광주광역시 북구 동림동,경상사고,0,0,2,0,차대차 - 추돌 - 주정차중,안전운전불이행,건조,맑음,교차로 - 교차로부근,승용,남,50세,상해없음,승용,남,74세,경상
2014110100100680,2014년 11월 1일 22시,토요일,광주광역시 광산구 도산동,경상사고,0,0,1,0,차량단독 - 공작물충돌,안전운전불이행,건조,맑음,단일로 - 기타,승용,여,21세,경상,,,,
2014110100100697,2014년 11월 1일 23시,토요일,광주광역시 북구 청풍동,사망사고,1,1,0,0,차량단독 - 공작물충돌,안전운전불이행,습기,흐림,단일로 - 기타,승용,남,24세,사망,,,,
2014110200100047,2014년 11월 2일 01시,일요일,광주광역시 북구 풍향동,사망사고,1,0,0,0,차대차 - 측면직각충돌,신호위반,건조,맑음,교차로 - 교차로안,이륜,남,25세,사망,승용,남,58세,상해없음
2014110200100063,2014년 11월 2일 02시,일요일,광주광역시 서구 광천동,중상사고,0,2,2,0,차대차 - 측면직각충돌,신호위반,건조,맑음,교차로 - 교차로안,승용,남,62세,중상,승용,남,47세,경상
2014110200100077,2014년 11월 2일 03시,일요일,광주광역시 북구 운암동,경상사고,0,0,3,0,차대차 - 측면직각충돌,교차로운행방법위반,건조,맑음,교차로 - 교차로안,승용,남,65세,상해없음,승용,남,46세,경상
2014110200100087,2014년 11월 2일 04시,일요일,광주광역시 동구 황금동,경상사고,0,0,2,0,차대사람 - 차도통행중,안전운전불이행,건조,맑음,단일로 - 기타,승용,남,23세,상해없음,보행자,남,19세,경상
2014110200100088,2014년 11월 2일 04시,일요일,광주광역시 북구 용봉동,경상사고,0,0,1,0,차대사람 - 기타,중앙선침범,건조,맑음,단일로 - 기타,승용,남,39세,상해없음,보행자,남,33세,경상
2014110200100089,2014년 11월 2일 04시,일요일,광주광역시 북구 운암동,경상사고,0,0,3,0,차대차 - 측면직각충돌,신호위반,건조,맑음,교차로 - 교차로안,승용,남,60세,상해없음,승용,남,28세,경상
2014110200100169,2014년 11월 2일 09시,일요일,광주광역시 서구 서창동,경상사고,0,0,2,0,차대차 - 추돌 - 주정차중,안전운전불이행,습기,비,교차로 - 교차로부근,승용,남,50세,상해없음,승용,남,58세,경상
2014110200100170,2014년 11월 2일 09시,일요일,광주광역시 광산구 월계동,경상사고,0,0,1,0,차대차 - 측면직각충돌,교차로운행방법위반,습기,비,교차로 - 교차로안,승용,여,47세,상해없음,승용,남,68세,경상
2014110200100193,2014년 11월 2일 10시,일요일,광주광역시 광산구 신가동,경상사고,0,0,1,0,차대사람 - 기타,안전운전불이행,습기,흐림,단일로 - 기타,승용,남,47세,상해없음,보행자,남,69세,경상
2014110200100249,2014년 11월 2일 13시,일요일,광주광역시 서구 매월동,경상사고,0,0,1,0,차대차 - 측면직각충돌,신호위반,건조,맑음,단일로 - 기타,승용,남,41세,경상,승용,남,52세,상해없음
2014110200100319,2014년 11월 2일 15시,일요일,광주광역시 남구 승촌동,중상사고,0,1,0,0,차량단독 - 기타,안전운전불이행,건조,맑음,교차로 - 교차로부근,원동기,남,52세,중상,,,,
2014110200100356,2014년 11월 2일 16시,일요일,광주광역시 서구 치평동,경상사고,0,0,1,0,차대차 - 추돌 - 주정차중,안전운전불이행,건조,맑음,교차로 - 교차로부근,승용,남,62세,상해없음,승용,여,47세,상해없음
2014110200100393,2014년 11월 2일 17시,일요일,광주광역시 북구 신용동,경상사고,0,0,5,0,차대차 - 측면직각충돌,교차로운행방법위반,건조,맑음,교차로 - 교차로안,승용,여,21세,경상,승용,여,44세,경상
2014110200100441,2014년 11월 2일 18시,일요일,광주광역시 서구 금호동,경상사고,0,0,1,0,차대차 - 기타,중앙선침범,건조,맑음,단일로 - 기타,승용,남,49세,상해없음,이륜,남,20세,경상
2014110200100490,2014년 11월 2일 19시,일요일,광주광역시 서구 광천동,경상사고,0,0,1,0,차대차 - 측면직각충돌,안전운전불이행,건조,맑음,단일로 - 기타,승용,남,58세,상해없음,승용,남,35세,경상
2014110200100491,2014년 11월 2일 19시,일요일,광주광역시 서구 금호동,경상사고,0,0,1,0,차대사람 - 기타,안전운전불이행,건조,맑음,단일로 - 기타,이륜,남,16세,기타불명,보행자,남,24세,경상
2014110200100525,2014년 11월 2일 20시,일요일,광주광역시 서구 화정동,경상사고,0,0,3,0,차대차 - 추돌 - 주정차중,안전운전불이행,건조,흐림,교차로 - 교차로부근,승용,여,46세,상해없음,승용,남,45세,경상
2014110200100526,2014년 11월 2일 20시,일요일,광주광역시 광산구 수완동,중상사고,0,1,0,0,차대차 - 측면직각충돌,안전거리미확보,건조,맑음,단일로 - 기타,화물,남,26세,상해없음,원동기,남,18세,중상
2014110300100065,2014년 11월 3일 06시,월요일,광주광역시 북구 삼각동,중상사고,0,1,1,0,차대차 - 측면직각충돌,신호위반,건조,맑음,교차로 - 교차로안,승용,남,63세,기타불명,승합,남,54세,중상
2014110300100138,2014년 11월 3일 08시,월요일,광주광역시 서구 풍암동,경상사고,0,0,1,0,차대사람 - 횡단중,보행자보호의무위반,건조,맑음,단일로 - 기타,승용,여,29세,상해없음,보행자,여,8세,경상
2014110300100139,2014년 11월 3일 08시,월요일,광주광역시 광산구 신창동,경상사고,0,0,1,0,차대차 - 기타,안전운전불이행,건조,맑음,교차로 - 교차로안,승용,남,51세,상해없음,자전거,남,16세,경상
2014110300100168,2014년 11월 3일 09시,월요일,광주광역시 남구 송하동,경상사고,0,0,1,0,차대차 - 기타,안전운전불이행,건조,맑음,단일로 - 기타,화물,남,52세,기타불명,승용,남,37세,경상
2014110300100169,2014년 11월 3일 09시,월요일,광주광역시 북구 용봉동,경상사고,0,0,1,0,차대사람 - 기타,안전운전불이행,건조,맑음,단일로 - 기타,승용,여,70세,상해없음,보행자,여,66세,경상
2014110300100202,2014년 11월 3일 10시,월요일,광주광역시 서구 금호동,중상사고,0,1,0,0,차대사람 - 횡단중,신호위반,건조,맑음,교차로 - 교차로안,승용,남,59세,상해없음,보행자,여,73세,중상
2014110300100257,2014년 11월 3일 12시,월요일,광주광역시 광산구 우산동,경상사고,0,0,1,0,차대차 - 측면직각충돌,신호위반,건조,맑음,교차로 - 교차로안,승용,여,55세,상해없음,건설기계,남,54세,경상