사고번호,사고일시,요일,시군구,사고내용,사망자수,중상자수,경상자수,부상신고자수,사고유형,법규위반,노면상태,기상상태,도로형태,가해운전자 차종,가해운전자 성별,가해운전자 연령,가해운전자 상해정도,피해운전자 차종,피해운전자 성별,피해운전자 연령,피해운전자 상해정도
2014110300100292,2014년 11월 3일 13시,월요일,광주광역시 동구 계림동,경상사고,0,0,1,0,차대사람 - 차도통행중,안전운전불이행,건조,맑음,단일로 - 기타,승용,여,63세,상해없음,보행자,남,56세,경상
2014110300100293,2014년 11월 3일 13시,월요일,광주광역시 동구 대인동,경상사고,0,0,3,0,차대차 - 기타,차로위반,건조,맑음,단일로 - 기타,승합,남,50세,경상,화물,남,43세,경상
2014110300100294,2014년 11월 3일 13시,월요일,광주광역시 북구 매곡동,경상사고,0,0,3,0,차대차 - 추돌 - 주정차중,안전거리미확보,건조,맑음,단일로 - 기타,승용,여,26세,상해없음,승용,남,39세,경상
2014110300100295,2014년 11월 3일 13시,월요일,광주광역시 북구 대촌동,경상사고,0,0,2,0,차대차 - 기타,중앙선침범,건조,맑음,교차로 - 교차로부근,승용,남,33세,경상,승용,남,31세,경상
2014110300100327,2014년 11월 3일 14시,월요일,광주광역시 북구 동림동,중상사고,0,1,0,0,차대차 - 기타,안전거리미확보,건조,맑음,단일로 - 기타,승용,여,28세,상해없음,이륜,여,39세,중상
2014110300100370,2014년 11월 3일 15시,월요일,광주광역시 북구 오치동,중상사고,0,1,0,0,차대사람 - 횡단중,안전운전불이행,건조,맑음,단일로 - 기타,자전거,남,15세,상해없음,보행자,여,53세,중상
2014110300100415,2014년 11월 3일 16시,월요일,광주광역시 서구 금호동,경상사고,0,0,1,0,차대차 - 기타,기타,건조,맑음,교차로 - 교차로안,승용,남,34세,상해없음,승합,남,35세,경상
2014110300100456,2014년 11월 3일 17시,월요일,광주광역시 남구 양촌동,경상사고,0,0,1,0,차대차 - 측면직각충돌,교차로운행방법위반,건조,맑음,교차로 - 교차로안,화물,남,67세,상해없음,승용,남,67세,경상
2014110300100512,2014년 11월 3일 18시,월요일,광주광역시 서구 치평동,경상사고,0,0,1,0,차대차 - 추돌 - 주정차중,안전운전불이행,건조,맑음,교차로 - 교차로부근,승용,여,46세,상해없음,승용,여,48세,경상
2014110300100513,2014년 11월 3일 18시,월요일,광주광역시 남구 백운동,경상사고,0,0,1,0,차대차 - 기타,안전운전불이행,건조,맑음,단일로 - 기타,승용,여,63세,상해없음,자전거,남,75세,경상
2014110300100584,2014년 11월 3일 20시,월요일,광주광역시 광산구 용곡동,경상사고,0,0,2,0,차대차 - 정면충돌,중앙선침범,건조,맑음,단일로 - 기타,승용,남,47세,상해없음,승용,남,48세,경상
2014110300100614,2014년 11월 3일 21시,월요일,광주광역시 서구 화정동,경상사고,0,0,1,0,차대사람 - 기타,안전운전불이행,건조,맑음,교차로 - 교차로안,승용,여,56세,상해없음,보행자,남,44세,경상
2014110300100615,2014년 11월 3일 21시,월요일,광주광역시 광산구 산막동,중상사고,0,1,1,0,차량단독 - 공작물충돌,안전운전불이행,건조,맑음,단일로 - 기타,화물,여,47세,경상,,,,
2014110300100642,2014년 11월 3일 22시,월요일,광주광역시 동구 동명동,경상사고,0,0,2,0,차대차 - 추돌 - 주정차중,안전운전불이행,건조,맑음,교차로 - 교차로부근,승용,남,48세,상해없음,승합,남,33세,경상
2014110300100643,2014년 11월 3일 22시,월요일,광주광역시 북구 운암동,경상사고,0,0,1,0,차대차 - 측면직각충돌,안전운전불이행,건조,맑음,교차로 - 교차로부근,화물,남,53세,상해없음,원동기,남,20세,경상
2014110300100668,2014년 11월 3일 23시,월요일,광주광역시 남구 월산동,중상사고,0,1,0,0,차대차 - 측면직각충돌,안전거리미확보,건조,맑음,단일로 - 기타,이륜,남,19세,상해없음,이륜,남,34세,중상
2014110300100669,2014년 11월 3일 23시,월요일,광주광역시 광산구 소촌동,중상사고,0,1,0,0,차량단독 - 공작물충돌,안전운전불이행,건조,맑음,단일로 - 기타,화물,남,20세,중상,,,,
2014110400100009,2014년 11월 4일 00시,화요일,광주광역시 서구 치평동,경상사고,0,0,5,0,차대차 - 추돌 - 진행중,신호위반,건조,맑음,교차로 - 교차로안,승용,남,41세,경상,승용,여,44세,경상
2014110400100066,2014년 11월 4일 06시,화요일,광주광역시 북구 동림동,경상사고,0,0,1,0,차대차 - 기타,안전운전불이행,건조,맑음,단일로 - 기타,화물,남,42세,상해없음,승용,여,45세,경상
2014110400100067,2014년 11월 4일 06시,화요일,광주광역시 광산구 신촌동,경상사고,0,0,1,0,차대차 - 측면직각충돌,중앙선침범,건조,맑음,단일로 - 기타,화물,남,66세,상해없음,승용,남,36세,경상
2014110400100232,2014년 11월 4일 10시,화요일,광주광역시 서구 금호동,경상사고,0,0,3,0,차대차 - 측면직각충돌,직진우회전진행방해,건조,맑음,교차로 - 교차로안,화물,남,57세,경상,승용,남,48세,경상
2014110400100265,2014년 11월 4일 11시,화요일,광주광역시 동구 지산동,중상사고,0,1,0,0,차대차 - 측면직각충돌,교차로운행방법위반,건조,맑음,교차로 - 교차로안,이륜,남,44세,중상,승용,남,50세,상해없음
2014110400100298,2014년 11월 4일 12시,화요일,광주광역시 광산구 흑석동,중상사고,0,1,1,0,차대차 - 측면직각충돌,신호위반,건조,맑음,교차로 - 교차로안,화물,남,54세,상해없음,승용,여,33세,중상
2014110400100299,2014년 11월 4일 12시,화요일,광주광역시 광산구 안청동,경상사고,0,0,4,0,차대차 - 추돌 - 진행중,안전운전불이행,건조,맑음,교차로 - 교차로부근,화물,남,67세,상해없음,승용,여,34세,경상
2014110400100334,2014년 11월 4일 13시,화요일,광주광역시 광산구 수완동,경상사고,0,0,1,0,차대차 - 측면직각충돌,교차로운행방법위반,건조,맑음,교차로 - 교차로안,승합,남,62세,상해없음,승용,남,30세,경상
2014110400100367,2014년 11월 4일 14시,화요일,광주광역시 동구 지산동,경상사고,0,0,1,0,차대차 - 기타,기타,건조,맑음,단일로 - 기타,승용,남,58세,상해없음,승용,남,27세,경상
2014110400100463,2014년 11월 4일 16시,화요일,광주광역시 서구 화정동,중상사고,0,1,0,0,차대사람 - 기타,안전운전불이행,건조,맑음,단일로 - 기타,승용,남,53세,상해없음,보행자,여,67세,중상
2014110400100464,2014년 11월 4일 16시,화요일,광주광역시 북구 신용동,경상사고,0,0,1,0,차대차 - 측면직각충돌,차로위반,건조,맑음,단일로 - 기타,승용,남,49세,상해없음,승용,남,47세,경상
2014110400100508,2014년 11월 4일 17시,화요일,광주광역시 동구 월남동,중상사고,0,1,0,0,차량단독 - 공작물충돌,안전운전불이행,건조,맑음,단일로 - 기타,이륜,남,73세,중상,,,,
2014110400100509,2014년 11월 4일 17시,화요일,광주광역시 남구 봉선동,경상사고,0,0,1,0,차량단독 - 기타,안전운전불이행,건조,맑음,단일로 - 기타,승합,남,46세,기타불명,,,,
2014110400100604,2014년 11월 4일 19시,화요일,광주광역시 동구 학동,경상사고,0,0,1,1,차대차 - 측면직각충돌,안전운전불이행,건조,흐림,단일로 - 기타,승용,남,22세,부상신고,승용,여,35세,경상
2014110400100636,2014년 11월 4일 20시,화요일,광주광역시 동구 운림동,경상사고,0,0,2,0,차대사람 - 횡단중,보행자보호의무위반,건조,맑음,단일로 - 횡단보도상,승용,남,51세,상해없음,보행자,남,48세,경상
2014110400100637,2014년 11월 4일 20시,화요일,광주광역시 북구 임동,중상사고,0,1,0,0,차대사람 - 기타,안전운전불이행,건조,맑음,교차로 - 교차로부근,승용,여,30세,상해없음,보행자,남,70세,중상
2014110400100671,2014년 11월 4일 21시,화요일,광주광역시 광산구 장덕동,경상사고,0,0,1,0,차대사람 - 길가장자리구역통행중,안전운전불이행,건조,맑음,단일로 - 기타,승용,남,52세,상해없음,보행자,여,39세,경상
2014110400100672,2014년 11월 4일 21시,화요일,광주광역시 광산구 송정동,경상사고,0,0,1,0,차대사람 - 기타,신호위반,건조,맑음,단일로 - 기타,승용,남,68세,상해없음,보행자,남,44세,경상
2014110400100706,2014년 11월 4일 22시,화요일,광주광역시 남구 주월동,경상사고,0,0,5,0,차대차 - 추돌 - 주정차중,안전거리미확보,건조,맑음,교차로 - 교차로부근,승용,남,37세,상해없음,승합,남,48세,경상
2014110400100735,2014년 11월 4일 23시,화요일,광주광역시 광산구 산월동,경상사고,0,0,1,0,차대차 - 측면직각충돌,직진우회전진행방해,건조,맑음,교차로 - 교차로안,승용,남,33세,상해없음,자전거,남,65세,경상
2014110500100034,2014년 11월 5일 01시,수요일,광주광역시 서구 광천동,경상사고,0,0,2,0,차대차 - 측면직각충돌,안전운전불이행,건조,맑음,단일로 - 기타,승용,남,31세,상해없음,승용,여,45세,경상
2014110500100035,2014년 11월 5일 01시,수요일,광주광역시 서구 화정동,경상사고,0,0,2,0,차대차 - 측면직각충돌,안전거리미확보,건조,맑음,단일로 - 기타,승용,남,30세,상해없음,승용,남,48세,경상
2014110500100076,2014년 11월 5일 05시,수요일,광주광역시 동구 소태동,경상사고,0,0,1,0,차량단독 - 공작물충돌,안전운전불이행,건조,맑음,단일로 - 기타,화물,남,45세,경상,,,,
2014110500100077,2014년 11월 5일 05시,수요일,광주광역시 동구 소태동,경상사고,0,0,1,0,차량단독 - 공작물충돌,안전운전불이행,건조,맑음,단일로 - 기타,승용,남,39세,경상,,,,
2014110500100078,2014년 11월 5일 05시,수요일,광주광역시 북구 두암동,중상사고,0,1,0,0,차대사람 - 기타,안전운전불이행,건조,맑음,단일로 - 횡단보도상,승합,남,28세,상해없음,보행자,남,62세,중상
2014110500100132,2014년 11월 5일 07시,수요일,광주광역시 서구 광천동,경상사고,0,0,4,0,차대차 - 측면직각충돌,안전거리미확보,건조,맑음,단일로 - 기타,승용,남,33세,경상,승용,여,30세,경상
2014110500100192,2014년 11월 5일 08시,수요일,광주광역시 남구 진월동,경상사고,0,0,1,0,차대차 - 측면직각충돌,안전운전불이행,건조,맑음,단일로 - 기타,승용,여,37세,상해없음,승합,남,62세,상해없음
2014110500100193,2014년 11월 5일 08시,수요일,광주광역시 광산구 수완동,경상사고,0,0,1,0,차대차 - 기타,안전운전불이행,건조,맑음,단일로 - 기타,승용,남,45세,상해없음,승용,여,51세,경상
2014110500100236,2014년 11월 5일 09시,수요일,광주광역시 북구 운암동,경상사고,0,0,1,0,차대차 - 측면직각충돌,안전거리미확보,건조,맑음,단일로 - 기타,화물,남,32세,상해없음,승용,여,28세,경상
2014110500100275,2014년 11월 5일 10시,수요일,광주광역시 서구 금호동,경상사고,0,0,1,0,차대차 - 기타,교차로운행방법위반,건조,맑음,교차로 - 교차로안,승용,남,29세,기타불명,승용,남,41세,상해없음
2014110500100276,2014년 11월 5일 10시,수요일,광주광역시 북구 두암동,경상사고,0,0,3,0,차대차 - 추돌 - 진행중,안전운전불이행,건조,맑음,단일로 - 기타,화물,남,47세,상해없음,승용,남,56세,경상
2014110500100306,2014년 11월 5일 11시,수요일,광주광역시 서구 풍암동,경상사고,0,0,1,0,차대사람 - 횡단중,보행자보호의무위반,건조,맑음,교차로 - 교차로안,승용,남,49세,상해없음,보행자,여,42세,경상
2014110500100337,2014년 11월 5일 12시,수요일,광주광역시 동구 용산동,경상사고,0,0,3,0,차대차 - 측면직각충돌,불법유턴,건조,맑음,단일로 - 기타,승용,여,51세,상해없음,승용,여,29세,경상
2014110500100369,2014년 11월 5일 13시,수요일,광주광역시 북구 운암동,경상사고,0,0,1,0,차대사람 - 길가장자리구역통행중,안전운전불이행,건조,맑음,교차로 - 교차로부근,승용,남,75세,상해없음,보행자,여,70세,경상
2014110500100393,2014년 11월 5일 14시,수요일,광주광역시 동구 금남로5가,경상사고,0,0,3,0,차대차 - 추돌 - 주정차중,안전운전불이행,건조,맑음,교차로 - 교차로부근,승용,남,23세,상해없음,승용,여,62세,경상
2014110500100394,2014년 11월 5일 14시,수요일,광주광역시 광산구 소촌동,경상사고,0,0,2,0,차대차 - 측면직각충돌,안전운전불이행,건조,맑음,단일로 - 기타,승합,남,55세,상해없음,화물,남,48세,경상
2014110500100425,2014년 11월 5일 15시,수요일,광주광역시 서구 풍암동,경상사고,0,0,1,0,차대사람 - 기타,안전운전불이행,건조,맑음,기타 - 기타,승용,여,67세,상해없음,보행자,남,4세,경상
2014110500100426,2014년 11월 5일 15시,수요일,광주광역시 북구 용봉동,경상사고,0,0,1,0,차대차 - 측면직각충돌,안전운전불이행,건조,맑음,교차로 - 교차로안,승용,기타불명,기타불명,기타불명,승용,여,52세,경상
2014110500100462,2014년 11월 5일 16시,수요일,광주광역시 남구 봉선동,경상사고,0,0,1,0,차대차 - 추돌 - 진행중,안전운전불이행,건조,맑음,단일로 - 기타,승용,남,51세,상해없음,승용,남,55세,경상
2014110500100509,2014년 11월 5일 17시,수요일,광주광역시 서구 금호동,경상사고,0,0,2,1,차대차 - 측면직각충돌,안전거리미확보,건조,맑음,교차로 - 교차로부근,화물,남,65세,상해없음,승용,남,44세,경상
2014110500100566,2014년 11월 5일 18시,수요일,광주광역시 서구 금호동,경상사고,0,0,1,0,차대사람 - 횡단중,안전운전불이행,건조,맑음,단일로 - 기타,승용,남,26세,상해없음,보행자,여,14세,경상
2014110500100567,2014년 11월 5일 18시,수요일,광주광역시 북구 풍향동,중상사고,0,1,2,0,차대차 - 측면직각충돌,안전운전불이행,건조,맑음,교차로 - 교차로부근,승용,남,67세,상해없음,이륜,남,47세,중상
2014110500100655,2014년 11월 5일 20시,수요일,광주광역시 서구 치평동,경상사고,0,0,1,0,차대차 - 기타,안전거리미확보,건조,맑음,단일로 - 기타,승용,여,25세,상해없음,승합,여,46세,상해없음
2014110500100656,2014년 11월 5일 20시,수요일,광주광역시 남구 봉선동,경상사고,0,0,1,0,차대차 - 정면충돌,안전운전불이행,건조,맑음,단일로 - 기타,승용,남,23세,상해없음,이륜,남,27세,경상
2014110500100657,2014년 11월 5일 20시,수요일,광주광역시 광산구 산정동,경상사고,0,0,1,0,차대차 - 측면직각충돌,교차로운행방법위반,건조,맑음,교차로 - 교차로안,화물,남,44세,상해없음,이륜,남,58세,경상
2014110500100726,2014년 11월 5일 22시,수요일,광주광역시 서구 금호동,경상사고,0,0,2,0,차대차 - 측면직각충돌,신호위반,건조,맑음,교차로 - 교차로안,화물,남,51세,상해없음,승용,남,56세,경상
2014110500100727,2014년 11월 5일 22시,수요일,광주광역시 남구 월산동,경상사고,0,0,1,0,차대차 - 측면직각충돌,안전거리미확보,건조,맑음,교차로 - 교차로부근,승용,남,44세,상해없음,승용,남,39세,상해없음
2014110500100728,2014년 11월 5일 22시,수요일,광주광역시 광산구 수완동,경상사고,0,0,1,0,차대차 - 추돌 - 주정차중,안전운전불이행,건조,맑음,단일로 - 기타,승용,남,30세,상해없음,승용,남,45세,경상
2014110500100729,2014년 11월 5일 22시,수요일,광주광역시 광산구 도천동,중상사고,0,1,1,0,차대차 - 기타,신호위반,건조,맑음,교차로 - 교차로안,승용,여,28세,상해없음,승용,남,31세,중상
2014110600100014,2014년 11월 6일 00시,목요일,광주광역시 광산구 송정동,부상신고사고,0,0,0,1,차대차 - 측면직각충돌,안전거리미확보,건조,맑음,교차로 - 교차로부근,자전거,남,35세,부상신고,승용,남,57세,상해없음
2014110600100033,2014년 11월 6일 03시,목요일,광주광역시 서구 치평동,경상사고,0,0,1,0,차량단독 - 기타,안전운전불이행,건조,맑음,단일로 - 기타,승용,남,48세,경상,,,,
2014110600100039,2014년 11월 6일 04시,목요일,광주광역시 남구 노대동,부상신고사고,0,0,0,1,차량단독 - 공작물충돌,안전운전불이행,건조,맑음,단일로 - 기타,승용,남,20세,부상신고,,,,
2014110600100141,2014년 11월 6일 08시,목요일,광주광역시 서구 마륵동,경상사고,0,0,1,0,차대차 - 측면직각충돌,안전거리미확보,건조,맑음,단일로 - 기타,승용,여,24세,상해없음,승용,여,35세,경상
2014110600100142,2014년 11월 6일 08시,목요일,광주광역시 동구 계림동,중상사고,0,1,0,0,차대사람 - 기타,안전운전불이행,건조,맑음,단일로 - 기타,이륜,남,76세,상해없음,보행자,여,73세,중상
2014110600100143,2014년 11월 6일 08시,목요일,광주광역시 광산구 우산동,경상사고,0,0,1,0,차대차 - 측면직각충돌,교차로운행방법위반,건조,맑음,교차로 - 교차로안,승용,남,64세,상해없음,승용,남,28세,상해없음
2014110600100175,2014년 11월 6일 09시,목요일,광주광역시 서구 치평동,경상사고,0,0,2,0,차대차 - 추돌 - 주정차중,안전거리미확보,건조,맑음,단일로 - 기타,승용,여,33세,경상,승용,여,28세,경상
2014110600100234,2014년 11월 6일 11시,목요일,광주광역시 북구 동림동,사망사고,1,0,0,0,차대차 - 측면직각충돌,안전운전불이행,건조,맑음,단일로 - 기타,화물,남,65세,상해없음,이륜,남,19세,사망
2014110600100317,2014년 11월 6일 14시,목요일,광주광역시 서구 치평동,경상사고,0,0,1,0,차대차 - 정면충돌,안전운전불이행,건조,맑음,교차로 - 교차로안,승용,여,42세,상해없음,승용,남,24세,경상
2014110600100318,2014년 11월 6일 14시,목요일,광주광역시 서구 동천동,경상사고,0,0,1,0,차대사람 - 횡단중,신호위반,건조,맑음,교차로 - 교차로안,승용,남,34세,상해없음,보행자,남,7세,경상
2014110600100432,2014년 11월 6일 17시,목요일,광주광역시 남구 주월동,경상사고,0,0,1,0,차대차 - 기타,안전운전불이행,건조,맑음,단일로 - 기타,승용,남,44세,상해없음,승용,남,53세,경상
2014110600100496,2014년 11월 6일 18시,목요일,광주광역시 동구 학동,경상사고,0,0,1,0,차대사람 - 기타,안전운전불이행,건조,맑음,단일로 - 기타,자전거,남,39세,상해없음,보행자,남,35세,경상
2014110600100497,2014년 11월 6일 18시,목요일,광주광역시 북구 두암동,경상사고,0,0,3,0,차대차 - 추돌 - 진행중,안전거리미확보,건조,맑음,단일로 - 기타,승용,남,68세,상해없음,승용,여,61세,경상
2014110600100498,2014년 11월 6일 18시,목요일,광주광역시 북구 문흥동,경상사고,0,0,1,0,차대차 - 기타,중앙선침범,건조,맑음,단일로 - 기타,화물,남,39세,상해없음,이륜,남,21세,경상
2014110600100499,2014년 11월 6일 18시,목요일,광주광역시 광산구 소촌동,중상사고,0,1,0,0,차대사람 - 횡단중,안전운전불이행,건조,맑음,교차로 - 교차로부근,승용,여,48세,상해없음,보행자,남,11세,중상
2014110600100534,2014년 11월 6일 19시,목요일,광주광역시 광산구 신촌동,경상사고,0,0,1,0,차대사람 - 횡단중,안전운전불이행,건조,맑음,단일로 - 기타,승용,남,58세,상해없음,보행자,남,64세,경상
2014110600100568,2014년 11월 6일 20시,목요일,광주광역시 북구 운암동,경상사고,0,0,1,0,차대사람 - 길가장자리구역통행중,안전운전불이행,건조,맑음,단일로 - 기타,승용,남,27세,상해없음,보행자,여,10세,경상
2014110600100620,2014년 11월 6일 22시,목요일,광주광역시 서구 유촌동,중상사고,0,1,0,0,차대차 - 추돌 - 진행중,안전거리미확보,건조,맑음,단일로 - 기타,승용,남,56세,상해없음,이륜,남,30세,중상
2014110600100621,2014년 11월 6일 22시,목요일,광주광역시 서구 화정동,중상사고,0,1,1,0,차대차 - 측면직각충돌,신호위반,건조,맑음,교차로 - 교차로안,승용,여,25세,경상,승용,여,25세,중상
2014110600100642,2014년 11월 6일 23시,목요일,광주광역시 광산구 우산동,경상사고,0,0,1,0,차대사람 - 기타,안전운전불이행,건조,맑음,단일로 - 기타,승용,남,51세,상해없음,보행자,남,47세,경상
2014110700100022,2014년 11월 7일 00시,금요일,광주광역시 북구 오치동,경상사고,0,0,1,0,차대사람 - 길가장자리구역통행중,안전운전불이행,건조,맑음,단일로 - 기타,승용,여,25세,상해없음,보행자,남,23세,경상
2014110700100039,2014년 11월 7일 01시,금요일,광주광역시 남구 주월동,경상사고,0,0,2,0,차대차 - 기타,중앙선침범,건조,맑음,단일로 - 기타,승용,남,31세,상해없음,화물,남,49세,경상
2014110700100040,2014년 11월 7일 01시,금요일,광주광역시 북구 오치동,경상사고,0,0,1,0,차대사람 - 횡단중,안전운전불이행,건조,맑음,단일로 - 기타,승용,남,70세,상해없음,보행자,남,57세,경상
2014110700100041,2014년 11월 7일 01시,금요일,광주광역시 광산구 신촌동,중상사고,0,1,0,0,차량단독 - 공작물충돌,안전운전불이행,건조,맑음,단일로 - 기타,승용,남,33세,중상,,,,
2014110700100112,2014년 11월 7일 06시,금요일,광주광역시 서구 화정동,경상사고,0,0,2,0,차대차 - 측면직각충돌,안전운전불이행,건조,맑음,단일로 - 기타,승용,여,45세,상해없음,승용,남,31세,경상
2014110700100142,2014년 11월 7일 07시,금요일,광주광역시 남구 주월동,경상사고,0,0,1,0,차대차 - 측면직각충돌,중앙선침범,건조,맑음,단일로 - 기타,승용,남,55세,상해없음,승합,남,63세,상해없음
2014110700100218,2014년 11월 7일 09시,금요일,광주광역시 광산구 수완동,경상사고,0,0,1,0,차대사람 - 기타,안전운전불이행,건조,맑음,단일로 - 기타,승용,남,35세,상해없음,보행자,남,53세,경상
2014110700100243,2014년 11월 7일 10시,금요일,광주광역시 북구 양산동,경상사고,0,0,2,0,차대차 - 측면직각충돌,신호위반,건조,맑음,교차로 - 교차로안,승용,남,29세,상해없음,승용,여,42세,경상
2014110700100271,2014년 11월 7일 11시,금요일,광주광역시 북구 임동,경상사고,0,0,1,0,차대차 - 측면직각충돌,교차로운행방법위반,건조,맑음,교차로 - 교차로안,승용,여,44세,상해없음,승용,남,45세,경상
2014110700100304,2014년 11월 7일 12시,금요일,광주광역시 서구 광천동,경상사고,0,0,1,0,차대차 - 기타,안전거리미확보,건조,맑음,단일로 - 기타,승용,여,48세,기타불명,승용,남,58세,상해없음
2014110700100401,2014년 11월 7일 15시,금요일,광주광역시 남구 월산동,경상사고,0,0,1,0,차대사람 - 횡단중,안전운전불이행,건조,맑음,단일로 - 기타,승용,남,66세,상해없음,보행자,남,40세,경상
2014110700100402,2014년 11월 7일 15시,금요일,광주광역시 북구 용봉동,경상사고,0,0,1,0,차대차 - 측면직각충돌,안전운전불이행,건조,맑음,단일로 - 기타,화물,남,27세,상해없음,승용,남,69세,경상
2014110700100433,2014년 11월 7일 16시,금요일,광주광역시 북구 본촌동,중상사고,0,1,1,0,차대차 - 정면충돌,중앙선침범,건조,맑음,단일로 - 기타,승용,남,54세,중상,화물,남,30세,경상
2014110700100434,2014년 11월 7일 16시,금요일,광주광역시 광산구 비아동,경상사고,0,0,4,0,차대차 - 추돌 - 진행중,안전운전불이행,건조,맑음,단일로 - 기타,화물,남,60세,상해없음,승합,남,38세,경상
2014110700100483,2014년 11월 7일 17시,금요일,광주광역시 남구 월산동,경상사고,0,0,2,0,차대차 - 측면직각충돌,안전운전불이행,건조,맑음,단일로 - 기타,승용,남,60세,상해없음,승용,여,54세,경상
2014110700100551,2014년 11월 7일 18시,금요일,광주광역시 동구 지산동,중상사고,0,1,0,0,차대사람 - 횡단중,안전운전불이행,건조,맑음,단일로 - 기타,승용,여,39세,상해없음,보행자,여,63세,중상
2014110700100553,2014년 11월 7일 18시,금요일,광주광역시 북구 각화동,경상사고,0,0,1,0,차대차 - 측면직각충돌,신호위반,건조,맑음,교차로 - 교차로안,승합,남,53세,상해없음,승용,여,54세,경상
2014110700100554,2014년 11월 7일 18시,금요일,광주광역시 북구 우산동,경상사고,0,0,1,0,차대차 - 측면직각충돌,직진우회전진행방해,건조,기타,교차로 - 교차로안,승용,여,49세,상해없음,자전거,남,75세,경상
2014110700100605,2014년 11월 7일 19시,금요일,광주광역시 서구 내방동,경상사고,0,0,1,0,차대차 - 측면직각충돌,안전운전불이행,건조,흐림,단일로 - 기타,승용,남,68세,상해없음,자전거,남,36세,경상
2014110700100606,2014년 11월 7일 19시,금요일,광주광역시 북구 두암동,경상사고,0,0,6,0,차대차 - 추돌 - 진행중,안전운전불이행,건조,맑음,단일로 - 기타,화물,남,29세,경상,승용,남,19세,경상
2014110700100607,2014년 11월 7일 19시,금요일,광주광역시 북구 임동,경상사고,0,0,1,0,차대차 - 추돌 - 진행중,안전거리미확보,건조,맑음,교차로 - 교차로부근,승용,남,49세,상해없음,승용,여,47세,경상
2014110700100608,2014년 11월 7일 19시,금요일,광주광역시 광산구 쌍암동,경상사고,0,0,1,0,차대사람 - 기타,안전운전불이행,건조,맑음,단일로 - 기타,승합,남,41세,상해없음,보행자,남,48세,경상
2014110700100689,2014년 11월 7일 21시,금요일,광주광역시 서구 유촌동,경상사고,0,0,1,0,차대차 - 기타,안전운전불이행,건조,맑음,단일로 - 횡단보도상,승용,남,27세,상해없음,자전거,남,21세,경상
2014110700100722,2014년 11월 7일 22시,금요일,광주광역시 동구 금동,경상사고,0,0,1,0,차대사람 - 보도통행중,보행자보호의무위반,건조,맑음,교차로 - 교차로안,승용,여,39세,상해없음,보행자,남,54세,경상
2014110800100047,2014년 11월 8일 01시,토요일,광주광역시 북구 풍향동,경상사고,0,0,1,0,차대차 - 측면직각충돌,신호위반,건조,기타,교차로 - 교차로안,화물,남,32세,상해없음,승용,남,52세,경상
2014110800100073,2014년 11월 8일 03시,토요일,광주광역시 광산구 용동,중상사고,0,1,1,0,차대차 - 측면직각충돌,신호위반,건조,맑음,교차로 - 교차로안,화물,남,60세,중상,화물,남,51세,경상
2014110800100229,2014년 11월 8일 11시,토요일,광주광역시 동구 소태동,경상사고,0,0,1,0,차량단독 - 공작물충돌,안전운전불이행,건조,흐림,단일로 - 터널,승용,남,21세,경상,,,,
2014110800100255,2014년 11월 8일 12시,토요일,광주광역시 서구 금호동,경상사고,0,0,2,0,차대차 - 측면직각충돌,안전운전불이행,건조,맑음,교차로 - 교차로부근,이륜,남,50세,경상,승용,남,57세,경상
2014110800100256,2014년 11월 8일 12시,토요일,광주광역시 광산구 신가동,경상사고,0,0,3,0,차대차 - 측면직각충돌,교차로운행방법위반,건조,맑음,교차로 - 교차로부근,승용,남,38세,상해없음,승용,여,41세,경상
2014110800100313,2014년 11월 8일 14시,토요일,광주광역시 서구 쌍촌동,경상사고,0,0,3,0,차대차 - 기타,안전운전불이행,건조,맑음,단일로 - 기타,승용,남,27세,경상,승용,남,57세,경상
2014110800100314,2014년 11월 8일 14시,토요일,광주광역시 북구 용봉동,경상사고,0,0,1,0,차대사람 - 차도통행중,안전운전불이행,건조,맑음,단일로 - 기타,승용,남,62세,상해없음,보행자,여,53세,경상
2014110800100315,2014년 11월 8일 14시,토요일,광주광역시 광산구 신창동,경상사고,0,0,5,0,차대사람 - 기타,안전운전불이행,건조,맑음,교차로 - 교차로안,승용,남,49세,경상,보행자,남,24세,경상
2014110800100348,2014년 11월 8일 15시,토요일,광주광역시 광산구 운남동,경상사고,0,0,1,0,차대사람 - 기타,안전운전불이행,건조,맑음,교차로 - 교차로안,승용,여,29세,상해없음,보행자,여,71세,경상
2014110800100385,2014년 11월 8일 16시,토요일,광주광역시 북구 용봉동,부상신고사고,0,0,0,1,차량단독 - 주차차량충돌,안전운전불이행,건조,맑음,단일로 - 기타,승용,여,45세,부상신고,,,,
2014110800100424,2014년 11월 8일 17시,토요일,광주광역시 북구 문흥동,경상사고,0,0,3,0,차대차 - 측면직각충돌,중앙선침범,건조,맑음,단일로 - 기타,승용,남,31세,상해없음,승용,여,53세,경상
2014110800100490,2014년 11월 8일 18시,토요일,광주광역시 동구 황금동,중상사고,0,1,0,0,차대사람 - 차도통행중,안전운전불이행,건조,흐림,단일로 - 기타,승용,여,43세,상해없음,보행자,여,54세,중상
2014110800100491,2014년 11월 8일 18시,토요일,광주광역시 북구 용봉동,중상사고,0,1,0,0,차대사람 - 횡단중,보행자보호의무위반,건조,맑음,교차로 - 교차로안,승용,남,40세,상해없음,보행자,여,66세,중상