사고번호,사고일시,요일,시군구,사고내용,사망자수,중상자수,경상자수,부상신고자수,사고유형,법규위반,노면상태,기상상태,도로형태,가해운전자 차종,가해운전자 성별,가해운전자 연령,가해운전자 상해정도,피해운전자 차종,피해운전자 성별,피해운전자 연령,피해운전자 상해정도
2014112000100013,2014년 11월 20일 00시,목요일,광주광역시 광산구 월계동,경상사고,0,0,3,0,차대차 - 추돌 - 진행중,안전거리미확보,건조,맑음,단일로 - 기타,승용,남,35세,상해없음,승용,여,44세,경상
2014112000100041,2014년 11월 20일 04시,목요일,광주광역시 서구 농성동,중상사고,0,1,0,0,차대차 - 정면충돌,중앙선침범,건조,맑음,교차로 - 교차로안,승용,남,19세,상해없음,승용,남,40세,중상
2014112000100069,2014년 11월 20일 06시,목요일,광주광역시 서구 치평동,경상사고,0,0,1,0,차대차 - 측면직각충돌,차로위반,건조,맑음,단일로 - 기타,승용,남,23세,상해없음,승용,여,30세,경상
2014112000100070,2014년 11월 20일 06시,목요일,광주광역시 광산구 월계동,중상사고,0,2,8,0,차대차 - 측면직각충돌,신호위반,건조,맑음,교차로 - 교차로안,승합,남,24세,경상,승용,남,59세,중상
2014112000100097,2014년 11월 20일 07시,목요일,광주광역시 서구 양동,중상사고,0,1,0,0,차대차 - 기타,안전운전불이행,건조,맑음,단일로 - 기타,기타불명,기타불명,기타불명,기타불명,자전거,남,80세,중상
2014112000100146,2014년 11월 20일 08시,목요일,광주광역시 북구 동림동,경상사고,0,0,1,0,차대차 - 측면직각충돌,신호위반,건조,맑음,교차로 - 교차로안,승용,여,43세,상해없음,승용,남,34세,경상
2014112000100147,2014년 11월 20일 08시,목요일,광주광역시 광산구 비아동,경상사고,0,0,1,0,차대차 - 측면직각충돌,안전거리미확보,건조,맑음,교차로 - 교차로부근,건설기계,남,56세,상해없음,승용,여,35세,경상
2014112000100148,2014년 11월 20일 08시,목요일,광주광역시 광산구 도천동,경상사고,0,0,1,0,차대차 - 측면직각충돌,교차로운행방법위반,건조,맑음,교차로 - 교차로안,화물,남,44세,상해없음,승용,여,33세,경상
2014112000100149,2014년 11월 20일 08시,목요일,광주광역시 광산구 신가동,경상사고,0,0,2,0,차대차 - 측면직각충돌,안전운전불이행,건조,맑음,단일로 - 기타,승용,남,37세,상해없음,화물,남,43세,경상
2014112000100185,2014년 11월 20일 09시,목요일,광주광역시 서구 농성동,경상사고,0,0,1,0,차대사람 - 횡단중,안전운전불이행,건조,맑음,교차로 - 교차로부근,승용,남,37세,상해없음,보행자,여,80세,경상
2014112000100186,2014년 11월 20일 09시,목요일,광주광역시 서구 동천동,경상사고,0,0,1,0,차대차 - 측면직각충돌,안전운전불이행,건조,맑음,단일로 - 기타,승용,남,63세,상해없음,자전거,남,36세,경상
2014112000100187,2014년 11월 20일 09시,목요일,광주광역시 북구 삼각동,경상사고,0,0,2,0,차대차 - 기타,안전운전불이행,건조,맑음,단일로 - 기타,승용,남,65세,상해없음,승합,남,61세,상해없음
2014112000100188,2014년 11월 20일 09시,목요일,광주광역시 북구 두암동,경상사고,0,0,1,0,차대사람 - 차도통행중,안전운전불이행,건조,맑음,단일로 - 기타,승용,남,29세,상해없음,보행자,남,21세,경상
2014112000100253,2014년 11월 20일 11시,목요일,광주광역시 남구 주월동,경상사고,0,0,3,0,차대차 - 측면직각충돌,교차로운행방법위반,건조,맑음,교차로 - 교차로안,승용,여,44세,경상,승용,남,68세,경상
2014112000100254,2014년 11월 20일 11시,목요일,광주광역시 북구 풍향동,경상사고,0,0,2,0,차대차 - 추돌 - 진행중,안전거리미확보,건조,맑음,단일로 - 기타,승용,남,66세,상해없음,승용,남,34세,경상
2014112000100255,2014년 11월 20일 11시,목요일,광주광역시 광산구 월계동,경상사고,0,0,2,0,차대차 - 측면직각충돌,직진우회전진행방해,건조,맑음,교차로 - 교차로안,승합,남,56세,경상,승용,남,55세,경상
2014112000100294,2014년 11월 20일 12시,목요일,광주광역시 북구 두암동,경상사고,0,0,1,0,차대차 - 기타,안전운전불이행,건조,맑음,교차로 - 교차로안,승용,여,44세,상해없음,승용,여,45세,경상
2014112000100363,2014년 11월 20일 14시,목요일,광주광역시 남구 양과동,사망사고,1,0,0,0,차량단독 - 공작물충돌,안전운전불이행,건조,맑음,기타 - 기타,화물,남,57세,사망,,,,
2014112000100506,2014년 11월 20일 17시,목요일,광주광역시 북구 두암동,경상사고,0,0,4,0,차대사람 - 길가장자리구역통행중,안전운전불이행,건조,맑음,단일로 - 기타,승용,여,39세,상해없음,보행자,여,61세,경상
2014112000100569,2014년 11월 20일 18시,목요일,광주광역시 서구 광천동,중상사고,0,1,0,0,차대사람 - 기타,안전운전불이행,건조,맑음,기타 - 기타,승합,남,72세,상해없음,보행자,여,73세,중상
2014112000100614,2014년 11월 20일 19시,목요일,광주광역시 서구 화정동,경상사고,0,0,3,0,차대차 - 기타,교차로운행방법위반,건조,맑음,교차로 - 교차로안,승용,남,71세,상해없음,승용,남,54세,경상
2014112000100686,2014년 11월 20일 21시,목요일,광주광역시 남구 주월동,경상사고,0,0,1,0,차대사람 - 횡단중,안전운전불이행,건조,맑음,기타 - 기타,승용,여,47세,상해없음,보행자,여,42세,경상
2014112000100745,2014년 11월 20일 23시,목요일,광주광역시 북구 용봉동,경상사고,0,0,1,0,차대차 - 측면직각충돌,안전운전불이행,건조,맑음,교차로 - 교차로안,승용,남,30세,상해없음,화물,남,66세,경상
2014112000100746,2014년 11월 20일 23시,목요일,광주광역시 북구 풍향동,중상사고,0,1,0,0,차대사람 - 횡단중,안전운전불이행,건조,맑음,교차로 - 교차로부근,승용,남,54세,상해없음,보행자,남,41세,중상
2014112000100747,2014년 11월 20일 23시,목요일,광주광역시 북구 운암동,경상사고,0,0,1,0,차대차 - 추돌 - 진행중,신호위반,건조,맑음,교차로 - 교차로안,승용,남,35세,상해없음,이륜,남,47세,경상
2014112000100748,2014년 11월 20일 23시,목요일,광주광역시 광산구 쌍암동,경상사고,0,0,1,0,차대차 - 측면직각충돌,안전거리미확보,건조,맑음,교차로 - 교차로부근,승용,남,56세,상해없음,이륜,남,18세,경상
2014112100100040,2014년 11월 21일 02시,금요일,광주광역시 광산구 장덕동,경상사고,0,0,4,0,차대차 - 추돌 - 주정차중,안전운전불이행,건조,맑음,교차로 - 교차로부근,승용,남,33세,상해없음,승용,남,48세,경상
2014112100100041,2014년 11월 21일 02시,금요일,광주광역시 광산구 신가동,경상사고,0,0,1,0,차대차 - 추돌 - 주정차중,안전운전불이행,건조,맑음,교차로 - 교차로부근,승용,남,30세,상해없음,승용,남,23세,경상
2014112100100084,2014년 11월 21일 06시,금요일,광주광역시 광산구 소촌동,중상사고,0,1,0,0,차대차 - 측면직각충돌,신호위반,건조,맑음,교차로 - 교차로안,이륜,남,54세,중상,승용,남,32세,상해없음
2014112100100139,2014년 11월 21일 08시,금요일,광주광역시 동구 소태동,경상사고,0,0,2,0,차대차 - 기타,안전거리미확보,건조,맑음,단일로 - 기타,승용,남,48세,상해없음,승용,여,51세,경상
2014112100100140,2014년 11월 21일 08시,금요일,광주광역시 서구 농성동,경상사고,0,0,2,0,차대사람 - 기타,기타,건조,맑음,단일로 - 기타,승용,남,32세,상해없음,보행자,여,42세,경상
2014112100100197,2014년 11월 21일 10시,금요일,광주광역시 남구 백운동,중상사고,0,1,0,0,차대사람 - 횡단중,안전운전불이행,건조,맑음,단일로 - 기타,승용,여,56세,상해없음,보행자,남,82세,중상
2014112100100198,2014년 11월 21일 10시,금요일,광주광역시 북구 중흥동,부상신고사고,0,0,0,1,차대차 - 측면직각충돌,안전운전불이행,건조,맑음,단일로 - 기타,자전거,남,82세,부상신고,화물,남,53세,상해없음
2014112100100285,2014년 11월 21일 14시,금요일,광주광역시 서구 화정동,중상사고,0,1,1,0,차대차 - 측면직각충돌,교차로운행방법위반,건조,맑음,단일로 - 기타,승용,여,40세,경상,승용,남,41세,중상
2014112100100286,2014년 11월 21일 14시,금요일,광주광역시 북구 두암동,경상사고,0,0,2,0,차대차 - 측면직각충돌,안전운전불이행,건조,맑음,교차로 - 교차로안,승용,여,50세,상해없음,이륜,남,45세,경상
2014112100100354,2014년 11월 21일 16시,금요일,광주광역시 서구 양동,경상사고,0,0,1,0,차대사람 - 기타,안전운전불이행,건조,맑음,단일로 - 기타,승용,남,61세,상해없음,보행자,남,62세,경상
2014112100100355,2014년 11월 21일 16시,금요일,광주광역시 남구 노대동,부상신고사고,0,0,0,1,차대차 - 측면직각충돌,안전운전불이행,건조,맑음,단일로 - 기타,승용,남,72세,상해없음,승용,남,65세,부상신고
2014112100100356,2014년 11월 21일 16시,금요일,광주광역시 광산구 월곡동,경상사고,0,0,1,0,차대차 - 측면직각충돌,직진우회전진행방해,건조,맑음,교차로 - 교차로안,승용,여,50세,상해없음,승용,남,52세,경상
2014112100100473,2014년 11월 21일 18시,금요일,광주광역시 서구 쌍촌동,경상사고,0,0,1,0,차대차 - 추돌 - 진행중,안전거리미확보,건조,맑음,단일로 - 기타,승용,남,65세,상해없음,승용,남,76세,경상
2014112100100474,2014년 11월 21일 18시,금요일,광주광역시 광산구 송정동,경상사고,0,0,4,0,차대차 - 추돌 - 진행중,안전운전불이행,건조,맑음,교차로 - 교차로부근,승용,남,65세,상해없음,승용,남,24세,경상
2014112100100475,2014년 11월 21일 18시,금요일,광주광역시 광산구 신창동,경상사고,0,0,1,0,차량단독 - 기타,기타,건조,맑음,단일로 - 기타,승합,남,60세,기타불명,,,,
2014112100100516,2014년 11월 21일 19시,금요일,광주광역시 남구 월산동,경상사고,0,0,1,0,차대차 - 측면직각충돌,신호위반,건조,맑음,교차로 - 교차로안,화물,남,60세,상해없음,승용,남,32세,경상
2014112100100553,2014년 11월 21일 20시,금요일,광주광역시 북구 연제동,경상사고,0,0,4,0,차대차 - 측면직각충돌,안전거리미확보,건조,맑음,단일로 - 기타,승용,여,35세,경상,승용,여,40세,경상
2014112100100554,2014년 11월 21일 20시,금요일,광주광역시 광산구 송정동,경상사고,0,0,2,0,차대차 - 측면직각충돌,안전운전불이행,건조,맑음,단일로 - 기타,자전거,남,11세,경상,원동기,남,17세,상해없음
2014112100100582,2014년 11월 21일 21시,금요일,광주광역시 북구 유동,중상사고,0,1,0,0,차대사람 - 차도통행중,안전운전불이행,건조,맑음,단일로 - 기타,승용,남,57세,상해없음,보행자,남,60세,중상
2014112100100611,2014년 11월 21일 22시,금요일,광주광역시 북구 오치동,경상사고,0,0,1,0,차대사람 - 기타,안전운전불이행,건조,맑음,단일로 - 횡단보도부근,자전거,남,13세,상해없음,보행자,남,29세,경상
2014112200100041,2014년 11월 22일 01시,토요일,광주광역시 광산구 월계동,경상사고,0,0,2,0,차대차 - 측면직각충돌,신호위반,건조,맑음,교차로 - 교차로안,승용,남,47세,상해없음,승용,남,57세,경상
2014112200100054,2014년 11월 22일 02시,토요일,광주광역시 북구 오치동,경상사고,0,0,3,0,차대차 - 측면직각충돌,안전운전불이행,건조,맑음,교차로 - 교차로안,승용,남,37세,상해없음,승용,남,67세,경상
2014112200100073,2014년 11월 22일 03시,토요일,광주광역시 서구 마륵동,경상사고,0,0,3,0,차대차 - 측면직각충돌,신호위반,건조,맑음,교차로 - 교차로안,승용,여,24세,상해없음,승용,남,60세,경상
2014112200100131,2014년 11월 22일 06시,토요일,광주광역시 남구 방림동,경상사고,0,0,1,0,차대차 - 기타,안전운전불이행,건조,맑음,교차로 - 교차로부근,기타불명,기타불명,기타불명,기타불명,승합,남,74세,경상
2014112200100179,2014년 11월 22일 08시,토요일,광주광역시 서구 화정동,경상사고,0,0,1,0,차대차 - 측면직각충돌,교차로운행방법위반,건조,맑음,교차로 - 교차로안,이륜,남,65세,경상,승용,남,35세,상해없음
2014112200100261,2014년 11월 22일 10시,토요일,광주광역시 동구 산수동,경상사고,0,0,1,0,차대차 - 측면직각충돌,직진우회전진행방해,건조,맑음,교차로 - 교차로부근,이륜,남,52세,경상,승용,남,48세,상해없음
2014112200100262,2014년 11월 22일 10시,토요일,광주광역시 동구 계림동,경상사고,0,0,1,0,차대차 - 기타,신호위반,건조,맑음,교차로 - 교차로안,자전거,남,79세,경상,승용,남,56세,상해없음
2014112200100350,2014년 11월 22일 12시,토요일,광주광역시 서구 쌍촌동,경상사고,0,0,1,0,차대차 - 추돌 - 주정차중,차로위반,건조,맑음,단일로 - 기타,승용,여,21세,상해없음,승용,여,28세,경상
2014112200100351,2014년 11월 22일 12시,토요일,광주광역시 광산구 하남동,경상사고,0,0,4,0,차대차 - 측면직각충돌,신호위반,건조,맑음,교차로 - 교차로안,승용,남,34세,상해없음,화물,남,63세,경상
2014112200100390,2014년 11월 22일 13시,토요일,광주광역시 동구 서석동,중상사고,0,1,0,0,차대차 - 기타,안전운전불이행,건조,맑음,단일로 - 기타,승용,여,38세,상해없음,이륜,남,27세,중상
2014112200100391,2014년 11월 22일 13시,토요일,광주광역시 북구 운암동,경상사고,0,0,1,0,차대차 - 추돌 - 진행중,안전운전불이행,건조,맑음,교차로 - 교차로부근,승용,여,56세,상해없음,승용,남,38세,경상
2014112200100392,2014년 11월 22일 13시,토요일,광주광역시 광산구 장덕동,경상사고,0,0,1,0,차대차 - 기타,안전운전불이행,건조,맑음,단일로 - 기타,승용,남,24세,기타불명,자전거,남,10세,경상
2014112200100426,2014년 11월 22일 14시,토요일,광주광역시 북구 임동,경상사고,0,0,1,0,차대차 - 정면충돌,교차로운행방법위반,건조,맑음,교차로 - 교차로안,승용,여,42세,상해없음,이륜,남,57세,경상
2014112200100469,2014년 11월 22일 15시,토요일,광주광역시 동구 계림동,경상사고,0,0,2,0,차대차 - 측면직각충돌,신호위반,건조,맑음,교차로 - 교차로안,승용,여,48세,경상,승용,남,34세,경상
2014112200100511,2014년 11월 22일 16시,토요일,광주광역시 북구 운암동,사망사고,1,0,0,0,차대차 - 측면직각충돌,안전거리미확보,건조,맑음,교차로 - 교차로부근,건설기계,남,46세,상해없음,원동기,남,24세,사망
2014112200100512,2014년 11월 22일 16시,토요일,광주광역시 북구 두암동,경상사고,0,0,2,0,차대차 - 측면직각충돌,안전거리미확보,건조,맑음,단일로 - 기타,특수,남,56세,상해없음,승용,남,24세,경상
2014112200100513,2014년 11월 22일 16시,토요일,광주광역시 광산구 용동,경상사고,0,0,2,0,차대차 - 측면직각충돌,신호위반,건조,맑음,교차로 - 교차로안,승용,남,47세,경상,화물,남,46세,경상
2014112200100558,2014년 11월 22일 17시,토요일,광주광역시 동구 계림동,경상사고,0,0,1,0,차대차 - 추돌 - 진행중,안전거리미확보,건조,맑음,단일로 - 기타,승용,남,61세,상해없음,화물,남,57세,상해없음
2014112200100559,2014년 11월 22일 17시,토요일,광주광역시 광산구 대산동,중상사고,0,1,0,0,차대차 - 추돌 - 진행중,신호위반,건조,맑음,교차로 - 교차로안,원동기,남,36세,중상,승용,여,30세,상해없음
2014112200100610,2014년 11월 22일 18시,토요일,광주광역시 서구 덕흥동,경상사고,0,0,3,3,차대차 - 추돌 - 진행중,차로위반,건조,맑음,단일로 - 기타,승용,남,72세,상해없음,승용,남,35세,경상
2014112200100656,2014년 11월 22일 19시,토요일,광주광역시 서구 화정동,경상사고,0,0,5,0,차대차 - 추돌 - 주정차중,안전거리미확보,건조,맑음,교차로 - 교차로부근,승합,남,66세,상해없음,승용,남,41세,경상
2014112200100657,2014년 11월 22일 19시,토요일,광주광역시 광산구 월곡동,경상사고,0,0,1,0,차대사람 - 기타,안전운전불이행,건조,맑음,단일로 - 기타,승용,여,28세,상해없음,보행자,여,31세,경상
2014112200100658,2014년 11월 22일 19시,토요일,광주광역시 광산구 흑석동,경상사고,0,0,1,0,차대차 - 기타,안전운전불이행,건조,맑음,기타 - 기타,승용,기타불명,기타불명,기타불명,자전거,남,36세,경상
2014112200100685,2014년 11월 22일 20시,토요일,광주광역시 북구 동림동,중상사고,0,1,3,0,차대차 - 측면직각충돌,신호위반,건조,맑음,교차로 - 교차로안,승용,남,62세,상해없음,승용,남,34세,경상
2014112200100712,2014년 11월 22일 21시,토요일,광주광역시 서구 화정동,경상사고,0,0,3,0,차대차 - 추돌 - 주정차중,안전거리미확보,건조,맑음,교차로 - 교차로부근,승용,남,27세,경상,승용,남,26세,기타불명
2014112200100713,2014년 11월 22일 21시,토요일,광주광역시 서구 농성동,경상사고,0,0,2,0,차대차 - 추돌 - 진행중,안전거리미확보,건조,흐림,단일로 - 기타,승용,남,24세,상해없음,승용,남,45세,경상
2014112200100714,2014년 11월 22일 21시,토요일,광주광역시 광산구 수완동,경상사고,0,0,1,0,차대차 - 측면직각충돌,신호위반,건조,맑음,교차로 - 교차로부근,원동기,남,17세,경상,승용,여,59세,상해없음
2014112200100754,2014년 11월 22일 22시,토요일,광주광역시 동구 금동,경상사고,0,0,1,0,차대차 - 측면직각충돌,중앙선침범,건조,기타,교차로 - 교차로부근,기타불명,기타불명,기타불명,기타불명,승용,여,59세,경상
2014112200100755,2014년 11월 22일 22시,토요일,광주광역시 광산구 우산동,경상사고,0,0,2,0,차대차 - 측면직각충돌,안전운전불이행,건조,맑음,단일로 - 기타,승용,남,20세,상해없음,승용,남,33세,경상
2014112300100026,2014년 11월 23일 00시,일요일,광주광역시 광산구 신창동,경상사고,0,0,1,0,차대차 - 기타,안전운전불이행,건조,맑음,단일로 - 기타,승용,기타불명,기타불명,기타불명,이륜,남,18세,경상
2014112300100070,2014년 11월 23일 03시,일요일,광주광역시 북구 신용동,경상사고,0,0,1,0,차대차 - 측면직각충돌,신호위반,건조,맑음,교차로 - 교차로안,승용,남,15세,상해없음,승용,남,53세,경상
2014112300100071,2014년 11월 23일 03시,일요일,광주광역시 북구 운암동,경상사고,0,0,2,0,차대차 - 측면직각충돌,교차로운행방법위반,건조,맑음,교차로 - 교차로안,승용,여,53세,상해없음,승용,남,55세,경상
2014112300100083,2014년 11월 23일 04시,일요일,광주광역시 북구 운암동,경상사고,0,0,1,0,차대사람 - 횡단중,안전운전불이행,건조,맑음,단일로 - 기타,승용,남,43세,상해없음,보행자,남,18세,경상
2014112300100084,2014년 11월 23일 04시,일요일,광주광역시 북구 문흥동,경상사고,0,0,2,0,차대차 - 측면직각충돌,신호위반,건조,맑음,교차로 - 교차로안,승용,여,39세,상해없음,승용,남,37세,경상
2014112300100133,2014년 11월 23일 08시,일요일,광주광역시 서구 화정동,경상사고,0,0,1,0,차대사람 - 보도통행중,보행자보호의무위반,건조,흐림,교차로 - 교차로부근,승용,남,36세,상해없음,보행자,남,14세,경상
2014112300100240,2014년 11월 23일 13시,일요일,광주광역시 남구 월산동,경상사고,0,0,2,0,차대차 - 추돌 - 주정차중,안전운전불이행,건조,맑음,교차로 - 교차로부근,승용,여,59세,상해없음,승용,남,44세,경상
2014112300100241,2014년 11월 23일 13시,일요일,광주광역시 광산구 서봉동,중상사고,0,2,5,0,차대차 - 추돌 - 주정차중,안전운전불이행,건조,맑음,단일로 - 기타,화물,남,46세,중상,승용,여,32세,경상
2014112300100316,2014년 11월 23일 16시,일요일,광주광역시 서구 화정동,경상사고,0,0,1,0,차대차 - 추돌 - 주정차중,안전운전불이행,건조,맑음,단일로 - 기타,승용,기타불명,기타불명,기타불명,승용,남,44세,경상
2014112300100361,2014년 11월 23일 17시,일요일,광주광역시 서구 쌍촌동,경상사고,0,0,1,0,차대사람 - 횡단중,안전운전불이행,건조,맑음,단일로 - 횡단보도상,기타불명,기타불명,기타불명,기타불명,보행자,남,15세,경상
2014112300100362,2014년 11월 23일 17시,일요일,광주광역시 북구 신용동,경상사고,0,0,8,0,차대차 - 정면충돌,중앙선침범,습기,비,교차로 - 교차로부근,승용,남,38세,경상,승용,남,38세,경상
2014112300100412,2014년 11월 23일 18시,일요일,광주광역시 북구 우산동,경상사고,0,0,2,0,차대차 - 기타,안전운전불이행,건조,맑음,단일로 - 기타,화물,남,60세,상해없음,승용,남,49세,경상
2014112300100413,2014년 11월 23일 18시,일요일,광주광역시 광산구 송정동,경상사고,0,0,1,0,차대차 - 기타,안전운전불이행,습기,비,단일로 - 기타,승용,남,45세,상해없음,이륜,남,16세,경상
2014112300100455,2014년 11월 23일 19시,일요일,광주광역시 광산구 산정동,경상사고,0,0,1,0,차대차 - 측면직각충돌,안전거리미확보,건조,맑음,단일로 - 기타,승용,남,50세,상해없음,원동기,남,55세,경상
2014112300100521,2014년 11월 23일 21시,일요일,광주광역시 서구 동천동,경상사고,0,0,1,0,차대차 - 측면직각충돌,직진우회전진행방해,습기,흐림,단일로 - 기타,승용,남,47세,상해없음,이륜,남,23세,경상
2014112400100048,2014년 11월 24일 05시,월요일,광주광역시 서구 치평동,경상사고,0,0,4,0,차대차 - 추돌 - 진행중,직진우회전진행방해,습기,비,교차로 - 교차로안,승용,남,55세,경상,승합,남,49세,경상
2014112400100079,2014년 11월 24일 06시,월요일,광주광역시 서구 풍암동,경상사고,0,0,1,0,차대차 - 추돌 - 주정차중,안전거리미확보,습기,비,단일로 - 기타,승용,남,42세,상해없음,승용,남,57세,경상
2014112400100110,2014년 11월 24일 07시,월요일,광주광역시 서구 쌍촌동,중상사고,0,1,0,0,차대사람 - 길가장자리구역통행중,안전운전불이행,건조,맑음,단일로 - 기타,승용,남,31세,상해없음,보행자,여,31세,중상
2014112400100111,2014년 11월 24일 07시,월요일,광주광역시 북구 중흥동,중상사고,0,2,0,0,차대사람 - 차도통행중,안전운전불이행,습기,비,교차로 - 교차로부근,승용,남,38세,중상,보행자,남,45세,중상
2014112400100168,2014년 11월 24일 09시,월요일,광주광역시 북구 운암동,경상사고,0,0,1,0,차대차 - 측면직각충돌,신호위반,습기,비,교차로 - 교차로안,화물,남,26세,상해없음,승용,남,23세,경상
2014112400100169,2014년 11월 24일 09시,월요일,광주광역시 북구 두암동,중상사고,0,1,0,0,차대사람 - 횡단중,안전운전불이행,습기,비,교차로 - 교차로부근,승용,여,59세,상해없음,보행자,여,78세,중상
2014112400100170,2014년 11월 24일 09시,월요일,광주광역시 광산구 비아동,부상신고사고,0,0,0,1,차대차 - 기타,안전거리미확보,습기,비,단일로 - 기타,화물,남,58세,부상신고,화물,남,58세,상해없음
2014112400100171,2014년 11월 24일 09시,월요일,광주광역시 광산구 월곡동,경상사고,0,0,1,0,차대사람 - 기타,안전운전불이행,습기,맑음,단일로 - 기타,승용,여,52세,기타불명,보행자,남,66세,경상
2014112400100262,2014년 11월 24일 12시,월요일,광주광역시 동구 동명동,경상사고,0,0,3,0,차대차 - 측면직각충돌,신호위반,습기,비,교차로 - 교차로안,화물,남,55세,경상,승용,남,35세,경상
2014112400100305,2014년 11월 24일 13시,월요일,광주광역시 광산구 도산동,경상사고,0,0,2,0,차대차 - 측면직각충돌,안전운전불이행,습기,비,교차로 - 교차로안,승용,여,57세,상해없음,화물,남,33세,경상
2014112400100306,2014년 11월 24일 13시,월요일,광주광역시 광산구 쌍암동,경상사고,0,0,4,2,차대차 - 측면직각충돌,안전운전불이행,습기,비,교차로 - 교차로안,승용,여,41세,부상신고,승용,여,38세,경상
2014112400100343,2014년 11월 24일 14시,월요일,광주광역시 광산구 운남동,경상사고,0,0,1,0,차대차 - 기타,안전운전불이행,습기,흐림,단일로 - 기타,승용,여,51세,상해없음,승용,여,33세,경상
2014112400100418,2014년 11월 24일 16시,월요일,광주광역시 서구 금호동,경상사고,0,0,1,0,차대차 - 추돌 - 주정차중,안전운전불이행,습기,비,단일로 - 기타,승용,남,43세,상해없음,승용,남,31세,경상
2014112400100419,2014년 11월 24일 16시,월요일,광주광역시 광산구 도천동,경상사고,0,0,1,0,차대차 - 추돌 - 주정차중,안전운전불이행,습기,비,단일로 - 기타,승용,여,49세,상해없음,승용,여,25세,경상
2014112400100486,2014년 11월 24일 17시,월요일,광주광역시 남구 방림동,경상사고,0,0,6,2,차대차 - 추돌 - 주정차중,안전운전불이행,습기,비,단일로 - 기타,승합,남,47세,상해없음,승용,남,59세,상해없음
2014112400100487,2014년 11월 24일 17시,월요일,광주광역시 북구 오치동,경상사고,0,0,2,0,차대차 - 정면충돌,중앙선침범,습기,비,교차로 - 교차로부근,승용,남,62세,상해없음,승용,여,35세,경상
2014112400100488,2014년 11월 24일 17시,월요일,광주광역시 북구 두암동,중상사고,0,1,0,0,차량단독 - 공작물충돌,기타,건조,맑음,단일로 - 기타,승합,남,53세,상해없음,,,,
2014112400100561,2014년 11월 24일 18시,월요일,광주광역시 동구 지산동,경상사고,0,0,1,0,차대사람 - 기타,안전운전불이행,습기,흐림,교차로 - 교차로안,승용,남,52세,상해없음,보행자,여,34세,경상
2014112400100562,2014년 11월 24일 18시,월요일,광주광역시 북구 매곡동,경상사고,0,0,1,0,차대사람 - 횡단중,안전운전불이행,습기,비,단일로 - 기타,승용,남,66세,상해없음,보행자,여,79세,경상
2014112400100563,2014년 11월 24일 18시,월요일,광주광역시 광산구 산정동,경상사고,0,0,2,0,차대차 - 정면충돌,신호위반,습기,비,교차로 - 교차로안,기타불명,기타불명,기타불명,기타불명,승용,남,50세,경상
2014112400100628,2014년 11월 24일 19시,월요일,광주광역시 서구 금호동,경상사고,0,0,1,0,차대차 - 추돌 - 진행중,안전운전불이행,습기,비,교차로 - 교차로부근,승용,남,23세,상해없음,승용,남,31세,경상
2014112400100629,2014년 11월 24일 19시,월요일,광주광역시 북구 누문동,경상사고,0,0,1,0,차대차 - 측면직각충돌,안전운전불이행,습기,비,단일로 - 기타,승합,남,59세,상해없음,승용,남,34세,경상
2014112400100630,2014년 11월 24일 19시,월요일,광주광역시 북구 두암동,경상사고,0,0,1,0,차대차 - 측면직각충돌,안전운전불이행,습기,비,단일로 - 기타,승용,여,39세,상해없음,승용,여,29세,경상
2014112400100631,2014년 11월 24일 19시,월요일,광주광역시 광산구 신가동,부상신고사고,0,0,0,1,차대사람 - 차도통행중,보행자보호의무위반,습기,비,교차로 - 교차로안,기타불명,기타불명,기타불명,기타불명,보행자,남,13세,부상신고
2014112400100743,2014년 11월 24일 22시,월요일,광주광역시 서구 유촌동,경상사고,0,0,1,0,차대차 - 추돌 - 진행중,안전운전불이행,습기,비,교차로 - 교차로부근,승용,남,41세,상해없음,승합,남,50세,경상
2014112400100744,2014년 11월 24일 22시,월요일,광주광역시 서구 유촌동,경상사고,0,0,1,0,차대차 - 측면직각충돌,안전운전불이행,건조,맑음,교차로 - 교차로부근,승용,남,42세,상해없음,이륜,남,17세,경상
2014112400100782,2014년 11월 24일 23시,월요일,광주광역시 북구 동림동,경상사고,0,0,2,0,차대차 - 정면충돌,중앙선침범,건조,맑음,단일로 - 기타,승용,남,33세,상해없음,승용,여,33세,경상
2014112400100783,2014년 11월 24일 23시,월요일,광주광역시 서구 쌍촌동,중상사고,0,1,1,0,차대차 - 측면직각충돌,안전운전불이행,습기,비,단일로 - 기타,원동기,남,19세,중상,승용,남,43세,경상
2014112400100784,2014년 11월 24일 23시,월요일,광주광역시 남구 방림동,경상사고,0,0,1,0,차대사람 - 횡단중,보행자보호의무위반,습기,비,단일로 - 횡단보도상,승용,남,44세,기타불명,보행자,남,49세,경상
2014112400100785,2014년 11월 24일 23시,월요일,광주광역시 북구 신안동,경상사고,0,0,2,0,차대차 - 측면직각충돌,안전거리미확보,건조,맑음,단일로 - 기타,승용,남,60세,경상,원동기,남,19세,경상
2014112400100786,2014년 11월 24일 23시,월요일,광주광역시 북구 연제동,경상사고,0,0,1,0,차대차 - 추돌 - 주정차중,안전운전불이행,습기,비,교차로 - 교차로부근,승용,여,34세,상해없음,승용,남,65세,경상