사고번호,사고일시,요일,시군구,사고내용,사망자수,중상자수,경상자수,부상신고자수,사고유형,법규위반,노면상태,기상상태,도로형태,가해운전자 차종,가해운전자 성별,가해운전자 연령,가해운전자 상해정도,피해운전자 차종,피해운전자 성별,피해운전자 연령,피해운전자 상해정도
2014112900100214,2014년 11월 29일 10시,토요일,광주광역시 동구 계림동,경상사고,0,0,2,0,차대차 - 측면직각충돌,교차로운행방법위반,건조,맑음,교차로 - 교차로안,승용,여,31세,경상,승합,남,50세,상해없음
2014112900100215,2014년 11월 29일 10시,토요일,광주광역시 서구 치평동,경상사고,0,0,1,0,차대차 - 측면직각충돌,중앙선침범,건조,맑음,단일로 - 기타,승합,남,34세,상해없음,원동기,남,25세,경상
2014112900100321,2014년 11월 29일 13시,토요일,광주광역시 서구 치평동,경상사고,0,0,2,0,차대차 - 측면직각충돌,신호위반,건조,맑음,교차로 - 교차로안,화물,남,53세,상해없음,승용,여,35세,경상
2014112900100322,2014년 11월 29일 13시,토요일,광주광역시 광산구 신가동,중상사고,0,1,0,0,차대차 - 측면직각충돌,안전운전불이행,건조,맑음,교차로 - 교차로안,자전거,남,77세,중상,승용,여,46세,상해없음
2014112900100361,2014년 11월 29일 14시,토요일,광주광역시 동구 학동,경상사고,0,0,1,0,차대차 - 측면직각충돌,안전운전불이행,건조,맑음,단일로 - 기타,승용,남,49세,상해없음,승용,남,43세,경상
2014112900100362,2014년 11월 29일 14시,토요일,광주광역시 북구 삼각동,경상사고,0,0,3,0,차대차 - 기타,안전운전불이행,건조,맑음,교차로 - 교차로안,승용,남,56세,상해없음,승용,여,28세,경상
2014112900100407,2014년 11월 29일 15시,토요일,광주광역시 동구 동명동,중상사고,0,1,1,0,차대차 - 측면직각충돌,안전거리미확보,건조,맑음,단일로 - 기타,승용,남,65세,상해없음,승용,남,37세,중상
2014112900100408,2014년 11월 29일 15시,토요일,광주광역시 광산구 신가동,경상사고,0,0,1,0,차대차 - 측면직각충돌,교차로운행방법위반,건조,맑음,교차로 - 교차로안,화물,남,48세,상해없음,원동기,남,25세,경상
2014112900100455,2014년 11월 29일 16시,토요일,광주광역시 서구 치평동,경상사고,0,0,3,0,차대차 - 추돌 - 진행중,안전운전불이행,건조,맑음,단일로 - 기타,승용,남,37세,상해없음,승용,남,53세,경상
2014112900100497,2014년 11월 29일 17시,토요일,광주광역시 남구 월산동,사망사고,1,0,0,0,차대사람 - 횡단중,안전운전불이행,건조,맑음,단일로 - 기타,승용,남,60세,상해없음,보행자,남,56세,사망
2014112900100498,2014년 11월 29일 17시,토요일,광주광역시 북구 각화동,중상사고,0,1,0,0,차대사람 - 기타,안전운전불이행,건조,맑음,단일로 - 기타,승용,남,49세,상해없음,보행자,남,60세,중상
2014112900100553,2014년 11월 29일 18시,토요일,광주광역시 서구 광천동,경상사고,0,0,1,0,차대차 - 측면직각충돌,안전거리미확보,건조,맑음,단일로 - 기타,승용,남,60세,상해없음,자전거,남,20세,경상
2014112900100554,2014년 11월 29일 18시,토요일,광주광역시 서구 쌍촌동,중상사고,0,1,0,0,차대차 - 측면직각충돌,중앙선침범,건조,맑음,단일로 - 기타,승용,여,37세,상해없음,이륜,남,54세,중상
2014112900100555,2014년 11월 29일 18시,토요일,광주광역시 북구 삼각동,경상사고,0,0,1,0,차대차 - 기타,중앙선침범,건조,맑음,단일로 - 기타,원동기,남,79세,경상,승용,남,47세,상해없음
2014112900100556,2014년 11월 29일 18시,토요일,광주광역시 광산구 신창동,경상사고,0,0,1,0,차대사람 - 횡단중,신호위반,건조,맑음,교차로 - 교차로안,화물,남,31세,상해없음,보행자,여,19세,경상
2014112900100616,2014년 11월 29일 20시,토요일,광주광역시 서구 동천동,부상신고사고,0,0,0,1,차대사람 - 기타,안전운전불이행,건조,맑음,단일로 - 기타,화물,남,58세,상해없음,보행자,남,52세,부상신고
2014112900100617,2014년 11월 29일 20시,토요일,광주광역시 남구 송하동,경상사고,0,0,2,1,차대차 - 추돌 - 주정차중,안전운전불이행,건조,맑음,단일로 - 기타,화물,남,56세,부상신고,승용,여,54세,경상
2014112900100618,2014년 11월 29일 20시,토요일,광주광역시 북구 풍향동,경상사고,0,0,1,0,차대차 - 측면직각충돌,신호위반,건조,맑음,교차로 - 교차로안,승용,여,47세,상해없음,승용,남,52세,경상
2014113000100056,2014년 11월 30일 02시,일요일,광주광역시 서구 쌍촌동,경상사고,0,0,2,0,차대차 - 측면직각충돌,교차로운행방법위반,습기,비,교차로 - 교차로안,승용,여,23세,상해없음,승용,남,23세,경상
2014113000100077,2014년 11월 30일 04시,일요일,광주광역시 북구 양산동,경상사고,0,0,1,0,차대사람 - 횡단중,보행자보호의무위반,습기,비,교차로 - 교차로안,승용,남,50세,상해없음,보행자,남,18세,경상
2014113000100120,2014년 11월 30일 07시,일요일,광주광역시 북구 각화동,경상사고,0,0,1,0,차량단독 - 공작물충돌,안전운전불이행,건조,맑음,단일로 - 기타,승용,남,27세,상해없음,,,,
2014113000100178,2014년 11월 30일 10시,일요일,광주광역시 서구 동천동,경상사고,0,0,1,0,차대사람 - 횡단중,보행자보호의무위반,건조,맑음,단일로 - 기타,승용,남,33세,상해없음,보행자,남,8세,경상
2014113000100179,2014년 11월 30일 10시,일요일,광주광역시 북구 동림동,경상사고,0,0,3,0,차대차 - 측면직각충돌,안전거리미확보,습기,비,교차로 - 교차로부근,승용,남,62세,상해없음,승용,남,36세,경상
2014113000100229,2014년 11월 30일 12시,일요일,광주광역시 광산구 옥동,중상사고,0,1,1,0,차대차 - 측면직각충돌,직진우회전진행방해,습기,흐림,교차로 - 교차로안,승용,남,47세,상해없음,승용,남,35세,경상
2014113000100283,2014년 11월 30일 14시,일요일,광주광역시 광산구 신창동,경상사고,0,0,1,0,차대차 - 측면직각충돌,차로위반,습기,비,단일로 - 기타,승용,남,43세,상해없음,승용,남,51세,경상
2014113000100359,2014년 11월 30일 17시,일요일,광주광역시 북구 신용동,경상사고,0,0,3,0,차대차 - 측면직각충돌,안전운전불이행,습기,비,단일로 - 기타,승용,남,35세,상해없음,승용,남,34세,경상
2014113000100360,2014년 11월 30일 17시,일요일,광주광역시 북구 두암동,경상사고,0,0,1,0,차대사람 - 길가장자리구역통행중,안전운전불이행,건조,맑음,교차로 - 교차로안,승용,남,50세,상해없음,보행자,여,53세,경상
2014113000100361,2014년 11월 30일 17시,일요일,광주광역시 북구 용두동,경상사고,0,0,2,0,차대차 - 측면직각충돌,안전거리미확보,건조,맑음,단일로 - 기타,승용,여,49세,경상,승용,여,36세,경상
2014113000100362,2014년 11월 30일 17시,일요일,광주광역시 광산구 장덕동,경상사고,0,0,1,0,차대차 - 추돌 - 주정차중,안전운전불이행,습기,비,단일로 - 기타,승용,남,28세,상해없음,승용,여,51세,경상
2014113000100421,2014년 11월 30일 18시,일요일,광주광역시 광산구 수완동,경상사고,0,0,3,0,차대차 - 추돌 - 진행중,안전운전불이행,습기,비,교차로 - 교차로부근,승용,여,23세,상해없음,승용,남,31세,경상
2014113000100463,2014년 11월 30일 19시,일요일,광주광역시 광산구 수완동,경상사고,0,0,1,0,차대차 - 측면직각충돌,신호위반,습기,비,교차로 - 교차로안,승용,남,61세,상해없음,이륜,남,22세,경상
2014113000100496,2014년 11월 30일 20시,일요일,광주광역시 남구 송하동,경상사고,0,0,1,0,차량단독 - 공작물충돌,기타,건조,맑음,단일로 - 기타,승합,남,62세,상해없음,,,,
2014113000100497,2014년 11월 30일 20시,일요일,광주광역시 광산구 도천동,중상사고,0,1,2,0,차대차 - 측면직각충돌,신호위반,습기,비,교차로 - 교차로안,이륜,남,51세,중상,승용,남,37세,경상
2014113000100525,2014년 11월 30일 21시,일요일,광주광역시 서구 광천동,중상사고,0,1,1,0,차대차 - 추돌 - 진행중,안전운전불이행,건조,맑음,단일로 - 기타,승합,남,50세,상해없음,승용,여,31세,중상
2014113000100526,2014년 11월 30일 21시,일요일,광주광역시 북구 오치동,경상사고,0,0,1,0,차대차 - 측면직각충돌,신호위반,습기,비,교차로 - 교차로안,화물,여,45세,상해없음,승용,남,31세,경상
2014113000100549,2014년 11월 30일 22시,일요일,광주광역시 동구 대의동,경상사고,0,0,1,0,차대사람 - 기타,안전운전불이행,습기,비,단일로 - 기타,승용,남,59세,상해없음,보행자,남,55세,경상
2014120100100029,2014년 12월 1일 02시,월요일,광주광역시 동구 금동,경상사고,0,0,1,0,차대사람 - 길가장자리구역통행중,안전운전불이행,건조,맑음,단일로 - 기타,승용,남,66세,상해없음,보행자,남,22세,경상
2014120100100037,2014년 12월 1일 03시,월요일,광주광역시 동구 금동,경상사고,0,0,1,0,차대사람 - 길가장자리구역통행중,안전운전불이행,습기,흐림,단일로 - 기타,승용,남,23세,상해없음,보행자,남,21세,경상
2014120100100038,2014년 12월 1일 03시,월요일,광주광역시 북구 문흥동,중상사고,0,1,2,0,차대차 - 측면직각충돌,안전운전불이행,습기,비,교차로 - 교차로안,승용,남,28세,경상,승용,남,42세,경상
2014120100100043,2014년 12월 1일 04시,월요일,광주광역시 동구 지산동,부상신고사고,0,0,0,2,차량단독 - 도로외이탈 - 추락,안전운전불이행,건조,맑음,단일로 - 기타,승용,남,30세,부상신고,,,,
2014120100100044,2014년 12월 1일 04시,월요일,광주광역시 동구 충장로4가,경상사고,0,0,1,0,차대차 - 측면직각충돌,안전운전불이행,습기,흐림,교차로 - 교차로안,승용,남,29세,상해없음,승용,여,34세,경상
2014120100100054,2014년 12월 1일 05시,월요일,광주광역시 광산구 월곡동,중상사고,0,1,0,0,차대사람 - 기타,안전운전불이행,습기,흐림,교차로 - 교차로안,승용,남,38세,상해없음,보행자,여,76세,중상
2014120100100088,2014년 12월 1일 07시,월요일,광주광역시 서구 유촌동,경상사고,0,0,1,0,차대차 - 측면직각충돌,안전운전불이행,건조,맑음,미분류 - 미분류,승용,남,31세,상해없음,화물,남,46세,경상
2014120100100120,2014년 12월 1일 08시,월요일,광주광역시 서구 양동,경상사고,0,0,1,0,차대차 - 측면직각충돌,안전거리미확보,습기,비,단일로 - 기타,승합,남,50세,상해없음,승용,여,46세,경상
2014120100100121,2014년 12월 1일 08시,월요일,광주광역시 북구 효령동,부상신고사고,0,0,0,1,차대차 - 측면직각충돌,중앙선침범,습기,비,교차로 - 교차로안,원동기,남,44세,부상신고,화물,남,44세,상해없음
2014120100100122,2014년 12월 1일 08시,월요일,광주광역시 광산구 송정동,경상사고,0,0,3,0,차대차 - 기타,교차로운행방법위반,습기,비,교차로 - 교차로안,승용,남,67세,상해없음,승합,남,60세,경상
2014120100100148,2014년 12월 1일 09시,월요일,광주광역시 서구 유촌동,경상사고,0,0,3,0,차대차 - 추돌 - 주정차중,안전운전불이행,습기,비,교차로 - 교차로부근,화물,남,22세,상해없음,승용,남,53세,경상
2014120100100212,2014년 12월 1일 11시,월요일,광주광역시 동구 산수동,경상사고,0,0,1,0,차대차 - 기타,차로위반,건조,맑음,기타 - 기타,승용,남,40세,상해없음,자전거,남,41세,경상
2014120100100249,2014년 12월 1일 12시,월요일,광주광역시 서구 금호동,경상사고,0,0,1,0,차대차 - 측면직각충돌,안전운전불이행,건조,맑음,교차로 - 교차로부근,승용,남,56세,상해없음,자전거,여,63세,경상
2014120100100282,2014년 12월 1일 13시,월요일,광주광역시 서구 치평동,중상사고,0,1,4,0,차대차 - 추돌 - 주정차중,안전거리미확보,습기,비,단일로 - 기타,승용,남,43세,상해없음,승용,여,54세,경상
2014120100100308,2014년 12월 1일 14시,월요일,광주광역시 남구 봉선동,중상사고,0,1,0,0,차대차 - 측면직각충돌,안전운전불이행,건조,맑음,단일로 - 기타,건설기계,남,51세,상해없음,승용,남,46세,중상
2014120100100309,2014년 12월 1일 14시,월요일,광주광역시 남구 노대동,경상사고,0,0,2,0,차대차 - 기타,신호위반,습기,흐림,단일로 - 기타,승용,남,76세,상해없음,화물,남,30세,경상
2014120100100350,2014년 12월 1일 15시,월요일,광주광역시 서구 금호동,중상사고,0,1,0,0,차대사람 - 횡단중,안전운전불이행,건조,맑음,단일로 - 기타,화물,남,63세,상해없음,보행자,여,68세,중상
2014120100100384,2014년 12월 1일 16시,월요일,광주광역시 남구 주월동,경상사고,0,0,1,0,차대차 - 추돌 - 진행중,안전거리미확보,건조,맑음,단일로 - 기타,승용,남,56세,상해없음,화물,남,51세,경상
2014120100100385,2014년 12월 1일 16시,월요일,광주광역시 북구 양산동,경상사고,0,0,2,0,차대차 - 측면직각충돌,안전운전불이행,건조,맑음,단일로 - 기타,승용,남,61세,경상,승용,남,51세,경상
2014120100100434,2014년 12월 1일 17시,월요일,광주광역시 남구 주월동,경상사고,0,0,1,0,차대차 - 추돌 - 진행중,안전거리미확보,습기,비,단일로 - 기타,승용,남,71세,상해없음,승용,남,57세,경상
2014120100100435,2014년 12월 1일 17시,월요일,광주광역시 북구 양산동,경상사고,0,0,1,0,차대차 - 측면직각충돌,교차로운행방법위반,습기,눈,교차로 - 교차로안,승용,남,45세,상해없음,승용,남,31세,경상
2014120100100537,2014년 12월 1일 19시,월요일,광주광역시 북구 운암동,경상사고,0,0,4,0,차대차 - 기타,안전운전불이행,건조,맑음,단일로 - 기타,승용,남,54세,상해없음,승용,여,34세,경상
2014120100100538,2014년 12월 1일 19시,월요일,광주광역시 북구 신안동,경상사고,0,0,1,0,차대차 - 측면직각충돌,교차로운행방법위반,습기,흐림,교차로 - 교차로안,승용,남,53세,상해없음,원동기,남,26세,경상
2014120100100539,2014년 12월 1일 19시,월요일,광주광역시 북구 임동,경상사고,0,0,1,0,차대차 - 측면직각충돌,안전운전불이행,습기,눈,단일로 - 기타,승용,남,46세,상해없음,원동기,남,45세,경상
2014120100100540,2014년 12월 1일 19시,월요일,광주광역시 광산구 하남동,경상사고,0,0,1,0,차대차 - 측면직각충돌,신호위반,습기,눈,교차로 - 교차로안,승합,남,53세,상해없음,화물,남,49세,경상
2014120100100541,2014년 12월 1일 19시,월요일,광주광역시 광산구 신가동,경상사고,0,0,1,0,차대차 - 추돌 - 주정차중,안전운전불이행,습기,흐림,교차로 - 교차로부근,승용,남,48세,상해없음,승용,남,41세,경상
2014120100100572,2014년 12월 1일 20시,월요일,광주광역시 북구 용봉동,경상사고,0,0,2,0,차대차 - 추돌 - 진행중,안전운전불이행,건조,맑음,단일로 - 기타,승용,남,42세,경상,승용,남,29세,경상
2014120100100628,2014년 12월 1일 22시,월요일,광주광역시 서구 쌍촌동,경상사고,0,0,2,0,차대차 - 기타,안전거리미확보,적설,눈,교차로 - 교차로부근,승용,남,54세,경상,화물,남,36세,경상
2014120100100629,2014년 12월 1일 22시,월요일,광주광역시 남구 백운동,경상사고,0,0,1,0,차대사람 - 횡단중,안전운전불이행,습기,눈,단일로 - 횡단보도상,원동기,남,21세,상해없음,보행자,남,59세,경상
2014120100100630,2014년 12월 1일 22시,월요일,광주광역시 북구 임동,중상사고,0,1,0,0,차대사람 - 횡단중,안전운전불이행,습기,눈,교차로 - 교차로부근,승용,남,61세,상해없음,보행자,여,52세,중상
2014120100100631,2014년 12월 1일 22시,월요일,광주광역시 광산구 월곡동,경상사고,0,0,1,0,차대차 - 추돌 - 주정차중,안전운전불이행,건조,맑음,단일로 - 기타,승용,남,46세,상해없음,승용,남,28세,경상
2014120100100654,2014년 12월 1일 23시,월요일,광주광역시 서구 유촌동,경상사고,0,0,2,0,차대차 - 측면직각충돌,안전운전불이행,결빙,눈,단일로 - 기타,승용,남,25세,경상,승용,남,66세,경상
2014120100100655,2014년 12월 1일 23시,월요일,광주광역시 서구 유촌동,경상사고,0,0,2,0,차대차 - 추돌 - 진행중,차로위반,결빙,눈,단일로 - 기타,승용,남,55세,경상,승용,남,46세,상해없음
2014120100100656,2014년 12월 1일 23시,월요일,광주광역시 서구 유촌동,경상사고,0,0,2,0,차대차 - 추돌 - 주정차중,안전운전불이행,결빙,눈,단일로 - 기타,승용,여,60세,상해없음,승용,남,66세,기타불명
2014120200100013,2014년 12월 2일 00시,화요일,광주광역시 서구 유촌동,경상사고,0,0,3,0,차대차 - 측면직각충돌,안전운전불이행,결빙,눈,단일로 - 기타,승용,남,57세,상해없음,승용,남,34세,경상
2014120200100014,2014년 12월 2일 00시,화요일,광주광역시 광산구 우산동,부상신고사고,0,0,0,1,차대차 - 기타,안전운전불이행,결빙,눈,단일로 - 교량,승용,여,50세,상해없음,승용,여,24세,부상신고
2014120200100045,2014년 12월 2일 03시,화요일,광주광역시 광산구 월곡동,경상사고,0,0,4,0,차대차 - 추돌 - 주정차중,안전운전불이행,결빙,눈,교차로 - 교차로부근,승합,남,55세,상해없음,승합,남,46세,경상
2014120200100046,2014년 12월 2일 03시,화요일,광주광역시 광산구 우산동,경상사고,0,0,2,0,차대차 - 측면직각충돌,안전운전불이행,결빙,눈,단일로 - 기타,승용,남,44세,상해없음,승용,남,50세,경상
2014120200100072,2014년 12월 2일 06시,화요일,광주광역시 동구 월남동,경상사고,0,0,1,0,차대차 - 기타,안전운전불이행,결빙,눈,단일로 - 기타,승용,남,47세,상해없음,승용,여,31세,경상
2014120200100084,2014년 12월 2일 07시,화요일,광주광역시 북구 풍향동,경상사고,0,0,1,0,차대차 - 추돌 - 진행중,안전거리미확보,적설,눈,단일로 - 기타,승용,남,73세,상해없음,화물,남,36세,경상
2014120200100085,2014년 12월 2일 07시,화요일,광주광역시 북구 신용동,중상사고,0,2,1,0,차량단독 - 도로외이탈 - 기타,안전운전불이행,적설,눈,단일로 - 기타,승용,남,47세,경상,,,,
2014120200100129,2014년 12월 2일 08시,화요일,광주광역시 광산구 쌍암동,경상사고,0,0,1,0,차대차 - 기타,안전운전불이행,건조,맑음,교차로 - 교차로부근,승용,여,27세,상해없음,승용,여,38세,경상
2014120200100154,2014년 12월 2일 09시,화요일,광주광역시 동구 학동,중상사고,0,1,0,0,차대사람 - 횡단중,안전운전불이행,적설,눈,단일로 - 기타,승용,여,40세,상해없음,보행자,여,81세,중상
2014120200100232,2014년 12월 2일 12시,화요일,광주광역시 광산구 산정동,경상사고,0,0,1,0,차대차 - 측면직각충돌,안전거리미확보,건조,맑음,단일로 - 기타,화물,남,35세,상해없음,이륜,남,28세,경상
2014120200100253,2014년 12월 2일 13시,화요일,광주광역시 북구 용봉동,경상사고,0,0,2,0,차대차 - 추돌 - 주정차중,중앙선침범,건조,맑음,단일로 - 기타,승용,남,48세,상해없음,승용,여,45세,경상
2014120200100287,2014년 12월 2일 14시,화요일,광주광역시 북구 두암동,경상사고,0,0,1,0,차대차 - 측면직각충돌,안전운전불이행,건조,맑음,단일로 - 기타,원동기,남,74세,경상,승용,여,53세,상해없음
2014120200100327,2014년 12월 2일 15시,화요일,광주광역시 동구 학동,중상사고,0,1,2,0,차대차 - 기타,안전운전불이행,건조,맑음,단일로 - 기타,승용,여,62세,중상,승용,남,66세,경상
2014120200100363,2014년 12월 2일 16시,화요일,광주광역시 북구 중흥동,경상사고,0,0,2,0,차대사람 - 보도통행중,기타,건조,맑음,단일로 - 기타,자전거,여,20세,경상,보행자,남,18세,경상
2014120200100394,2014년 12월 2일 17시,화요일,광주광역시 동구 학동,중상사고,0,1,1,0,차대차 - 정면충돌,중앙선침범,습기,눈,교차로 - 교차로안,이륜,남,80세,경상,승용,여,43세,상해없음
2014120200100445,2014년 12월 2일 18시,화요일,광주광역시 동구 학동,경상사고,0,0,1,0,차대차 - 기타,안전거리미확보,건조,맑음,단일로 - 기타,자전거,여,55세,경상,승용,여,51세,상해없음
2014120200100446,2014년 12월 2일 18시,화요일,광주광역시 동구 수기동,경상사고,0,0,1,0,차대차 - 기타,신호위반,건조,맑음,교차로 - 교차로안,승용,남,52세,상해없음,승용,여,39세,경상
2014120200100447,2014년 12월 2일 18시,화요일,광주광역시 광산구 비아동,경상사고,0,0,2,0,차대차 - 추돌 - 진행중,안전운전불이행,결빙,눈,단일로 - 기타,승용,여,32세,상해없음,승용,남,67세,경상
2014120200100548,2014년 12월 2일 21시,화요일,광주광역시 서구 치평동,경상사고,0,0,3,0,차대차 - 추돌 - 진행중,안전거리미확보,건조,흐림,단일로 - 기타,승용,남,40세,상해없음,승용,남,60세,경상
2014120200100549,2014년 12월 2일 21시,화요일,광주광역시 북구 용두동,경상사고,0,0,2,0,차대차 - 측면직각충돌,안전거리미확보,습기,흐림,단일로 - 기타,화물,남,53세,상해없음,승용,남,44세,경상
2014120200100569,2014년 12월 2일 22시,화요일,광주광역시 남구 백운동,경상사고,0,0,2,0,차대차 - 측면직각충돌,교차로운행방법위반,적설,눈,교차로 - 교차로안,승용,남,33세,상해없음,승용,남,62세,경상
2014120200100570,2014년 12월 2일 22시,화요일,광주광역시 광산구 삼도동,경상사고,0,0,1,0,차대차 - 정면충돌,안전운전불이행,결빙,눈,단일로 - 교량,승용,여,49세,상해없음,화물,남,39세,경상
2014120200100571,2014년 12월 2일 22시,화요일,광주광역시 광산구 신가동,경상사고,0,0,1,0,차대차 - 추돌 - 진행중,안전운전불이행,건조,맑음,교차로 - 교차로안,승용,남,55세,상해없음,승용,여,47세,경상
2014120200100596,2014년 12월 2일 23시,화요일,광주광역시 광산구 우산동,경상사고,0,0,1,0,차대사람 - 길가장자리구역통행중,안전운전불이행,습기,눈,단일로 - 기타,승용,남,32세,상해없음,보행자,남,44세,경상
2014120300100071,2014년 12월 3일 02시,수요일,광주광역시 동구 불로동,경상사고,0,0,1,0,차대차 - 측면직각충돌,신호위반,건조,맑음,교차로 - 교차로안,승용,남,25세,상해없음,승용,남,38세,경상
2014120300100072,2014년 12월 3일 02시,수요일,광주광역시 북구 동림동,중상사고,0,3,0,0,차대차 - 정면충돌,안전운전불이행,결빙,맑음,단일로 - 교량,화물,남,50세,중상,승용,남,47세,중상
2014120300100088,2014년 12월 3일 03시,수요일,광주광역시 남구 지석동,경상사고,0,0,1,0,차량단독 - 공작물충돌,안전운전불이행,결빙,눈,기타 - 기타,승용,남,56세,상해없음,,,,
2014120300100121,2014년 12월 3일 06시,수요일,광주광역시 광산구 비아동,경상사고,0,0,1,0,차대차 - 측면직각충돌,안전운전불이행,결빙,눈,단일로 - 기타,승용,남,26세,상해없음,승용,남,31세,경상
2014120300100227,2014년 12월 3일 09시,수요일,광주광역시 북구 운암동,경상사고,0,0,1,0,차대차 - 기타,중앙선침범,습기,흐림,단일로 - 기타,승용,남,38세,상해없음,승용,여,42세,경상
2014120300100250,2014년 12월 3일 10시,수요일,광주광역시 남구 양림동,중상사고,0,1,0,0,차대사람 - 횡단중,안전운전불이행,건조,맑음,교차로 - 교차로안,승용,남,25세,상해없음,보행자,여,43세,중상
2014120300100262,2014년 12월 3일 11시,수요일,광주광역시 동구 학동,경상사고,0,0,1,0,차대사람 - 횡단중,안전운전불이행,건조,맑음,단일로 - 횡단보도상,승합,남,76세,상해없음,보행자,여,66세,경상
2014120300100282,2014년 12월 3일 12시,수요일,광주광역시 남구 월산동,경상사고,0,0,1,0,차대차 - 측면직각충돌,교차로운행방법위반,건조,맑음,교차로 - 교차로안,승용,여,45세,상해없음,자전거,남,77세,경상
2014120300100283,2014년 12월 3일 12시,수요일,광주광역시 북구 동림동,경상사고,0,0,1,0,차대사람 - 기타,안전운전불이행,건조,맑음,단일로 - 기타,자전거,남,30세,경상,보행자,여,67세,상해없음
2014120300100332,2014년 12월 3일 14시,수요일,광주광역시 서구 쌍촌동,경상사고,0,0,1,0,차대차 - 기타,기타,건조,맑음,단일로 - 기타,승용,남,70세,상해없음,승용,남,30세,경상
2014120300100359,2014년 12월 3일 15시,수요일,광주광역시 남구 진월동,경상사고,0,0,2,0,차대차 - 측면직각충돌,중앙선침범,건조,맑음,단일로 - 기타,승용,여,55세,상해없음,승합,남,48세,상해없음
2014120300100360,2014년 12월 3일 15시,수요일,광주광역시 광산구 소촌동,경상사고,0,0,1,0,차대차 - 측면직각충돌,안전운전불이행,건조,흐림,단일로 - 기타,화물,남,62세,상해없음,승용,여,56세,경상
2014120300100385,2014년 12월 3일 16시,수요일,광주광역시 북구 일곡동,중상사고,0,1,0,0,차대사람 - 횡단중,보행자보호의무위반,습기,비,단일로 - 횡단보도상,승합,남,53세,상해없음,보행자,남,7세,중상
2014120300100417,2014년 12월 3일 17시,수요일,광주광역시 북구 운암동,경상사고,0,0,1,0,차대차 - 측면직각충돌,안전운전불이행,건조,맑음,단일로 - 기타,기타불명,기타불명,기타불명,기타불명,승용,여,58세,경상
2014120300100418,2014년 12월 3일 17시,수요일,광주광역시 북구 신안동,경상사고,0,0,2,0,차대차 - 측면직각충돌,교차로운행방법위반,습기,흐림,교차로 - 교차로안,승용,여,24세,상해없음,승용,남,25세,경상
2014120300100475,2014년 12월 3일 18시,수요일,광주광역시 북구 임동,경상사고,0,0,1,0,차대사람 - 횡단중,안전운전불이행,건조,맑음,단일로 - 기타,승용,남,55세,상해없음,보행자,남,45세,경상
2014120300100476,2014년 12월 3일 18시,수요일,광주광역시 북구 본촌동,경상사고,0,0,1,0,차대사람 - 보도통행중,보행자보호의무위반,건조,맑음,교차로 - 교차로부근,승합,남,64세,상해없음,보행자,남,25세,경상
2014120300100519,2014년 12월 3일 19시,수요일,광주광역시 서구 쌍촌동,경상사고,0,0,1,0,차대사람 - 차도통행중,안전운전불이행,건조,맑음,단일로 - 기타,승용,여,35세,상해없음,보행자,남,20세,경상
2014120300100520,2014년 12월 3일 19시,수요일,광주광역시 북구 신안동,경상사고,0,0,2,0,차대차 - 측면직각충돌,교차로운행방법위반,습기,비,교차로 - 교차로안,화물,남,44세,상해없음,승용,남,59세,경상
2014120300100521,2014년 12월 3일 19시,수요일,광주광역시 북구 용봉동,경상사고,0,0,1,0,차대사람 - 횡단중,안전운전불이행,건조,흐림,단일로 - 기타,승용,남,49세,상해없음,보행자,남,26세,경상
2014120300100522,2014년 12월 3일 19시,수요일,광주광역시 북구 운암동,경상사고,0,0,1,0,차대사람 - 횡단중,보행자보호의무위반,건조,맑음,교차로 - 교차로안,승합,남,51세,상해없음,보행자,여,35세,경상
2014120300100560,2014년 12월 3일 20시,수요일,광주광역시 동구 학동,중상사고,0,1,0,0,차대사람 - 차도통행중,안전운전불이행,습기,비,교차로 - 교차로부근,화물,남,46세,상해없음,보행자,남,64세,중상
2014120300100631,2014년 12월 3일 22시,수요일,광주광역시 남구 월산동,경상사고,0,0,1,0,차대사람 - 횡단중,안전운전불이행,습기,흐림,단일로 - 기타,승용,남,31세,상해없음,보행자,남,63세,경상
2014120300100655,2014년 12월 3일 23시,수요일,광주광역시 북구 운암동,중상사고,0,1,0,0,차대사람 - 기타,안전운전불이행,습기,비,교차로 - 교차로안,승용,남,59세,상해없음,보행자,여,26세,중상
2014120300100656,2014년 12월 3일 23시,수요일,광주광역시 광산구 소촌동,경상사고,0,0,2,0,차대차 - 측면직각충돌,안전거리미확보,건조,맑음,단일로 - 기타,화물,남,56세,상해없음,승용,남,58세,경상
2014120400100029,2014년 12월 4일 00시,목요일,광주광역시 남구 월산동,경상사고,0,0,1,0,차대차 - 측면직각충돌,교차로운행방법위반,습기,맑음,교차로 - 교차로부근,화물,남,25세,상해없음,원동기,남,35세,경상
2014120400100030,2014년 12월 4일 00시,목요일,광주광역시 북구 양산동,경상사고,0,0,3,0,차대차 - 측면직각충돌,교차로운행방법위반,건조,맑음,교차로 - 교차로안,승용,남,29세,경상,승용,남,53세,경상
2014120400100063,2014년 12월 4일 03시,목요일,광주광역시 광산구 수완동,중상사고,0,2,2,0,차대차 - 측면직각충돌,안전운전불이행,습기,비,교차로 - 교차로안,승용,여,41세,중상,승용,남,37세,경상
2014120400100081,2014년 12월 4일 05시,목요일,광주광역시 북구 중흥동,경상사고,0,0,1,0,차대차 - 측면직각충돌,안전거리미확보,건조,맑음,단일로 - 기타,승용,남,62세,상해없음,화물,여,60세,경상