사고번호,사고일시,요일,시군구,사고내용,사망자수,중상자수,경상자수,부상신고자수,사고유형,법규위반,노면상태,기상상태,도로형태,가해운전자 차종,가해운전자 성별,가해운전자 연령,가해운전자 상해정도,피해운전자 차종,피해운전자 성별,피해운전자 연령,피해운전자 상해정도
2014120900100128,2014년 12월 9일 07시,화요일,광주광역시 북구 지야동,경상사고,0,0,2,0,차량단독 - 공작물충돌,안전운전불이행,건조,맑음,단일로 - 기타,승용,남,27세,경상,,,,
2014120900100129,2014년 12월 9일 07시,화요일,광주광역시 북구 중흥동,경상사고,0,0,1,0,차대사람 - 기타,안전운전불이행,건조,맑음,단일로 - 기타,승용,남,57세,상해없음,보행자,남,16세,경상
2014120900100179,2014년 12월 9일 08시,화요일,광주광역시 서구 내방동,경상사고,0,0,1,0,차대사람 - 길가장자리구역통행중,안전운전불이행,건조,맑음,단일로 - 기타,기타불명,기타불명,기타불명,기타불명,보행자,남,7세,경상
2014120900100243,2014년 12월 9일 10시,화요일,광주광역시 서구 양동,경상사고,0,0,3,0,차대차 - 측면직각충돌,안전거리미확보,건조,맑음,단일로 - 기타,승용,남,61세,경상,승용,남,53세,경상
2014120900100244,2014년 12월 9일 10시,화요일,광주광역시 북구 오치동,경상사고,0,0,2,0,차대차 - 기타,차로위반,건조,맑음,단일로 - 기타,화물,기타불명,기타불명,기타불명,승용,남,70세,상해없음
2014120900100301,2014년 12월 9일 12시,화요일,광주광역시 북구 우산동,경상사고,0,0,1,0,차대사람 - 차도통행중,안전운전불이행,건조,맑음,단일로 - 기타,승용,여,65세,상해없음,보행자,여,60세,경상
2014120900100336,2014년 12월 9일 13시,화요일,광주광역시 북구 오치동,경상사고,0,0,1,0,차대사람 - 횡단중,보행자보호의무위반,건조,맑음,단일로 - 기타,승용,남,32세,상해없음,보행자,남,22세,경상
2014120900100337,2014년 12월 9일 13시,화요일,광주광역시 광산구 복룡동,경상사고,0,0,1,0,차대차 - 추돌 - 주정차중,안전운전불이행,건조,맑음,교차로 - 교차로부근,화물,남,45세,상해없음,화물,남,59세,경상
2014120900100338,2014년 12월 9일 13시,화요일,광주광역시 광산구 우산동,경상사고,0,0,1,0,차대사람 - 횡단중,보행자보호의무위반,건조,맑음,단일로 - 기타,승용,남,58세,상해없음,보행자,남,9세,경상
2014120900100371,2014년 12월 9일 14시,화요일,광주광역시 서구 양동,경상사고,0,0,1,0,차량단독 - 기타,안전운전불이행,건조,맑음,단일로 - 기타,승합,남,56세,상해없음,,,,
2014120900100401,2014년 12월 9일 15시,화요일,광주광역시 동구 대인동,경상사고,0,0,1,0,차대사람 - 기타,안전운전불이행,건조,맑음,단일로 - 기타,기타불명,기타불명,기타불명,기타불명,보행자,남,50세,경상
2014120900100402,2014년 12월 9일 15시,화요일,광주광역시 북구 양산동,경상사고,0,0,1,0,차대사람 - 기타,안전운전불이행,건조,맑음,기타 - 기타,승용,여,28세,상해없음,보행자,여,36세,경상
2014120900100421,2014년 12월 9일 16시,화요일,광주광역시 광산구 도산동,경상사고,0,0,1,0,차대차 - 기타,안전운전불이행,건조,맑음,단일로 - 기타,승용,남,57세,상해없음,승용,남,32세,경상
2014120900100422,2014년 12월 9일 16시,화요일,광주광역시 광산구 송정동,중상사고,0,1,1,0,차대차 - 측면직각충돌,안전거리미확보,건조,맑음,단일로 - 기타,승용,남,70세,경상,승용,남,59세,중상
2014120900100472,2014년 12월 9일 17시,화요일,광주광역시 동구 산수동,경상사고,0,0,4,0,차대차 - 추돌 - 주정차중,안전운전불이행,건조,맑음,단일로 - 기타,승용,여,59세,상해없음,승합,남,41세,경상
2014120900100523,2014년 12월 9일 18시,화요일,광주광역시 남구 방림동,중상사고,0,1,0,0,차대사람 - 횡단중,안전운전불이행,건조,맑음,단일로 - 기타,승용,남,58세,상해없음,보행자,여,83세,중상
2014120900100524,2014년 12월 9일 18시,화요일,광주광역시 광산구 우산동,경상사고,0,0,1,0,차대사람 - 횡단중,안전운전불이행,건조,맑음,단일로 - 기타,승용,여,30세,상해없음,보행자,여,65세,경상
2014120900100565,2014년 12월 9일 19시,화요일,광주광역시 남구 백운동,경상사고,0,0,1,0,차대차 - 측면직각충돌,안전거리미확보,건조,맑음,단일로 - 기타,승용,여,36세,상해없음,이륜,남,52세,경상
2014120900100566,2014년 12월 9일 19시,화요일,광주광역시 북구 두암동,경상사고,0,0,1,0,차대차 - 기타,교차로운행방법위반,건조,맑음,교차로 - 교차로안,승용,여,28세,상해없음,이륜,남,23세,경상
2014120900100601,2014년 12월 9일 20시,화요일,광주광역시 서구 매월동,중상사고,0,1,0,0,차대사람 - 횡단중,보행자보호의무위반,건조,맑음,교차로 - 교차로부근,승용,남,41세,상해없음,보행자,남,36세,중상
2014120900100667,2014년 12월 9일 22시,화요일,광주광역시 북구 신용동,경상사고,0,0,1,0,차대차 - 측면직각충돌,신호위반,건조,맑음,교차로 - 교차로안,승용,남,31세,상해없음,승용,여,51세,경상
2014120900100668,2014년 12월 9일 22시,화요일,광주광역시 광산구 월계동,경상사고,0,0,1,0,차대차 - 기타,교차로운행방법위반,건조,맑음,교차로 - 교차로안,승용,남,45세,상해없음,승용,남,51세,상해없음
2014120900100700,2014년 12월 9일 23시,화요일,광주광역시 서구 금호동,경상사고,0,0,1,0,차대차 - 추돌 - 주정차중,안전운전불이행,건조,맑음,교차로 - 교차로부근,승용,남,43세,상해없음,승용,남,35세,경상
2014121000100024,2014년 12월 10일 00시,수요일,광주광역시 남구 봉선동,경상사고,0,0,1,0,차대차 - 기타,기타,건조,맑음,교차로 - 교차로안,원동기,남,21세,상해없음,원동기,남,18세,상해없음
2014121000100046,2014년 12월 10일 02시,수요일,광주광역시 동구 산수동,중상사고,0,1,1,0,차대차 - 측면직각충돌,신호위반,건조,맑음,교차로 - 교차로부근,승용,남,62세,상해없음,승용,남,53세,중상
2014121000100160,2014년 12월 10일 08시,수요일,광주광역시 동구 산수동,중상사고,0,1,0,0,차대차 - 기타,기타,건조,맑음,단일로 - 기타,화물,남,42세,중상,승용,남,60세,기타불명
2014121000100161,2014년 12월 10일 08시,수요일,광주광역시 서구 광천동,경상사고,0,0,1,0,차대차 - 추돌 - 주정차중,안전거리미확보,건조,맑음,교차로 - 교차로부근,승용,여,60세,상해없음,승합,남,58세,경상
2014121000100187,2014년 12월 10일 09시,수요일,광주광역시 서구 내방동,경상사고,0,0,1,0,차대차 - 기타,안전운전불이행,건조,맑음,교차로 - 교차로부근,화물,남,58세,상해없음,승용,남,33세,경상
2014121000100247,2014년 12월 10일 11시,수요일,광주광역시 북구 우산동,중상사고,0,1,0,0,차대사람 - 횡단중,안전운전불이행,건조,맑음,단일로 - 기타,승용,남,70세,상해없음,보행자,여,62세,중상
2014121000100295,2014년 12월 10일 13시,수요일,광주광역시 남구 사동,부상신고사고,0,0,0,1,차대차 - 측면직각충돌,안전운전불이행,건조,맑음,교차로 - 교차로안,승용,남,41세,상해없음,이륜,남,35세,부상신고
2014121000100296,2014년 12월 10일 13시,수요일,광주광역시 북구 두암동,경상사고,0,0,1,0,차대사람 - 횡단중,보행자보호의무위반,습기,비,단일로 - 기타,화물,남,43세,상해없음,보행자,여,7세,경상
2014121000100337,2014년 12월 10일 14시,수요일,광주광역시 동구 학동,경상사고,0,0,3,0,차대차 - 측면직각충돌,교차로운행방법위반,건조,흐림,교차로 - 교차로부근,승용,남,77세,경상,화물,남,41세,경상
2014121000100361,2014년 12월 10일 15시,수요일,광주광역시 남구 월산동,경상사고,0,0,1,0,차대차 - 측면직각충돌,신호위반,건조,맑음,교차로 - 교차로안,화물,여,59세,상해없음,자전거,남,70세,경상
2014121000100398,2014년 12월 10일 16시,수요일,광주광역시 동구 대인동,중상사고,0,1,3,0,차대차 - 측면직각충돌,안전운전불이행,건조,맑음,교차로 - 교차로안,이륜,남,41세,중상,승용,남,64세,경상
2014121000100446,2014년 12월 10일 17시,수요일,광주광역시 북구 양산동,중상사고,0,1,0,0,차대사람 - 기타,안전운전불이행,건조,흐림,단일로 - 기타,승용,남,30세,상해없음,보행자,여,76세,중상
2014121000100522,2014년 12월 10일 18시,수요일,광주광역시 동구 학동,경상사고,0,0,1,0,차대사람 - 기타,안전운전불이행,건조,맑음,단일로 - 기타,승용,남,52세,상해없음,보행자,남,59세,경상
2014121000100523,2014년 12월 10일 18시,수요일,광주광역시 광산구 도산동,경상사고,0,0,1,0,차대차 - 추돌 - 진행중,안전거리미확보,습기,맑음,교차로 - 교차로부근,승용,남,49세,상해없음,승용,여,52세,경상
2014121000100524,2014년 12월 10일 18시,수요일,광주광역시 광산구 수완동,경상사고,0,0,1,0,차대차 - 기타,안전운전불이행,건조,맑음,단일로 - 기타,승용,여,44세,상해없음,승용,남,21세,경상
2014121000100574,2014년 12월 10일 19시,수요일,광주광역시 북구 용봉동,경상사고,0,0,2,0,차대차 - 측면직각충돌,안전운전불이행,건조,흐림,교차로 - 교차로부근,화물,남,53세,상해없음,승용,여,39세,경상
2014121000100714,2014년 12월 10일 22시,수요일,광주광역시 광산구 소촌동,경상사고,0,0,1,0,차대차 - 추돌 - 진행중,안전거리미확보,건조,맑음,단일로 - 기타,승용,남,54세,기타불명,승용,여,29세,경상
2014121000100750,2014년 12월 10일 23시,수요일,광주광역시 남구 양림동,경상사고,0,0,1,0,차대차 - 측면직각충돌,교차로운행방법위반,습기,비,교차로 - 교차로안,승용,남,69세,상해없음,원동기,남,18세,경상
2014121100100031,2014년 12월 11일 00시,목요일,광주광역시 북구 매곡동,부상신고사고,0,0,0,1,차량단독 - 공작물충돌,안전운전불이행,습기,비,단일로 - 기타,승용,기타불명,기타불명,기타불명,,,,
2014121100100032,2014년 12월 11일 00시,목요일,광주광역시 광산구 산월동,경상사고,0,0,5,0,차대차 - 추돌 - 진행중,안전운전불이행,습기,비,단일로 - 기타,승용,여,41세,상해없음,승용,남,49세,경상
2014121100100047,2014년 12월 11일 01시,목요일,광주광역시 광산구 비아동,경상사고,0,0,1,0,차대사람 - 길가장자리구역통행중,안전운전불이행,습기,비,단일로 - 기타,화물,기타불명,기타불명,기타불명,보행자,남,51세,경상
2014121100100058,2014년 12월 11일 02시,목요일,광주광역시 남구 백운동,경상사고,0,0,2,0,차대차 - 기타,안전운전불이행,건조,맑음,단일로 - 기타,승용,남,56세,상해없음,승용,여,42세,경상
2014121100100111,2014년 12월 11일 06시,목요일,광주광역시 북구 운암동,경상사고,0,0,1,0,차대차 - 추돌 - 진행중,안전운전불이행,건조,흐림,교차로 - 교차로부근,승용,여,52세,상해없음,승용,남,59세,경상
2014121100100137,2014년 12월 11일 07시,목요일,광주광역시 북구 유동,경상사고,0,0,1,0,차대차 - 추돌 - 진행중,안전거리미확보,습기,흐림,단일로 - 기타,승용,남,47세,상해없음,승용,여,62세,경상
2014121100100167,2014년 12월 11일 08시,목요일,광주광역시 광산구 월계동,경상사고,0,0,1,0,차대사람 - 기타,안전운전불이행,건조,맑음,교차로 - 교차로안,승용,기타불명,기타불명,기타불명,보행자,여,12세,경상
2014121100100237,2014년 12월 11일 11시,목요일,광주광역시 광산구 쌍암동,경상사고,0,0,6,0,차대차 - 측면직각충돌,직진우회전진행방해,건조,맑음,교차로 - 교차로안,승용,여,49세,상해없음,승용,남,37세,경상
2014121100100265,2014년 12월 11일 12시,목요일,광주광역시 동구 서석동,경상사고,0,0,2,0,차대차 - 정면충돌,중앙선침범,건조,맑음,단일로 - 기타,승용,남,37세,상해없음,승용,남,42세,경상
2014121100100313,2014년 12월 11일 14시,목요일,광주광역시 서구 농성동,경상사고,0,0,1,0,차대차 - 측면직각충돌,차로위반,건조,맑음,단일로 - 기타,승용,남,66세,상해없음,승합,남,64세,경상
2014121100100314,2014년 12월 11일 14시,목요일,광주광역시 북구 용전동,중상사고,0,1,0,0,차량단독 - 공작물충돌,안전운전불이행,건조,맑음,단일로 - 기타,승용,남,50세,중상,,,,
2014121100100364,2014년 12월 11일 16시,목요일,광주광역시 서구 화정동,중상사고,0,1,0,0,차대사람 - 기타,안전운전불이행,건조,맑음,교차로 - 교차로안,승용,남,32세,상해없음,보행자,남,14세,중상
2014121100100440,2014년 12월 11일 18시,목요일,광주광역시 서구 금호동,중상사고,0,1,0,0,차대사람 - 횡단중,안전운전불이행,건조,맑음,단일로 - 기타,승용,여,42세,상해없음,보행자,남,7세,중상
2014121100100441,2014년 12월 11일 18시,목요일,광주광역시 북구 두암동,중상사고,0,1,0,0,차대차 - 기타,신호위반,건조,맑음,교차로 - 교차로안,승용,여,44세,상해없음,이륜,남,56세,중상
2014121100100473,2014년 12월 11일 19시,목요일,광주광역시 동구 운림동,경상사고,0,0,1,0,차대차 - 측면직각충돌,교차로운행방법위반,건조,맑음,교차로 - 교차로안,이륜,남,26세,상해없음,이륜,남,22세,경상
2014121100100474,2014년 12월 11일 19시,목요일,광주광역시 광산구 수완동,경상사고,0,0,1,0,차대차 - 측면직각충돌,신호위반,건조,맑음,교차로 - 교차로안,이륜,남,24세,상해없음,자전거,남,26세,경상
2014121100100505,2014년 12월 11일 20시,목요일,광주광역시 북구 신안동,경상사고,0,0,1,0,차대차 - 측면직각충돌,안전운전불이행,건조,맑음,단일로 - 기타,승용,남,50세,상해없음,승용,여,49세,경상
2014121100100537,2014년 12월 11일 21시,목요일,광주광역시 남구 백운동,경상사고,0,0,1,0,차대차 - 측면직각충돌,교차로운행방법위반,건조,맑음,교차로 - 교차로안,승용,여,47세,상해없음,승용,남,62세,경상
2014121100100538,2014년 12월 11일 21시,목요일,광주광역시 남구 방림동,경상사고,0,0,1,0,차대사람 - 횡단중,신호위반,건조,맑음,단일로 - 횡단보도상,승용,여,54세,상해없음,보행자,여,37세,경상
2014121100100539,2014년 12월 11일 21시,목요일,광주광역시 북구 신용동,중상사고,0,1,0,0,차대사람 - 횡단중,안전운전불이행,건조,맑음,단일로 - 기타,승용,남,60세,상해없음,보행자,남,15세,중상
2014121100100559,2014년 12월 11일 22시,목요일,광주광역시 동구 산수동,경상사고,0,0,1,0,차대차 - 추돌 - 진행중,안전거리미확보,건조,맑음,단일로 - 기타,승용,여,35세,상해없음,승용,남,61세,경상
2014121100100560,2014년 12월 11일 22시,목요일,광주광역시 동구 산수동,경상사고,0,0,1,0,차대차 - 추돌 - 진행중,안전운전불이행,건조,흐림,단일로 - 횡단보도부근,승용,여,42세,상해없음,승용,남,29세,경상
2014121100100561,2014년 12월 11일 22시,목요일,광주광역시 광산구 신창동,경상사고,0,0,2,0,차대차 - 추돌 - 진행중,안전거리미확보,건조,맑음,교차로 - 교차로부근,승용,남,41세,상해없음,승용,남,56세,경상
2014121200100038,2014년 12월 12일 01시,금요일,광주광역시 광산구 비아동,중상사고,0,1,1,0,차대차 - 추돌 - 진행중,안전운전불이행,건조,맑음,교차로 - 교차로부근,승용,남,41세,상해없음,승용,남,32세,경상
2014121200100076,2014년 12월 12일 05시,금요일,광주광역시 남구 양림동,경상사고,0,0,1,0,차대사람 - 횡단중,안전운전불이행,건조,맑음,교차로 - 교차로안,화물,남,66세,상해없음,보행자,남,50세,경상
2014121200100092,2014년 12월 12일 06시,금요일,광주광역시 남구 봉선동,중상사고,0,1,0,0,차대차 - 추돌 - 진행중,안전운전불이행,결빙,맑음,단일로 - 기타,화물,남,56세,상해없음,원동기,남,67세,중상
2014121200100122,2014년 12월 12일 07시,금요일,광주광역시 북구 양산동,중상사고,0,1,0,0,차대사람 - 횡단중,안전운전불이행,건조,맑음,단일로 - 기타,승용,남,72세,상해없음,보행자,남,17세,중상
2014121200100123,2014년 12월 12일 07시,금요일,광주광역시 광산구 신가동,경상사고,0,0,1,0,차대차 - 측면직각충돌,안전거리미확보,건조,맑음,단일로 - 기타,승용,남,57세,상해없음,승용,남,29세,경상
2014121200100163,2014년 12월 12일 08시,금요일,광주광역시 북구 운암동,경상사고,0,0,1,0,차대차 - 측면직각충돌,안전운전불이행,건조,맑음,단일로 - 기타,승용,여,49세,상해없음,승용,여,41세,경상
2014121200100211,2014년 12월 12일 10시,금요일,광주광역시 동구 지산동,경상사고,0,0,1,0,차대사람 - 횡단중,안전운전불이행,건조,맑음,단일로 - 기타,승용,남,28세,상해없음,보행자,여,56세,경상
2014121200100245,2014년 12월 12일 11시,금요일,광주광역시 동구 금남로4가,경상사고,0,0,1,0,차대차 - 측면직각충돌,안전운전불이행,건조,맑음,단일로 - 기타,승용,여,60세,경상,승용,남,66세,상해없음
2014121200100296,2014년 12월 12일 13시,금요일,광주광역시 북구 신안동,경상사고,0,0,3,0,차대차 - 기타,안전거리미확보,건조,맑음,단일로 - 기타,승용,남,69세,상해없음,승용,여,28세,경상
2014121200100334,2014년 12월 12일 14시,금요일,광주광역시 동구 서석동,경상사고,0,0,1,0,차대차 - 측면직각충돌,안전거리미확보,건조,맑음,교차로 - 교차로부근,승용,남,72세,상해없음,승용,남,25세,경상
2014121200100368,2014년 12월 12일 15시,금요일,광주광역시 서구 화정동,경상사고,0,0,1,0,차대차 - 기타,안전거리미확보,결빙,눈,단일로 - 기타,화물,남,66세,상해없음,이륜,남,19세,경상
2014121200100413,2014년 12월 12일 16시,금요일,광주광역시 북구 두암동,경상사고,0,0,1,0,차대사람 - 횡단중,교차로운행방법위반,건조,맑음,교차로 - 교차로안,승용,남,57세,상해없음,보행자,여,44세,경상
2014121200100472,2014년 12월 12일 17시,금요일,광주광역시 북구 운암동,중상사고,0,1,0,0,차대사람 - 기타,안전운전불이행,건조,맑음,단일로 - 기타,승용,남,53세,상해없음,보행자,여,12세,중상
2014121200100473,2014년 12월 12일 17시,금요일,광주광역시 광산구 도덕동,중상사고,0,3,4,0,차대차 - 측면직각충돌,교차로운행방법위반,결빙,눈,교차로 - 교차로안,승용,남,48세,경상,승합,남,57세,중상
2014121200100474,2014년 12월 12일 17시,금요일,광주광역시 광산구 수완동,경상사고,0,0,1,0,차대차 - 추돌 - 진행중,안전거리미확보,습기,비,단일로 - 기타,승용,남,28세,상해없음,승용,남,53세,경상
2014121200100531,2014년 12월 12일 18시,금요일,광주광역시 광산구 월계동,경상사고,0,0,1,0,차대차 - 기타,안전운전불이행,건조,맑음,교차로 - 교차로부근,승용,남,42세,상해없음,자전거,여,65세,경상
2014121200100532,2014년 12월 12일 18시,금요일,광주광역시 광산구 하남동,경상사고,0,0,2,0,차대사람 - 횡단중,안전운전불이행,적설,눈,단일로 - 기타,승용,남,38세,상해없음,보행자,여,16세,경상
2014121200100580,2014년 12월 12일 19시,금요일,광주광역시 서구 양동,사망사고,1,0,0,0,차대사람 - 차도통행중,안전운전불이행,습기,눈,단일로 - 기타,승용,여,30세,상해없음,보행자,남,77세,사망
2014121200100581,2014년 12월 12일 19시,금요일,광주광역시 남구 송하동,부상신고사고,0,0,0,1,차대사람 - 횡단중,안전운전불이행,건조,맑음,단일로 - 기타,승용,남,41세,상해없음,보행자,여,23세,부상신고
2014121200100582,2014년 12월 12일 19시,금요일,광주광역시 광산구 소촌동,경상사고,0,0,1,0,차대차 - 기타,차로위반,습기,흐림,교차로 - 교차로부근,승용,남,26세,기타불명,화물,남,46세,경상
2014121200100583,2014년 12월 12일 19시,금요일,광주광역시 광산구 쌍암동,경상사고,0,0,1,0,차대차 - 측면직각충돌,신호위반,건조,맑음,교차로 - 교차로안,화물,남,43세,상해없음,승용,남,48세,상해없음
2014121200100660,2014년 12월 12일 21시,금요일,광주광역시 광산구 월곡동,중상사고,0,1,0,0,차대차 - 기타,안전운전불이행,결빙,흐림,교차로 - 교차로부근,승용,남,27세,상해없음,원동기,남,55세,중상
2014121200100661,2014년 12월 12일 21시,금요일,광주광역시 광산구 신창동,경상사고,0,0,1,0,차대차 - 정면충돌,신호위반,습기,흐림,교차로 - 교차로부근,승용,남,26세,상해없음,승용,남,62세,경상
2014121200100690,2014년 12월 12일 22시,금요일,광주광역시 남구 송하동,중상사고,0,1,2,0,차대차 - 추돌 - 주정차중,안전운전불이행,습기,흐림,교차로 - 교차로부근,화물,남,59세,중상,승용,남,48세,경상
2014121200100691,2014년 12월 12일 22시,금요일,광주광역시 광산구 월계동,경상사고,0,0,1,0,차대사람 - 횡단중,신호위반,습기,흐림,교차로 - 교차로부근,승용,남,39세,상해없음,보행자,여,18세,경상
2014121200100729,2014년 12월 12일 23시,금요일,광주광역시 서구 유촌동,경상사고,0,0,1,0,차대차 - 측면직각충돌,안전운전불이행,습기,눈,단일로 - 기타,승용,남,34세,기타불명,승용,여,35세,경상
2014121200100730,2014년 12월 12일 23시,금요일,광주광역시 서구 치평동,경상사고,0,0,1,0,차대차 - 측면직각충돌,교차로운행방법위반,습기,눈,교차로 - 교차로안,승용,여,32세,상해없음,승용,남,58세,경상
2014121200100731,2014년 12월 12일 23시,금요일,광주광역시 서구 쌍촌동,경상사고,0,0,2,0,차대차 - 측면직각충돌,안전운전불이행,습기,눈,단일로 - 기타,승용,남,59세,상해없음,승용,남,27세,상해없음
2014121200100732,2014년 12월 12일 23시,금요일,광주광역시 광산구 수완동,경상사고,0,0,1,0,차대차 - 추돌 - 진행중,차로위반,습기,눈,단일로 - 기타,승용,남,27세,상해없음,승용,여,58세,경상
2014121300100037,2014년 12월 13일 00시,토요일,광주광역시 북구 양산동,중상사고,0,1,0,0,차대차 - 추돌 - 주정차중,안전거리미확보,습기,눈,교차로 - 교차로부근,원동기,남,59세,중상,승용,남,54세,상해없음
2014121300100038,2014년 12월 13일 00시,토요일,광주광역시 광산구 우산동,중상사고,0,1,1,0,차대차 - 측면직각충돌,기타,적설,눈,교차로 - 교차로안,승용,남,48세,중상,승용,남,49세,경상
2014121300100084,2014년 12월 13일 02시,토요일,광주광역시 서구 화정동,중상사고,0,1,0,0,차대차 - 추돌 - 진행중,안전거리미확보,습기,눈,단일로 - 기타,승용,기타불명,기타불명,기타불명,승용,여,48세,중상
2014121300100106,2014년 12월 13일 03시,토요일,광주광역시 광산구 월계동,경상사고,0,0,1,0,차대차 - 측면직각충돌,안전운전불이행,결빙,눈,교차로 - 교차로부근,승용,남,53세,상해없음,화물,남,58세,상해없음
2014121300100107,2014년 12월 13일 03시,토요일,광주광역시 광산구 수완동,경상사고,0,0,6,0,차대차 - 추돌 - 진행중,차로위반,결빙,눈,단일로 - 기타,승용,남,25세,상해없음,승용,남,34세,경상
2014121300100117,2014년 12월 13일 04시,토요일,광주광역시 남구 노대동,중상사고,0,1,0,0,차량단독 - 공작물충돌,안전운전불이행,결빙,눈,단일로 - 기타,화물,남,47세,중상,,,,
2014121300100118,2014년 12월 13일 04시,토요일,광주광역시 북구 운암동,경상사고,0,0,3,0,차대차 - 측면직각충돌,중앙선침범,결빙,눈,단일로 - 교량,승용,남,20세,상해없음,승용,남,21세,경상
2014121300100132,2014년 12월 13일 05시,토요일,광주광역시 북구 운암동,경상사고,0,0,1,0,차량단독 - 기타,안전운전불이행,결빙,흐림,단일로 - 기타,승용,남,54세,상해없음,,,,
2014121300100147,2014년 12월 13일 06시,토요일,광주광역시 광산구 소촌동,경상사고,0,0,2,0,차대차 - 측면직각충돌,직진우회전진행방해,결빙,흐림,교차로 - 교차로안,승용,남,46세,경상,승용,남,33세,경상
2014121300100157,2014년 12월 13일 07시,토요일,광주광역시 북구 매곡동,경상사고,0,0,1,0,차대차 - 기타,안전운전불이행,습기,흐림,단일로 - 기타,승용,남,64세,상해없음,승용,남,50세,경상
2014121300100158,2014년 12월 13일 07시,토요일,광주광역시 광산구 장덕동,경상사고,0,0,1,0,차대차 - 정면충돌,중앙선침범,결빙,눈,단일로 - 기타,승용,남,22세,상해없음,승용,남,56세,경상
2014121300100176,2014년 12월 13일 08시,토요일,광주광역시 동구 소태동,경상사고,0,0,6,0,차대차 - 기타,안전운전불이행,결빙,눈,기타 - 기타,승용,여,34세,상해없음,승용,남,51세,경상
2014121300100177,2014년 12월 13일 08시,토요일,광주광역시 북구 중흥동,경상사고,0,0,2,1,차량단독 - 공작물충돌,안전운전불이행,결빙,흐림,교차로 - 교차로안,승합,남,48세,상해없음,,,,
2014121300100204,2014년 12월 13일 09시,토요일,광주광역시 광산구 송정동,경상사고,0,0,3,0,차대차 - 기타,안전운전불이행,결빙,눈,단일로 - 기타,승용,남,44세,경상,승용,남,52세,상해없음
2014121300100235,2014년 12월 13일 10시,토요일,광주광역시 서구 화정동,경상사고,0,0,1,0,차량단독 - 기타,안전운전불이행,건조,맑음,단일로 - 기타,승합,남,58세,상해없음,,,,
2014121300100312,2014년 12월 13일 12시,토요일,광주광역시 동구 산수동,경상사고,0,0,2,0,차대차 - 기타,안전거리미확보,건조,맑음,단일로 - 기타,승용,기타불명,기타불명,기타불명,승합,남,56세,상해없음
2014121300100386,2014년 12월 13일 14시,토요일,광주광역시 광산구 산정동,경상사고,0,0,1,0,차대사람 - 횡단중,보행자보호의무위반,건조,맑음,단일로 - 횡단보도상,승용,남,35세,상해없음,보행자,여,14세,경상
2014121300100421,2014년 12월 13일 15시,토요일,광주광역시 동구 지산동,경상사고,0,0,1,0,차대차 - 추돌 - 주정차중,안전운전불이행,습기,눈,교차로 - 교차로부근,화물,남,60세,상해없음,승용,남,38세,경상
2014121300100422,2014년 12월 13일 15시,토요일,광주광역시 서구 치평동,경상사고,0,0,1,0,차대사람 - 횡단중,안전운전불이행,건조,맑음,단일로 - 기타,이륜,남,24세,상해없음,보행자,여,49세,경상
2014121300100423,2014년 12월 13일 15시,토요일,광주광역시 북구 효령동,중상사고,0,2,5,0,차대차 - 측면직각충돌,중앙선침범,결빙,맑음,단일로 - 기타,화물,남,54세,중상,승용,남,47세,중상
2014121300100451,2014년 12월 13일 16시,토요일,광주광역시 서구 치평동,경상사고,0,0,1,0,차대차 - 추돌 - 진행중,안전운전불이행,건조,맑음,교차로 - 교차로안,승합,남,38세,상해없음,승용,여,31세,경상
2014121300100539,2014년 12월 13일 18시,토요일,광주광역시 서구 쌍촌동,경상사고,0,0,1,0,차대차 - 추돌 - 진행중,직진우회전진행방해,건조,맑음,교차로 - 교차로안,승용,여,60세,상해없음,원동기,남,35세,경상
2014121300100540,2014년 12월 13일 18시,토요일,광주광역시 북구 오치동,경상사고,0,0,2,0,차대차 - 기타,안전운전불이행,결빙,눈,교차로 - 교차로부근,승용,남,48세,상해없음,승용,남,63세,경상
2014121300100572,2014년 12월 13일 19시,토요일,광주광역시 광산구 안청동,경상사고,0,0,1,0,차대차 - 측면직각충돌,안전운전불이행,건조,맑음,교차로 - 교차로안,기타불명,기타불명,기타불명,기타불명,승용,남,52세,경상
2014121300100606,2014년 12월 13일 20시,토요일,광주광역시 서구 치평동,중상사고,0,1,0,0,차대사람 - 횡단중,안전운전불이행,건조,흐림,단일로 - 기타,승용,여,41세,상해없음,보행자,여,65세,중상
2014121300100632,2014년 12월 13일 21시,토요일,광주광역시 서구 농성동,경상사고,0,0,1,0,차대차 - 추돌 - 주정차중,안전운전불이행,건조,맑음,단일로 - 기타,화물,남,59세,상해없음,승용,남,55세,경상
2014121300100661,2014년 12월 13일 22시,토요일,광주광역시 남구 서동,경상사고,0,0,1,0,차대사람 - 차도통행중,기타,건조,맑음,단일로 - 기타,승용,남,48세,상해없음,보행자,남,49세,경상
2014121300100691,2014년 12월 13일 23시,토요일,광주광역시 서구 매월동,경상사고,0,0,3,0,차대차 - 추돌 - 진행중,안전운전불이행,건조,맑음,단일로 - 기타,승용,남,27세,경상,승용,남,54세,경상
2014121400100047,2014년 12월 14일 01시,일요일,광주광역시 서구 치평동,경상사고,0,0,2,0,차대차 - 기타,안전운전불이행,건조,맑음,단일로 - 기타,승용,여,36세,상해없음,승용,남,33세,경상
2014121400100048,2014년 12월 14일 01시,일요일,광주광역시 광산구 송정동,경상사고,0,0,1,0,차대차 - 추돌 - 진행중,안전운전불이행,건조,맑음,교차로 - 교차로부근,승용,남,35세,상해없음,승용,남,23세,경상