사고번호,사고일시,요일,시군구,사고내용,사망자수,중상자수,경상자수,부상신고자수,사고유형,법규위반,노면상태,기상상태,도로형태,가해운전자 차종,가해운전자 성별,가해운전자 연령,가해운전자 상해정도,피해운전자 차종,피해운전자 성별,피해운전자 연령,피해운전자 상해정도
2014121400100049,2014년 12월 14일 01시,일요일,광주광역시 광산구 우산동,경상사고,0,0,2,0,차대차 - 추돌 - 주정차중,안전운전불이행,건조,맑음,단일로 - 기타,화물,남,54세,상해없음,승용,여,27세,경상
2014121400100070,2014년 12월 14일 02시,일요일,광주광역시 북구 운암동,경상사고,0,0,2,0,차대사람 - 차도통행중,안전운전불이행,건조,맑음,단일로 - 기타,승용,남,52세,상해없음,보행자,여,46세,경상
2014121400100097,2014년 12월 14일 04시,일요일,광주광역시 서구 치평동,경상사고,0,0,5,0,차대차 - 측면직각충돌,중앙선침범,건조,맑음,교차로 - 교차로부근,승용,남,30세,상해없음,승용,남,23세,경상
2014121400100111,2014년 12월 14일 05시,일요일,광주광역시 북구 임동,경상사고,0,0,3,0,차대차 - 측면직각충돌,교차로운행방법위반,건조,맑음,교차로 - 교차로안,승용,남,29세,상해없음,승용,남,65세,경상
2014121400100216,2014년 12월 14일 12시,일요일,광주광역시 북구 운암동,경상사고,0,0,6,0,차대차 - 추돌 - 주정차중,안전거리미확보,건조,맑음,단일로 - 기타,승용,남,25세,경상,승용,남,50세,상해없음
2014121400100239,2014년 12월 14일 13시,일요일,광주광역시 북구 두암동,경상사고,0,0,4,0,차대차 - 추돌 - 주정차중,안전운전불이행,건조,맑음,교차로 - 교차로부근,화물,남,37세,상해없음,승용,여,43세,경상
2014121400100295,2014년 12월 14일 15시,일요일,광주광역시 서구 치평동,경상사고,0,0,1,0,차대사람 - 횡단중,안전운전불이행,건조,맑음,단일로 - 기타,승합,남,44세,상해없음,보행자,남,30세,경상
2014121400100296,2014년 12월 14일 15시,일요일,광주광역시 서구 마륵동,중상사고,0,1,0,0,차량단독 - 전도전복,안전운전불이행,건조,맑음,단일로 - 기타,승용,남,40세,중상,,,,
2014121400100297,2014년 12월 14일 15시,일요일,광주광역시 북구 문흥동,경상사고,0,0,2,0,차대차 - 기타,안전운전불이행,건조,맑음,교차로 - 교차로안,승용,남,70세,상해없음,원동기,남,82세,경상
2014121400100324,2014년 12월 14일 16시,일요일,광주광역시 북구 금곡동,중상사고,0,1,0,0,차대사람 - 기타,안전운전불이행,건조,맑음,기타 - 기타,승합,남,52세,상해없음,보행자,여,64세,중상
2014121400100325,2014년 12월 14일 16시,일요일,광주광역시 광산구 신창동,경상사고,0,0,3,0,차대차 - 추돌 - 진행중,안전운전불이행,건조,맑음,단일로 - 기타,승용,남,58세,상해없음,승용,여,38세,경상
2014121400100391,2014년 12월 14일 18시,일요일,광주광역시 서구 유촌동,경상사고,0,0,1,0,차대차 - 측면직각충돌,안전거리미확보,건조,맑음,단일로 - 기타,승합,남,57세,상해없음,승용,남,44세,경상
2014121400100392,2014년 12월 14일 18시,일요일,광주광역시 남구 주월동,경상사고,0,0,1,0,차대차 - 측면직각충돌,안전운전불이행,건조,맑음,단일로 - 기타,승용,남,75세,상해없음,화물,남,43세,경상
2014121400100393,2014년 12월 14일 18시,일요일,광주광역시 남구 월산동,중상사고,0,1,0,0,차대사람 - 횡단중,중앙선침범,건조,맑음,단일로 - 기타,승용,남,51세,상해없음,보행자,여,69세,중상
2014121400100462,2014년 12월 14일 20시,일요일,광주광역시 동구 계림동,경상사고,0,0,2,0,차대차 - 기타,차로위반,건조,맑음,단일로 - 기타,승용,남,58세,상해없음,승용,여,31세,경상
2014121400100463,2014년 12월 14일 20시,일요일,광주광역시 서구 치평동,경상사고,0,0,1,0,차대차 - 기타,안전운전불이행,건조,맑음,교차로 - 교차로부근,승용,남,58세,상해없음,승용,남,40세,상해없음
2014121400100464,2014년 12월 14일 20시,일요일,광주광역시 광산구 송정동,경상사고,0,0,4,0,차대차 - 추돌 - 진행중,안전운전불이행,건조,맑음,단일로 - 기타,승용,기타불명,기타불명,기타불명,승용,여,46세,경상
2014121500100023,2014년 12월 15일 02시,월요일,광주광역시 북구 임동,경상사고,0,0,2,0,차대차 - 기타,교차로운행방법위반,건조,맑음,교차로 - 교차로안,승용,남,28세,경상,승용,남,27세,경상
2014121500100069,2014년 12월 15일 06시,월요일,광주광역시 광산구 월전동,중상사고,0,1,1,0,차대차 - 측면직각충돌,신호위반,건조,맑음,교차로 - 교차로안,승용,남,46세,상해없음,화물,남,62세,경상
2014121500100098,2014년 12월 15일 07시,월요일,광주광역시 광산구 옥동,경상사고,0,0,1,0,차대사람 - 횡단중,보행자보호의무위반,건조,맑음,교차로 - 교차로부근,승용,여,55세,상해없음,보행자,남,37세,경상
2014121500100135,2014년 12월 15일 08시,월요일,광주광역시 광산구 장덕동,경상사고,0,0,1,0,차대차 - 측면직각충돌,교차로운행방법위반,건조,맑음,교차로 - 교차로안,승용,남,44세,상해없음,승용,남,41세,경상
2014121500100196,2014년 12월 15일 10시,월요일,광주광역시 광산구 산정동,경상사고,0,0,1,0,차대차 - 측면직각충돌,신호위반,건조,맑음,교차로 - 교차로안,화물,남,37세,상해없음,화물,남,40세,경상
2014121500100253,2014년 12월 15일 12시,월요일,광주광역시 서구 양동,경상사고,0,0,4,0,차대차 - 추돌 - 진행중,안전운전불이행,건조,맑음,교차로 - 교차로부근,승용,남,27세,상해없음,승용,여,40세,경상
2014121500100341,2014년 12월 15일 15시,월요일,광주광역시 광산구 수완동,경상사고,0,0,2,0,차대차 - 측면직각충돌,교차로운행방법위반,건조,맑음,교차로 - 교차로안,승합,남,45세,상해없음,승용,남,60세,경상
2014121500100370,2014년 12월 15일 16시,월요일,광주광역시 서구 치평동,경상사고,0,0,1,0,차대차 - 기타,교차로운행방법위반,건조,맑음,교차로 - 교차로안,승용,여,42세,상해없음,이륜,남,56세,경상
2014121500100371,2014년 12월 15일 16시,월요일,광주광역시 북구 운암동,경상사고,0,0,1,0,차대차 - 측면직각충돌,신호위반,건조,맑음,단일로 - 기타,화물,남,22세,상해없음,승용,남,34세,경상
2014121500100372,2014년 12월 15일 16시,월요일,광주광역시 북구 용봉동,경상사고,0,0,1,0,차대사람 - 횡단중,안전운전불이행,건조,맑음,단일로 - 기타,승용,여,61세,상해없음,보행자,여,41세,경상
2014121500100394,2014년 12월 15일 17시,월요일,광주광역시 북구 문흥동,경상사고,0,0,1,0,차대차 - 측면직각충돌,차로위반,건조,맑음,단일로 - 기타,특수,남,46세,상해없음,승용,여,43세,경상
2014121500100401,2014년 12월 15일 17시,월요일,광주광역시 서구 광천동,경상사고,0,0,1,0,차대차 - 추돌 - 진행중,안전운전불이행,건조,맑음,단일로 - 기타,승용,남,49세,상해없음,승용,남,45세,경상
2014121500100402,2014년 12월 15일 17시,월요일,광주광역시 광산구 송정동,경상사고,0,0,1,0,차대차 - 측면직각충돌,불법유턴,건조,맑음,단일로 - 기타,자전거,여,76세,경상,승용,여,46세,상해없음
2014121500100458,2014년 12월 15일 18시,월요일,광주광역시 서구 농성동,경상사고,0,0,1,0,차대차 - 추돌 - 진행중,안전운전불이행,건조,맑음,단일로 - 기타,승용,남,64세,상해없음,자전거,남,50세,경상
2014121500100459,2014년 12월 15일 18시,월요일,광주광역시 서구 마륵동,경상사고,0,0,1,0,차대차 - 기타,교차로운행방법위반,건조,맑음,교차로 - 교차로안,승합,남,56세,상해없음,승용,남,35세,경상
2014121500100460,2014년 12월 15일 18시,월요일,광주광역시 남구 구동,부상신고사고,0,0,0,1,차대차 - 기타,안전거리미확보,건조,맑음,교차로 - 교차로부근,승용,남,54세,상해없음,승용,여,46세,부상신고
2014121500100461,2014년 12월 15일 18시,월요일,광주광역시 북구 풍향동,경상사고,0,0,1,0,차대사람 - 횡단중,안전운전불이행,건조,맑음,교차로 - 교차로안,승용,여,43세,상해없음,보행자,남,61세,경상
2014121500100462,2014년 12월 15일 18시,월요일,광주광역시 광산구 신창동,경상사고,0,0,1,0,차량단독 - 전도전복,안전운전불이행,건조,맑음,단일로 - 기타,원동기,남,18세,경상,,,,
2014121500100463,2014년 12월 15일 18시,월요일,광주광역시 광산구 우산동,경상사고,0,0,1,0,차대차 - 기타,안전거리미확보,습기,비,미분류 - 미분류,승용,여,48세,상해없음,승용,남,34세,상해없음
2014121500100464,2014년 12월 15일 18시,월요일,광주광역시 광산구 선암동,경상사고,0,0,1,0,차대차 - 추돌 - 주정차중,안전운전불이행,건조,맑음,단일로 - 기타,승용,남,54세,상해없음,승용,남,48세,경상
2014121500100520,2014년 12월 15일 19시,월요일,광주광역시 광산구 신가동,중상사고,0,1,1,0,차대차 - 측면직각충돌,안전거리미확보,건조,맑음,단일로 - 기타,승용,여,32세,상해없음,이륜,남,34세,중상
2014121500100558,2014년 12월 15일 20시,월요일,광주광역시 서구 쌍촌동,경상사고,0,0,4,0,차대차 - 추돌 - 진행중,안전운전불이행,건조,맑음,교차로 - 교차로부근,화물,남,59세,상해없음,승합,남,49세,경상
2014121500100559,2014년 12월 15일 20시,월요일,광주광역시 북구 우산동,경상사고,0,0,3,0,차대차 - 추돌 - 진행중,안전거리미확보,건조,흐림,단일로 - 기타,승용,남,33세,상해없음,승용,남,25세,경상
2014121500100608,2014년 12월 15일 21시,월요일,광주광역시 서구 덕흥동,경상사고,0,0,2,0,차대차 - 추돌 - 진행중,안전운전불이행,습기,비,단일로 - 기타,승용,남,32세,상해없음,화물,남,55세,경상
2014121500100609,2014년 12월 15일 21시,월요일,광주광역시 서구 화정동,경상사고,0,0,1,0,차대차 - 기타,교차로운행방법위반,건조,맑음,교차로 - 교차로안,승용,남,54세,상해없음,승용,여,41세,경상
2014121500100650,2014년 12월 15일 22시,월요일,광주광역시 서구 유촌동,중상사고,0,1,1,0,차대차 - 측면직각충돌,안전운전불이행,건조,맑음,단일로 - 기타,승용,남,35세,상해없음,승용,남,54세,중상
2014121500100674,2014년 12월 15일 23시,월요일,광주광역시 서구 금호동,경상사고,0,0,1,0,차대차 - 추돌 - 주정차중,안전운전불이행,습기,비,교차로 - 교차로부근,승용,남,37세,상해없음,승용,여,25세,경상
2014121500100675,2014년 12월 15일 23시,월요일,광주광역시 서구 농성동,경상사고,0,0,3,0,차대차 - 기타,안전거리미확보,기타,흐림,단일로 - 기타,승용,남,63세,상해없음,승용,남,56세,경상
2014121500100676,2014년 12월 15일 23시,월요일,광주광역시 북구 운암동,중상사고,0,1,1,0,차대차 - 정면충돌,중앙선침범,습기,비,단일로 - 기타,화물,남,33세,상해없음,승용,남,48세,중상
2014121600100020,2014년 12월 16일 00시,화요일,광주광역시 광산구 수완동,경상사고,0,0,2,0,차대차 - 측면직각충돌,안전운전불이행,건조,맑음,교차로 - 교차로부근,승용,남,31세,경상,승용,여,29세,경상
2014121600100033,2014년 12월 16일 01시,화요일,광주광역시 서구 치평동,경상사고,0,0,2,0,차대사람 - 기타,안전운전불이행,건조,흐림,교차로 - 교차로부근,승용,남,26세,기타불명,보행자,남,41세,경상
2014121600100034,2014년 12월 16일 01시,화요일,광주광역시 광산구 산정동,경상사고,0,0,1,0,차대사람 - 기타,안전운전불이행,건조,맑음,교차로 - 교차로안,승용,여,61세,상해없음,보행자,여,66세,경상
2014121600100055,2014년 12월 16일 03시,화요일,광주광역시 동구 금남로5가,경상사고,0,0,2,0,차대차 - 측면직각충돌,신호위반,건조,흐림,교차로 - 교차로안,화물,남,35세,상해없음,승용,남,68세,경상
2014121600100056,2014년 12월 16일 03시,화요일,광주광역시 북구 임동,중상사고,0,1,2,0,차대차 - 측면직각충돌,신호위반,건조,맑음,교차로 - 교차로안,승용,남,65세,경상,승용,남,53세,경상
2014121600100075,2014년 12월 16일 05시,화요일,광주광역시 동구 학동,중상사고,0,1,0,0,차대사람 - 횡단중,안전운전불이행,습기,비,교차로 - 교차로부근,승용,남,67세,상해없음,보행자,남,70세,중상
2014121600100092,2014년 12월 16일 06시,화요일,광주광역시 서구 쌍촌동,사망사고,1,0,0,0,차대사람 - 횡단중,신호위반,습기,비,교차로 - 교차로안,승합,남,64세,상해없음,보행자,여,59세,사망
2014121600100116,2014년 12월 16일 07시,화요일,광주광역시 서구 풍암동,경상사고,0,0,1,0,차대차 - 기타,안전거리미확보,습기,비,단일로 - 기타,승용,남,44세,상해없음,승용,남,39세,경상
2014121600100117,2014년 12월 16일 07시,화요일,광주광역시 서구 쌍촌동,경상사고,0,0,1,0,차대차 - 기타,기타,건조,맑음,기타 - 기타,승용,남,48세,상해없음,자전거,남,16세,경상
2014121600100118,2014년 12월 16일 07시,화요일,광주광역시 광산구 수완동,경상사고,0,0,2,0,차대차 - 추돌 - 주정차중,안전운전불이행,습기,비,단일로 - 기타,승용,여,46세,상해없음,승용,여,23세,경상
2014121600100154,2014년 12월 16일 08시,화요일,광주광역시 북구 대촌동,중상사고,0,1,1,0,차대차 - 측면직각충돌,안전운전불이행,건조,맑음,교차로 - 교차로안,승용,여,71세,상해없음,화물,남,56세,중상
2014121600100172,2014년 12월 16일 09시,화요일,광주광역시 동구 학동,중상사고,0,1,0,0,차대사람 - 횡단중,안전운전불이행,습기,눈,교차로 - 교차로안,승용,남,64세,상해없음,보행자,여,68세,중상
2014121600100173,2014년 12월 16일 09시,화요일,광주광역시 북구 동림동,경상사고,0,0,3,0,차대차 - 추돌 - 진행중,안전거리미확보,건조,맑음,단일로 - 기타,화물,남,53세,상해없음,승용,남,68세,경상
2014121600100193,2014년 12월 16일 10시,화요일,광주광역시 북구 운암동,경상사고,0,0,1,0,차대차 - 기타,안전운전불이행,건조,맑음,단일로 - 기타,승용,남,77세,상해없음,승용,여,50세,경상
2014121600100194,2014년 12월 16일 10시,화요일,광주광역시 북구 양산동,중상사고,0,1,0,0,차대차 - 측면직각충돌,신호위반,습기,눈,교차로 - 교차로부근,승용,여,42세,상해없음,자전거,남,63세,중상
2014121600100234,2014년 12월 16일 12시,화요일,광주광역시 동구 황금동,경상사고,0,0,1,0,차대사람 - 기타,안전운전불이행,습기,눈,단일로 - 기타,승용,남,50세,상해없음,보행자,남,34세,경상
2014121600100346,2014년 12월 16일 16시,화요일,광주광역시 남구 방림동,경상사고,0,0,1,0,차대사람 - 차도통행중,안전운전불이행,적설,눈,단일로 - 기타,승용,여,50세,상해없음,보행자,여,10세,경상
2014121600100347,2014년 12월 16일 16시,화요일,광주광역시 북구 오치동,경상사고,0,0,1,0,차대차 - 측면직각충돌,안전거리미확보,습기,눈,단일로 - 기타,승용,여,56세,상해없음,이륜,남,23세,경상
2014121600100387,2014년 12월 16일 17시,화요일,광주광역시 북구 두암동,중상사고,0,1,0,0,차대사람 - 횡단중,보행자보호의무위반,습기,눈,교차로 - 교차로안,승용,남,67세,상해없음,보행자,여,66세,중상
2014121600100433,2014년 12월 16일 18시,화요일,광주광역시 서구 풍암동,경상사고,0,0,1,0,차대차 - 기타,안전운전불이행,적설,눈,교차로 - 교차로부근,승용,남,41세,상해없음,승용,남,31세,경상
2014121600100500,2014년 12월 16일 20시,화요일,광주광역시 광산구 소촌동,부상신고사고,0,0,0,1,차대사람 - 횡단중,안전운전불이행,결빙,눈,교차로 - 교차로부근,기타불명,기타불명,기타불명,기타불명,보행자,남,8세,부상신고
2014121600100528,2014년 12월 16일 21시,화요일,광주광역시 광산구 동산동,경상사고,0,0,1,0,차대차 - 기타,안전운전불이행,결빙,눈,기타 - 기타,승용,남,49세,상해없음,승용,여,46세,경상
2014121600100535,2014년 12월 16일 21시,화요일,광주광역시 서구 치평동,경상사고,0,0,2,0,차대차 - 기타,안전거리미확보,결빙,눈,단일로 - 기타,승용,남,66세,경상,화물,남,44세,상해없음
2014121600100537,2014년 12월 16일 21시,화요일,광주광역시 광산구 수완동,중상사고,0,1,6,1,차대차 - 추돌 - 진행중,안전운전불이행,적설,눈,교차로 - 교차로부근,승용,남,52세,부상신고,승용,남,45세,중상
2014121600100538,2014년 12월 16일 21시,화요일,광주광역시 광산구 비아동,경상사고,0,0,2,0,차대차 - 추돌 - 진행중,안전거리미확보,적설,눈,단일로 - 기타,승용,남,56세,상해없음,승용,남,51세,경상
2014121600100559,2014년 12월 16일 22시,화요일,광주광역시 남구 노대동,경상사고,0,0,1,0,차량단독 - 기타,안전운전불이행,결빙,눈,단일로 - 기타,승용,남,45세,상해없음,,,,
2014121600100560,2014년 12월 16일 22시,화요일,광주광역시 광산구 운남동,경상사고,0,0,2,0,차대차 - 정면충돌,중앙선침범,결빙,눈,단일로 - 기타,승용,남,61세,상해없음,승용,남,64세,경상
2014121700100035,2014년 12월 17일 03시,수요일,광주광역시 광산구 장덕동,경상사고,0,0,2,0,차대차 - 추돌 - 진행중,안전운전불이행,결빙,눈,단일로 - 기타,승용,남,26세,상해없음,승용,남,23세,경상
2014121700100052,2014년 12월 17일 05시,수요일,광주광역시 북구 우산동,경상사고,0,0,2,0,차대차 - 측면직각충돌,교차로운행방법위반,결빙,눈,교차로 - 교차로안,승용,남,42세,상해없음,승용,남,55세,경상
2014121700100082,2014년 12월 17일 07시,수요일,광주광역시 북구 양산동,경상사고,0,0,1,0,차대차 - 기타,중앙선침범,결빙,눈,단일로 - 기타,승용,남,35세,상해없음,승용,남,56세,경상
2014121700100083,2014년 12월 17일 07시,수요일,광주광역시 광산구 쌍암동,경상사고,0,0,1,0,차대차 - 기타,신호위반,결빙,눈,교차로 - 교차로안,기타불명,기타불명,기타불명,기타불명,승용,남,56세,경상
2014121700100084,2014년 12월 17일 07시,수요일,광주광역시 광산구 도천동,경상사고,0,0,1,0,차대차 - 추돌 - 주정차중,안전운전불이행,결빙,눈,단일로 - 기타,승용,여,42세,상해없음,승용,남,33세,경상
2014121700100137,2014년 12월 17일 08시,수요일,광주광역시 북구 연제동,중상사고,0,1,0,0,차대사람 - 기타,안전운전불이행,결빙,눈,단일로 - 기타,승용,여,38세,상해없음,보행자,남,63세,중상
2014121700100138,2014년 12월 17일 08시,수요일,광주광역시 북구 연제동,경상사고,0,0,1,0,차량단독 - 공작물충돌,안전운전불이행,결빙,눈,단일로 - 기타,승용,남,63세,상해없음,,,,
2014121700100139,2014년 12월 17일 08시,수요일,광주광역시 광산구 도천동,경상사고,0,0,1,0,차대차 - 추돌 - 주정차중,안전운전불이행,결빙,눈,단일로 - 기타,기타불명,기타불명,기타불명,기타불명,승용,남,40세,경상
2014121700100231,2014년 12월 17일 12시,수요일,광주광역시 서구 광천동,경상사고,0,0,2,0,차대차 - 추돌 - 진행중,교차로운행방법위반,건조,맑음,교차로 - 교차로안,승용,여,62세,경상,승합,남,44세,경상
2014121700100232,2014년 12월 17일 12시,수요일,광주광역시 광산구 하남동,경상사고,0,0,2,0,차대차 - 측면직각충돌,신호위반,건조,맑음,단일로 - 기타,승용,남,33세,기타불명,승용,여,36세,경상
2014121700100282,2014년 12월 17일 14시,수요일,광주광역시 동구 지산동,경상사고,0,0,1,0,차대사람 - 기타,보행자보호의무위반,건조,맑음,단일로 - 횡단보도상,화물,남,53세,상해없음,보행자,여,20세,경상
2014121700100346,2014년 12월 17일 16시,수요일,광주광역시 동구 지산동,경상사고,0,0,1,0,차대사람 - 기타,안전운전불이행,습기,눈,단일로 - 기타,승용,여,38세,상해없음,보행자,남,21세,경상
2014121700100347,2014년 12월 17일 16시,수요일,광주광역시 동구 학동,경상사고,0,0,2,0,차대차 - 기타,안전운전불이행,결빙,눈,단일로 - 교량,승용,남,37세,상해없음,승용,남,56세,경상
2014121700100391,2014년 12월 17일 17시,수요일,광주광역시 서구 쌍촌동,경상사고,0,0,1,0,차대차 - 추돌 - 진행중,안전운전불이행,적설,눈,단일로 - 기타,기타불명,기타불명,기타불명,기타불명,기타불명,기타불명,기타불명,기타불명
2014121700100392,2014년 12월 17일 17시,수요일,광주광역시 서구 화정동,경상사고,0,0,1,0,차대차 - 정면충돌,안전거리미확보,결빙,눈,단일로 - 기타,특수,남,54세,상해없음,승용,여,40세,경상
2014121700100393,2014년 12월 17일 17시,수요일,광주광역시 광산구 월계동,경상사고,0,0,1,0,차대차 - 추돌 - 진행중,안전운전불이행,적설,눈,단일로 - 기타,승용,여,33세,상해없음,승용,여,44세,경상
2014121700100471,2014년 12월 17일 19시,수요일,광주광역시 북구 신용동,경상사고,0,0,3,0,차대차 - 추돌 - 진행중,안전운전불이행,결빙,눈,단일로 - 기타,승용,여,44세,상해없음,승용,남,52세,경상
2014121700100503,2014년 12월 17일 20시,수요일,광주광역시 서구 양동,경상사고,0,0,1,0,차대차 - 측면직각충돌,안전운전불이행,건조,맑음,교차로 - 교차로부근,승용,남,27세,상해없음,승합,남,41세,경상
2014121700100504,2014년 12월 17일 20시,수요일,광주광역시 광산구 비아동,경상사고,0,0,1,0,차대차 - 추돌 - 진행중,안전운전불이행,적설,눈,단일로 - 기타,승용,여,46세,상해없음,승용,남,31세,경상
2014121700100536,2014년 12월 17일 21시,수요일,광주광역시 북구 임동,경상사고,0,0,2,0,차량단독 - 공작물충돌,안전운전불이행,결빙,눈,교차로 - 교차로안,승용,남,59세,상해없음,,,,
2014121700100537,2014년 12월 17일 21시,수요일,광주광역시 북구 운암동,부상신고사고,0,0,0,1,차대차 - 측면직각충돌,안전운전불이행,결빙,눈,단일로 - 교량,승용,남,51세,상해없음,승용,남,52세,부상신고
2014121700100569,2014년 12월 17일 22시,수요일,광주광역시 북구 각화동,중상사고,0,2,0,0,차량단독 - 공작물충돌,안전운전불이행,결빙,눈,단일로 - 기타,승용,남,48세,중상,,,,
2014121700100591,2014년 12월 17일 23시,수요일,광주광역시 서구 치평동,경상사고,0,0,2,0,차대사람 - 차도통행중,안전운전불이행,결빙,흐림,단일로 - 기타,승용,남,32세,상해없음,보행자,남,55세,경상
2014121700100592,2014년 12월 17일 23시,수요일,광주광역시 북구 운암동,경상사고,0,0,2,0,차대차 - 추돌 - 진행중,안전운전불이행,건조,맑음,단일로 - 기타,승용,여,49세,상해없음,승용,남,54세,경상
2014121800100040,2014년 12월 18일 02시,목요일,광주광역시 광산구 하남동,경상사고,0,0,1,0,차대차 - 측면직각충돌,교차로운행방법위반,결빙,눈,교차로 - 교차로안,화물,남,35세,상해없음,화물,남,43세,경상
2014121800100081,2014년 12월 18일 07시,목요일,광주광역시 동구 계림동,경상사고,0,0,1,0,차대차 - 기타,안전운전불이행,건조,맑음,교차로 - 교차로부근,승용,여,41세,상해없음,원동기,남,58세,경상
2014121800100123,2014년 12월 18일 08시,목요일,광주광역시 동구 서석동,경상사고,0,0,3,0,차대차 - 추돌 - 주정차중,안전운전불이행,결빙,맑음,단일로 - 기타,승합,남,55세,상해없음,승합,남,51세,기타불명
2014121800100150,2014년 12월 18일 09시,목요일,광주광역시 동구 지산동,경상사고,0,0,1,0,차대차 - 측면직각충돌,교차로운행방법위반,결빙,맑음,교차로 - 교차로안,화물,남,34세,상해없음,승용,여,40세,상해없음
2014121800100151,2014년 12월 18일 09시,목요일,광주광역시 북구 삼각동,경상사고,0,0,1,0,차대사람 - 횡단중,신호위반,결빙,맑음,단일로 - 횡단보도상,승용,남,48세,상해없음,보행자,여,66세,경상
2014121800100173,2014년 12월 18일 10시,목요일,광주광역시 북구 운암동,경상사고,0,0,1,0,차대사람 - 길가장자리구역통행중,안전운전불이행,결빙,흐림,단일로 - 기타,승용,여,51세,상해없음,보행자,남,18세,경상
2014121800100196,2014년 12월 18일 11시,목요일,광주광역시 서구 쌍촌동,경상사고,0,0,1,0,차대차 - 기타,안전운전불이행,결빙,맑음,단일로 - 기타,승용,남,39세,상해없음,승용,여,54세,경상
2014121800100197,2014년 12월 18일 11시,목요일,광주광역시 서구 쌍촌동,경상사고,0,0,4,0,차대차 - 추돌 - 주정차중,안전운전불이행,결빙,맑음,단일로 - 기타,승용,여,47세,기타불명,승용,남,39세,경상
2014121800100283,2014년 12월 18일 14시,목요일,광주광역시 남구 원산동,중상사고,0,3,0,0,차대차 - 추돌 - 주정차중,안전운전불이행,결빙,맑음,단일로 - 기타,화물,남,34세,상해없음,승용,여,56세,중상
2014121800100284,2014년 12월 18일 14시,목요일,광주광역시 광산구 월곡동,경상사고,0,0,4,0,차대차 - 추돌 - 주정차중,안전거리미확보,건조,맑음,단일로 - 기타,승용,남,46세,경상,승용,여,38세,경상
2014121800100321,2014년 12월 18일 15시,목요일,광주광역시 동구 계림동,경상사고,0,0,1,0,차대차 - 추돌 - 진행중,안전거리미확보,건조,맑음,단일로 - 기타,승용,여,36세,상해없음,승용,여,29세,경상
2014121800100322,2014년 12월 18일 15시,목요일,광주광역시 광산구 신창동,경상사고,0,0,1,0,차대사람 - 기타,안전운전불이행,결빙,맑음,단일로 - 기타,승용,남,62세,상해없음,보행자,여,29세,경상
2014121800100472,2014년 12월 18일 19시,목요일,광주광역시 광산구 옥동,경상사고,0,0,1,0,차대차 - 추돌 - 주정차중,안전운전불이행,결빙,맑음,단일로 - 횡단보도부근,승용,남,28세,상해없음,승용,남,42세,경상
2014121800100514,2014년 12월 18일 20시,목요일,광주광역시 북구 동림동,중상사고,0,1,0,0,차대차 - 추돌 - 주정차중,안전운전불이행,결빙,눈,교차로 - 교차로부근,화물,남,45세,중상,승용,여,42세,기타불명
2014121800100545,2014년 12월 18일 21시,목요일,광주광역시 남구 주월동,경상사고,0,0,1,0,차대차 - 측면직각충돌,안전운전불이행,건조,맑음,교차로 - 교차로안,승용,남,58세,상해없음,승용,남,48세,상해없음
2014121800100546,2014년 12월 18일 21시,목요일,광주광역시 광산구 운남동,경상사고,0,0,2,0,차대사람 - 보도통행중,기타,결빙,맑음,단일로 - 기타,화물,여,42세,상해없음,보행자,남,47세,경상
2014121800100611,2014년 12월 18일 23시,목요일,광주광역시 서구 농성동,경상사고,0,0,1,0,차대차 - 정면충돌,교차로운행방법위반,건조,맑음,단일로 - 기타,승용,남,55세,상해없음,승용,남,65세,경상
2014121800100612,2014년 12월 18일 23시,목요일,광주광역시 북구 우산동,경상사고,0,0,1,0,차대차 - 측면직각충돌,교차로운행방법위반,건조,맑음,교차로 - 교차로안,승용,남,44세,상해없음,승용,남,43세,상해없음
2014121900100075,2014년 12월 19일 05시,금요일,광주광역시 서구 유촌동,중상사고,0,1,0,0,차대사람 - 횡단중,안전운전불이행,건조,맑음,교차로 - 교차로안,승용,남,65세,상해없음,보행자,남,56세,중상
2014121900100114,2014년 12월 19일 07시,금요일,광주광역시 광산구 우산동,경상사고,0,0,1,0,차대차 - 측면직각충돌,안전운전불이행,건조,맑음,단일로 - 기타,화물,남,47세,상해없음,승용,남,49세,경상
2014121900100156,2014년 12월 19일 08시,금요일,광주광역시 서구 마륵동,중상사고,0,1,2,0,차량단독 - 기타,안전운전불이행,결빙,흐림,단일로 - 기타,승용,여,33세,경상,,,,
2014121900100178,2014년 12월 19일 09시,금요일,광주광역시 남구 진월동,경상사고,0,0,1,0,차대사람 - 횡단중,안전운전불이행,건조,맑음,교차로 - 교차로안,승용,남,53세,상해없음,보행자,여,18세,경상
2014121900100221,2014년 12월 19일 11시,금요일,광주광역시 동구 산수동,중상사고,0,1,0,0,차대사람 - 횡단중,안전운전불이행,건조,맑음,단일로 - 기타,화물,남,38세,상해없음,보행자,여,63세,중상
2014121900100234,2014년 12월 19일 12시,금요일,광주광역시 광산구 수완동,경상사고,0,0,1,0,차대사람 - 횡단중,안전운전불이행,건조,흐림,교차로 - 교차로안,승용,남,55세,상해없음,보행자,여,28세,경상