사고번호,사고일시,요일,시군구,사고내용,사망자수,중상자수,경상자수,부상신고자수,사고유형,법규위반,노면상태,기상상태,도로형태,가해운전자 차종,가해운전자 성별,가해운전자 연령,가해운전자 상해정도,피해운전자 차종,피해운전자 성별,피해운전자 연령,피해운전자 상해정도
2014122600100152,2014년 12월 26일 08시,금요일,광주광역시 서구 치평동,경상사고,0,0,2,0,차대차 - 추돌 - 주정차중,안전운전불이행,건조,맑음,교차로 - 교차로부근,화물,남,67세,상해없음,승용,남,26세,경상
2014122600100189,2014년 12월 26일 09시,금요일,광주광역시 동구 계림동,사망사고,1,0,2,0,차대차 - 측면직각충돌,중앙선침범,건조,맑음,단일로 - 기타,승용,남,72세,사망,화물,남,44세,경상
2014122600100190,2014년 12월 26일 09시,금요일,광주광역시 북구 운암동,중상사고,0,1,0,0,차대차 - 측면직각충돌,교차로운행방법위반,건조,맑음,교차로 - 교차로부근,승용,남,55세,상해없음,이륜,남,46세,중상
2014122600100214,2014년 12월 26일 10시,금요일,광주광역시 광산구 하남동,사망사고,1,0,1,0,차대차 - 측면직각충돌,차로위반,건조,맑음,단일로 - 기타,화물,남,32세,사망,승용,남,51세,경상
2014122600100245,2014년 12월 26일 11시,금요일,광주광역시 광산구 수완동,경상사고,0,0,1,0,차대차 - 추돌 - 주정차중,안전운전불이행,적설,눈,교차로 - 교차로부근,승용,여,35세,상해없음,승용,여,40세,경상
2014122600100277,2014년 12월 26일 12시,금요일,광주광역시 동구 산수동,중상사고,0,1,0,0,차대차 - 기타,안전운전불이행,건조,맑음,교차로 - 교차로안,자전거,남,33세,중상,승용,남,68세,상해없음
2014122600100312,2014년 12월 26일 13시,금요일,광주광역시 남구 진월동,중상사고,0,1,4,1,차대차 - 측면직각충돌,안전운전불이행,건조,맑음,교차로 - 교차로안,승용,여,42세,부상신고,승용,남,30세,중상
2014122600100349,2014년 12월 26일 14시,금요일,광주광역시 남구 봉선동,중상사고,0,1,0,0,차대사람 - 기타,안전운전불이행,건조,맑음,단일로 - 기타,건설기계,남,33세,상해없음,보행자,남,76세,중상
2014122600100416,2014년 12월 26일 16시,금요일,광주광역시 동구 지산동,경상사고,0,0,1,0,차대차 - 측면직각충돌,안전운전불이행,건조,맑음,교차로 - 교차로안,이륜,여,46세,경상,승용,남,57세,상해없음
2014122600100459,2014년 12월 26일 17시,금요일,광주광역시 서구 내방동,경상사고,0,0,1,0,차대차 - 추돌 - 진행중,안전운전불이행,건조,맑음,교차로 - 교차로부근,승용,여,33세,상해없음,승합,남,74세,경상
2014122600100460,2014년 12월 26일 17시,금요일,광주광역시 남구 백운동,경상사고,0,0,1,0,차대차 - 기타,불법유턴,건조,맑음,단일로 - 횡단보도상,자전거,여,50세,경상,승용,여,44세,상해없음
2014122600100461,2014년 12월 26일 17시,금요일,광주광역시 북구 매곡동,중상사고,0,1,0,0,차대차 - 측면직각충돌,교차로운행방법위반,건조,맑음,교차로 - 교차로안,승용,여,51세,상해없음,원동기,남,32세,중상
2014122600100514,2014년 12월 26일 18시,금요일,광주광역시 남구 봉선동,경상사고,0,0,2,0,차대차 - 추돌 - 주정차중,안전운전불이행,건조,맑음,단일로 - 기타,승용,남,32세,상해없음,승용,여,50세,경상
2014122600100580,2014년 12월 26일 20시,금요일,광주광역시 남구 진월동,경상사고,0,0,1,0,차대차 - 기타,안전운전불이행,건조,맑음,단일로 - 기타,승용,남,52세,상해없음,승합,남,41세,경상
2014122600100623,2014년 12월 26일 21시,금요일,광주광역시 동구 금남로4가,중상사고,0,1,6,0,차대차 - 기타,안전운전불이행,건조,맑음,단일로 - 기타,승용,남,59세,상해없음,이륜,남,33세,중상
2014122600100624,2014년 12월 26일 21시,금요일,광주광역시 남구 주월동,경상사고,0,0,1,0,차량단독 - 공작물충돌,안전운전불이행,건조,맑음,단일로 - 기타,승용,남,56세,경상,,,,
2014122600100625,2014년 12월 26일 21시,금요일,광주광역시 북구 운암동,경상사고,0,0,1,0,차대차 - 측면직각충돌,교차로운행방법위반,건조,맑음,교차로 - 교차로안,승용,남,51세,상해없음,승용,남,47세,경상
2014122600100626,2014년 12월 26일 21시,금요일,광주광역시 광산구 산월동,중상사고,0,1,1,0,차대차 - 추돌 - 진행중,안전거리미확보,건조,맑음,교차로 - 교차로부근,승용,남,30세,상해없음,승용,여,45세,중상
2014122600100683,2014년 12월 26일 22시,금요일,광주광역시 북구 문흥동,경상사고,0,0,2,0,차대차 - 추돌 - 진행중,안전운전불이행,건조,맑음,단일로 - 기타,승용,여,45세,상해없음,승용,남,29세,경상
2014122600100715,2014년 12월 26일 23시,금요일,광주광역시 서구 농성동,경상사고,0,0,1,0,차대차 - 기타,안전운전불이행,건조,맑음,단일로 - 기타,승용,남,53세,상해없음,승용,남,35세,경상
2014122700100031,2014년 12월 27일 00시,토요일,광주광역시 서구 금호동,사망사고,1,0,0,0,차대사람 - 차도통행중,안전운전불이행,건조,맑음,단일로 - 기타,승용,여,37세,상해없음,보행자,남,42세,사망
2014122700100061,2014년 12월 27일 01시,토요일,광주광역시 동구 학동,경상사고,0,0,1,0,차대차 - 기타,안전운전불이행,건조,맑음,단일로 - 기타,승용,남,56세,상해없음,이륜,남,18세,경상
2014122700100062,2014년 12월 27일 01시,토요일,광주광역시 서구 금호동,경상사고,0,0,2,0,차대차 - 추돌 - 진행중,안전운전불이행,건조,맑음,교차로 - 교차로부근,승용,남,34세,상해없음,승용,남,34세,경상
2014122700100084,2014년 12월 27일 02시,토요일,광주광역시 광산구 신창동,경상사고,0,0,2,0,차대차 - 추돌 - 진행중,안전운전불이행,건조,맑음,교차로 - 교차로부근,화물,남,48세,상해없음,승용,남,24세,경상
2014122700100120,2014년 12월 27일 05시,토요일,광주광역시 서구 풍암동,경상사고,0,0,2,0,차대차 - 기타,안전운전불이행,건조,맑음,교차로 - 교차로부근,승용,남,40세,상해없음,승용,남,64세,경상
2014122700100139,2014년 12월 27일 06시,토요일,광주광역시 서구 화정동,경상사고,0,0,2,0,차대사람 - 횡단중,보행자보호의무위반,건조,맑음,단일로 - 횡단보도상,화물,남,50세,상해없음,보행자,남,49세,경상
2014122700100180,2014년 12월 27일 08시,토요일,광주광역시 서구 양동,중상사고,0,1,0,0,차대차 - 측면직각충돌,신호위반,건조,맑음,교차로 - 교차로안,이륜,남,77세,중상,승용,남,69세,상해없음
2014122700100181,2014년 12월 27일 08시,토요일,광주광역시 북구 동림동,경상사고,0,0,2,0,차대차 - 정면충돌,중앙선침범,건조,맑음,교차로 - 교차로안,승용,남,26세,상해없음,승용,여,55세,경상
2014122700100182,2014년 12월 27일 08시,토요일,광주광역시 북구 운암동,경상사고,0,0,1,0,차대사람 - 보도통행중,안전운전불이행,건조,맑음,단일로 - 기타,승용,남,66세,상해없음,보행자,남,75세,경상
2014122700100223,2014년 12월 27일 10시,토요일,광주광역시 서구 풍암동,중상사고,0,1,0,0,차대차 - 측면직각충돌,안전운전불이행,건조,맑음,단일로 - 기타,승용,남,59세,상해없음,이륜,남,30세,중상
2014122700100296,2014년 12월 27일 13시,토요일,광주광역시 남구 방림동,경상사고,0,0,1,0,차대차 - 기타,안전거리미확보,건조,맑음,단일로 - 기타,승용,남,43세,상해없음,승용,남,73세,경상
2014122700100297,2014년 12월 27일 13시,토요일,광주광역시 광산구 송정동,중상사고,0,1,0,0,차대차 - 측면직각충돌,신호위반,건조,맑음,교차로 - 교차로안,승용,남,28세,상해없음,이륜,남,53세,중상
2014122700100298,2014년 12월 27일 13시,토요일,광주광역시 광산구 신가동,경상사고,0,0,1,0,차대차 - 측면직각충돌,신호위반,건조,맑음,교차로 - 교차로안,승용,남,56세,상해없음,자전거,남,14세,경상
2014122700100328,2014년 12월 27일 14시,토요일,광주광역시 북구 신안동,중상사고,0,1,0,0,차대차 - 기타,안전운전불이행,건조,맑음,단일로 - 횡단보도상,승용,여,66세,상해없음,자전거,여,59세,중상
2014122700100357,2014년 12월 27일 15시,토요일,광주광역시 북구 용봉동,경상사고,0,0,1,0,차대차 - 측면직각충돌,안전운전불이행,건조,맑음,단일로 - 기타,승용,남,44세,상해없음,이륜,남,36세,경상
2014122700100358,2014년 12월 27일 15시,토요일,광주광역시 광산구 수완동,경상사고,0,0,1,0,차대사람 - 기타,보행자보호의무위반,건조,맑음,단일로 - 횡단보도상,승용,남,43세,기타불명,보행자,여,47세,경상
2014122700100423,2014년 12월 27일 17시,토요일,광주광역시 광산구 운남동,경상사고,0,0,1,0,차대차 - 측면직각충돌,교차로운행방법위반,건조,맑음,교차로 - 교차로안,승용,남,43세,상해없음,승용,남,39세,경상
2014122700100470,2014년 12월 27일 18시,토요일,광주광역시 북구 동림동,경상사고,0,0,4,0,차대차 - 추돌 - 진행중,안전운전불이행,건조,맑음,단일로 - 기타,화물,여,57세,상해없음,승용,남,44세,경상
2014122700100471,2014년 12월 27일 18시,토요일,광주광역시 북구 용봉동,중상사고,0,1,0,0,차대차 - 측면직각충돌,중앙선침범,건조,맑음,단일로 - 기타,승용,남,58세,상해없음,이륜,남,23세,중상
2014122700100472,2014년 12월 27일 18시,토요일,광주광역시 광산구 수완동,경상사고,0,0,1,0,차대차 - 추돌 - 진행중,안전운전불이행,건조,맑음,교차로 - 교차로부근,이륜,남,19세,경상,승용,남,53세,상해없음
2014122700100498,2014년 12월 27일 19시,토요일,광주광역시 동구 충장로4가,경상사고,0,0,1,0,차대차 - 추돌 - 진행중,안전거리미확보,건조,흐림,단일로 - 기타,승용,남,63세,상해없음,승용,남,50세,경상
2014122700100499,2014년 12월 27일 19시,토요일,광주광역시 남구 방림동,경상사고,0,0,4,0,차대차 - 측면직각충돌,안전운전불이행,건조,맑음,단일로 - 기타,승용,남,37세,상해없음,승용,남,44세,경상
2014122700100500,2014년 12월 27일 19시,토요일,광주광역시 광산구 신가동,경상사고,0,0,4,0,차대차 - 기타,안전거리미확보,건조,맑음,단일로 - 기타,이륜,남,63세,상해없음,승용,남,31세,경상
2014122700100556,2014년 12월 27일 21시,토요일,광주광역시 북구 문흥동,중상사고,0,1,0,0,차대차 - 추돌 - 주정차중,안전운전불이행,건조,맑음,단일로 - 기타,이륜,남,37세,중상,승합,남,55세,상해없음
2014122700100608,2014년 12월 27일 23시,토요일,광주광역시 서구 동천동,경상사고,0,0,1,0,차량단독 - 공작물충돌,안전운전불이행,건조,맑음,단일로 - 기타,승용,남,22세,상해없음,,,,
2014122700100609,2014년 12월 27일 23시,토요일,광주광역시 북구 각화동,중상사고,0,1,0,0,차대사람 - 횡단중,안전운전불이행,건조,맑음,단일로 - 기타,승용,남,53세,상해없음,보행자,여,66세,중상
2014122800100075,2014년 12월 28일 02시,일요일,광주광역시 서구 쌍촌동,경상사고,0,0,1,0,차대사람 - 차도통행중,안전운전불이행,건조,흐림,단일로 - 기타,승용,남,30세,상해없음,보행자,남,18세,경상
2014122800100111,2014년 12월 28일 05시,일요일,광주광역시 서구 금호동,경상사고,0,0,1,0,차량단독 - 공작물충돌,안전운전불이행,건조,맑음,단일로 - 기타,승용,남,21세,상해없음,,,,
2014122800100156,2014년 12월 28일 09시,일요일,광주광역시 동구 운림동,경상사고,0,0,1,0,차대사람 - 기타,안전운전불이행,건조,맑음,교차로 - 교차로부근,승용,남,61세,상해없음,보행자,여,49세,경상
2014122800100201,2014년 12월 28일 11시,일요일,광주광역시 북구 일곡동,경상사고,0,0,1,0,차대차 - 추돌 - 진행중,과속,건조,맑음,교차로 - 교차로안,승용,남,27세,경상,건설기계,남,48세,상해없음
2014122800100212,2014년 12월 28일 12시,일요일,광주광역시 북구 양산동,경상사고,0,0,2,0,차대차 - 측면직각충돌,직진우회전진행방해,건조,맑음,교차로 - 교차로안,승용,남,29세,경상,승용,남,34세,경상
2014122800100293,2014년 12월 28일 16시,일요일,광주광역시 동구 계림동,중상사고,0,1,0,0,차대차 - 기타,차로위반,건조,맑음,단일로 - 기타,승합,남,62세,상해없음,자전거,남,83세,중상
2014122800100294,2014년 12월 28일 16시,일요일,광주광역시 북구 임동,중상사고,0,1,0,0,차대차 - 측면직각충돌,중앙선침범,건조,맑음,교차로 - 교차로부근,승용,남,23세,상해없음,승용,여,52세,중상
2014122800100323,2014년 12월 28일 17시,일요일,광주광역시 남구 월산동,경상사고,0,0,2,0,차대차 - 기타,안전운전불이행,건조,맑음,교차로 - 교차로부근,승용,남,51세,상해없음,승용,남,53세,경상
2014122800100324,2014년 12월 28일 17시,일요일,광주광역시 광산구 운수동,중상사고,0,1,4,0,차대차 - 기타,교차로운행방법위반,건조,맑음,교차로 - 교차로안,승용,남,56세,경상,승용,남,22세,경상
2014122800100361,2014년 12월 28일 18시,일요일,광주광역시 남구 백운동,경상사고,0,0,1,0,차대차 - 기타,안전운전불이행,건조,맑음,단일로 - 기타,승용,남,62세,상해없음,원동기,남,17세,경상
2014122800100419,2014년 12월 28일 20시,일요일,광주광역시 광산구 월계동,경상사고,0,0,1,0,차대차 - 측면직각충돌,신호위반,건조,맑음,교차로 - 교차로안,승용,남,52세,상해없음,승합,남,71세,상해없음
2014122800100447,2014년 12월 28일 21시,일요일,광주광역시 북구 운암동,경상사고,0,0,1,0,차대사람 - 차도통행중,안전운전불이행,건조,맑음,단일로 - 기타,승용,남,57세,상해없음,보행자,남,55세,경상
2014122800100448,2014년 12월 28일 21시,일요일,광주광역시 북구 연제동,경상사고,0,0,1,0,차대사람 - 횡단중,안전운전불이행,건조,맑음,단일로 - 기타,승용,남,37세,상해없음,보행자,남,35세,경상
2014122900100070,2014년 12월 29일 06시,월요일,광주광역시 북구 신안동,부상신고사고,0,0,0,1,차대차 - 측면직각충돌,안전운전불이행,건조,맑음,단일로 - 횡단보도상,승용,기타불명,기타불명,기타불명,자전거,남,38세,부상신고
2014122900100135,2014년 12월 29일 08시,월요일,광주광역시 광산구 지평동,경상사고,0,0,1,0,차량단독 - 공작물충돌,안전운전불이행,습기,흐림,단일로 - 기타,화물,남,34세,경상,,,,
2014122900100136,2014년 12월 29일 08시,월요일,광주광역시 광산구 송정동,중상사고,0,1,0,0,차대사람 - 기타,안전운전불이행,습기,눈,단일로 - 기타,승용,여,28세,상해없음,보행자,남,20세,중상
2014122900100192,2014년 12월 29일 10시,월요일,광주광역시 북구 신안동,경상사고,0,0,1,0,차대차 - 추돌 - 주정차중,안전운전불이행,건조,맑음,교차로 - 교차로안,승용,남,58세,상해없음,승용,남,44세,경상
2014122900100193,2014년 12월 29일 10시,월요일,광주광역시 북구 신용동,경상사고,0,0,1,0,차대차 - 추돌 - 주정차중,안전운전불이행,건조,맑음,단일로 - 기타,승용,남,46세,상해없음,승용,남,59세,경상
2014122900100194,2014년 12월 29일 10시,월요일,광주광역시 북구 운암동,경상사고,0,0,2,0,차대차 - 추돌 - 진행중,안전운전불이행,건조,맑음,단일로 - 기타,화물,남,59세,상해없음,승용,여,29세,경상
2014122900100223,2014년 12월 29일 11시,월요일,광주광역시 서구 금호동,경상사고,0,0,1,0,차대사람 - 기타,안전운전불이행,건조,맑음,교차로 - 교차로부근,승용,여,37세,상해없음,보행자,여,60세,경상
2014122900100243,2014년 12월 29일 12시,월요일,광주광역시 서구 화정동,중상사고,0,1,1,0,차대차 - 추돌 - 진행중,안전거리미확보,건조,맑음,교차로 - 교차로부근,승용,남,46세,상해없음,승용,여,50세,중상
2014122900100268,2014년 12월 29일 13시,월요일,광주광역시 서구 양동,중상사고,0,1,0,0,차대사람 - 차도통행중,안전운전불이행,건조,맑음,교차로 - 교차로부근,승용,남,77세,상해없음,보행자,여,81세,중상
2014122900100402,2014년 12월 29일 17시,월요일,광주광역시 동구 학동,경상사고,0,0,4,0,차대차 - 기타,안전운전불이행,건조,맑음,단일로 - 기타,승용,남,34세,상해없음,승합,남,53세,상해없음
2014122900100550,2014년 12월 29일 20시,월요일,광주광역시 광산구 수완동,중상사고,0,1,0,0,차대사람 - 기타,기타,건조,맑음,단일로 - 기타,승합,남,43세,상해없음,보행자,남,6세,중상
2014122900100593,2014년 12월 29일 21시,월요일,광주광역시 북구 양산동,중상사고,0,1,1,0,차대차 - 추돌 - 주정차중,안전운전불이행,건조,맑음,단일로 - 기타,승합,남,34세,상해없음,승용,남,25세,중상
2014122900100626,2014년 12월 29일 22시,월요일,광주광역시 서구 풍암동,경상사고,0,0,1,0,차대차 - 추돌 - 진행중,안전거리미확보,건조,맑음,교차로 - 교차로부근,승용,남,43세,상해없음,승용,남,30세,경상
2014123000100020,2014년 12월 30일 00시,화요일,광주광역시 서구 풍암동,경상사고,0,0,3,0,차대차 - 추돌 - 주정차중,안전운전불이행,건조,맑음,교차로 - 교차로부근,승용,남,46세,상해없음,승용,여,44세,경상
2014123000100042,2014년 12월 30일 01시,화요일,광주광역시 북구 삼각동,경상사고,0,0,1,0,차대사람 - 기타,안전운전불이행,건조,맑음,교차로 - 교차로안,승용,남,51세,상해없음,보행자,남,43세,경상
2014123000100043,2014년 12월 30일 01시,화요일,광주광역시 북구 운암동,경상사고,0,0,1,0,차대차 - 기타,안전운전불이행,건조,맑음,단일로 - 기타,승용,남,58세,상해없음,승합,기타불명,기타불명,기타불명
2014123000100063,2014년 12월 30일 02시,화요일,광주광역시 북구 오치동,경상사고,0,0,1,0,차대사람 - 횡단중,신호위반,건조,맑음,단일로 - 횡단보도상,승용,기타불명,기타불명,기타불명,보행자,남,58세,경상
2014123000100101,2014년 12월 30일 05시,화요일,광주광역시 북구 신용동,경상사고,0,0,1,0,차대차 - 기타,안전거리미확보,건조,맑음,단일로 - 기타,승용,여,60세,상해없음,승용,남,67세,경상
2014123000100216,2014년 12월 30일 09시,화요일,광주광역시 광산구 선암동,경상사고,0,0,1,0,차대차 - 추돌 - 주정차중,안전운전불이행,건조,맑음,교차로 - 교차로부근,승용,남,59세,상해없음,승용,남,40세,경상
2014123000100283,2014년 12월 30일 11시,화요일,광주광역시 광산구 신가동,경상사고,0,0,1,0,차대차 - 기타,안전운전불이행,건조,맑음,단일로 - 기타,승용,남,35세,상해없음,승용,남,54세,경상
2014123000100318,2014년 12월 30일 12시,화요일,광주광역시 북구 운암동,경상사고,0,0,1,0,차대차 - 추돌 - 진행중,안전운전불이행,건조,맑음,단일로 - 기타,승용,남,28세,상해없음,이륜,남,74세,경상
2014123000100357,2014년 12월 30일 13시,화요일,광주광역시 남구 양림동,경상사고,0,0,9,0,차대차 - 측면직각충돌,신호위반,건조,맑음,교차로 - 교차로안,화물,남,32세,상해없음,승합,남,48세,경상
2014123000100427,2014년 12월 30일 15시,화요일,광주광역시 서구 쌍촌동,경상사고,0,0,1,0,차대사람 - 차도통행중,안전운전불이행,건조,맑음,단일로 - 기타,승용,기타불명,기타불명,기타불명,보행자,남,22세,경상
2014123000100428,2014년 12월 30일 15시,화요일,광주광역시 남구 송하동,경상사고,0,0,2,0,차대차 - 기타,중앙선침범,건조,맑음,단일로 - 기타,화물,남,35세,상해없음,승용,남,43세,경상
2014123000100429,2014년 12월 30일 15시,화요일,광주광역시 북구 신용동,경상사고,0,0,2,0,차량단독 - 전도전복,안전운전불이행,건조,맑음,단일로 - 기타,승용,남,79세,경상,,,,
2014123000100430,2014년 12월 30일 15시,화요일,광주광역시 광산구 월전동,중상사고,0,1,0,0,차대사람 - 횡단중,보행자보호의무위반,건조,맑음,교차로 - 교차로안,승용,남,33세,상해없음,보행자,여,19세,중상
2014123000100454,2014년 12월 30일 16시,화요일,광주광역시 광산구 쌍암동,경상사고,0,0,1,0,차대차 - 기타,안전거리미확보,건조,맑음,교차로 - 교차로부근,이륜,남,18세,경상,화물,남,30세,상해없음
2014123000100498,2014년 12월 30일 17시,화요일,광주광역시 동구 산수동,중상사고,0,1,0,0,차대사람 - 횡단중,안전운전불이행,건조,맑음,단일로 - 기타,이륜,남,36세,상해없음,보행자,여,66세,중상
2014123000100499,2014년 12월 30일 17시,화요일,광주광역시 북구 문흥동,경상사고,0,0,1,0,차량단독 - 기타,안전운전불이행,건조,맑음,교차로 - 교차로안,승용,남,63세,상해없음,,,,
2014123000100500,2014년 12월 30일 17시,화요일,광주광역시 광산구 월계동,경상사고,0,0,2,0,차대차 - 측면직각충돌,안전운전불이행,건조,맑음,단일로 - 기타,승용,남,30세,상해없음,승용,남,38세,경상
2014123000100549,2014년 12월 30일 18시,화요일,광주광역시 광산구 신촌동,경상사고,0,0,1,0,차대차 - 추돌 - 주정차중,안전운전불이행,건조,맑음,단일로 - 기타,화물,남,50세,상해없음,승용,여,29세,경상
2014123000100585,2014년 12월 30일 19시,화요일,광주광역시 동구 학동,중상사고,0,1,0,0,차대차 - 기타,교차로운행방법위반,건조,맑음,교차로 - 교차로부근,화물,남,61세,상해없음,이륜,남,24세,중상
2014123000100586,2014년 12월 30일 19시,화요일,광주광역시 광산구 신가동,중상사고,0,1,0,0,차대차 - 측면직각충돌,안전거리미확보,건조,맑음,단일로 - 기타,승합,남,30세,상해없음,이륜,남,55세,중상
2014123000100629,2014년 12월 30일 20시,화요일,광주광역시 북구 용봉동,경상사고,0,0,1,0,차대차 - 측면직각충돌,안전운전불이행,건조,맑음,교차로 - 교차로안,승용,남,21세,상해없음,이륜,남,47세,경상
2014123000100630,2014년 12월 30일 20시,화요일,광주광역시 광산구 월곡동,경상사고,0,0,3,0,차대차 - 추돌 - 주정차중,안전운전불이행,건조,맑음,교차로 - 교차로부근,승용,남,53세,상해없음,승용,남,46세,경상
2014123000100700,2014년 12월 30일 22시,화요일,광주광역시 북구 양산동,경상사고,0,0,1,0,차대차 - 측면직각충돌,신호위반,건조,맑음,교차로 - 교차로안,승용,남,31세,상해없음,승용,남,54세,경상
2014123000100701,2014년 12월 30일 22시,화요일,광주광역시 광산구 장덕동,경상사고,0,0,2,0,차대차 - 추돌 - 주정차중,안전운전불이행,건조,맑음,교차로 - 교차로부근,이륜,남,33세,상해없음,승용,남,33세,경상
2014123000100739,2014년 12월 30일 23시,화요일,광주광역시 광산구 수완동,경상사고,0,0,2,0,차대차 - 측면직각충돌,교차로운행방법위반,건조,맑음,교차로 - 교차로안,승용,남,26세,상해없음,승용,남,66세,경상
2014123100100028,2014년 12월 31일 00시,수요일,광주광역시 서구 치평동,경상사고,0,0,2,0,차대차 - 측면직각충돌,교차로운행방법위반,습기,맑음,교차로 - 교차로안,승용,남,32세,상해없음,승용,남,56세,경상
2014123100100029,2014년 12월 31일 00시,수요일,광주광역시 북구 양산동,경상사고,0,0,2,0,차대차 - 추돌 - 주정차중,안전운전불이행,건조,맑음,교차로 - 교차로부근,화물,남,41세,상해없음,승용,남,50세,경상
2014123100100122,2014년 12월 31일 07시,수요일,광주광역시 서구 쌍촌동,경상사고,0,0,2,0,차대차 - 추돌 - 주정차중,안전거리미확보,건조,맑음,교차로 - 교차로부근,승용,남,22세,상해없음,승합,남,53세,상해없음
2014123100100219,2014년 12월 31일 10시,수요일,광주광역시 동구 대인동,경상사고,0,0,1,0,차대사람 - 기타,안전운전불이행,습기,흐림,단일로 - 기타,승용,남,64세,상해없음,보행자,여,73세,경상
2014123100100240,2014년 12월 31일 11시,수요일,광주광역시 서구 치평동,경상사고,0,0,1,0,차대차 - 기타,안전거리미확보,건조,맑음,단일로 - 기타,승용,남,38세,기타불명,승합,남,49세,상해없음
2014123100100262,2014년 12월 31일 12시,수요일,광주광역시 북구 운암동,중상사고,0,1,0,0,차대사람 - 횡단중,안전운전불이행,건조,맑음,교차로 - 교차로안,승용,남,52세,상해없음,보행자,여,68세,중상
2014123100100290,2014년 12월 31일 13시,수요일,광주광역시 서구 농성동,경상사고,0,0,1,0,차량단독 - 기타,안전운전불이행,건조,맑음,단일로 - 기타,승합,남,37세,기타불명,,,,
2014123100100394,2014년 12월 31일 16시,수요일,광주광역시 북구 동림동,경상사고,0,0,1,0,차대차 - 추돌 - 진행중,안전거리미확보,건조,맑음,단일로 - 기타,승용,남,52세,상해없음,승용,남,65세,경상
2014123100100433,2014년 12월 31일 17시,수요일,광주광역시 광산구 수완동,경상사고,0,0,6,0,차대차 - 측면직각충돌,교차로운행방법위반,건조,맑음,교차로 - 교차로안,승합,남,51세,경상,승용,여,34세,경상
2014123100100485,2014년 12월 31일 18시,수요일,광주광역시 서구 치평동,중상사고,0,1,0,0,차대사람 - 기타,기타,건조,맑음,교차로 - 교차로부근,승합,남,49세,상해없음,보행자,남,26세,중상
2014123100100486,2014년 12월 31일 18시,수요일,광주광역시 남구 송하동,중상사고,0,1,0,0,차대사람 - 횡단중,안전운전불이행,건조,맑음,단일로 - 기타,승용,남,46세,상해없음,보행자,여,33세,중상
2014123100100487,2014년 12월 31일 18시,수요일,광주광역시 남구 방림동,중상사고,0,1,0,0,차대사람 - 횡단중,안전운전불이행,건조,맑음,단일로 - 기타,승용,여,50세,상해없음,보행자,여,50세,중상
2014123100100488,2014년 12월 31일 18시,수요일,광주광역시 북구 오치동,경상사고,0,0,4,0,차대차 - 측면직각충돌,안전거리미확보,건조,맑음,단일로 - 기타,승용,남,54세,상해없음,승용,남,34세,경상
2014123100100489,2014년 12월 31일 18시,수요일,광주광역시 광산구 송정동,중상사고,0,1,0,0,차대차 - 측면직각충돌,교차로운행방법위반,건조,맑음,교차로 - 교차로안,승용,여,56세,상해없음,이륜,남,23세,중상
2014123100100542,2014년 12월 31일 19시,수요일,광주광역시 광산구 운수동,경상사고,0,0,1,0,차대차 - 측면직각충돌,직진우회전진행방해,습기,눈,교차로 - 교차로부근,승용,남,40세,상해없음,승합,남,33세,경상
2014123100100543,2014년 12월 31일 19시,수요일,광주광역시 광산구 산정동,경상사고,0,0,3,0,차대차 - 정면충돌,중앙선침범,적설,눈,교차로 - 교차로부근,승용,남,34세,상해없음,승용,남,22세,경상
2014123100100587,2014년 12월 31일 20시,수요일,광주광역시 광산구 도천동,경상사고,0,0,1,0,차대차 - 정면충돌,신호위반,습기,눈,교차로 - 교차로안,이륜,남,45세,경상,이륜,남,38세,상해없음
2014123100100619,2014년 12월 31일 21시,수요일,광주광역시 서구 금호동,경상사고,0,0,1,0,차대사람 - 횡단중,신호위반,습기,흐림,단일로 - 횡단보도상,승용,남,41세,상해없음,보행자,여,18세,경상
2014123100100620,2014년 12월 31일 21시,수요일,광주광역시 광산구 장덕동,중상사고,0,1,0,0,차대차 - 측면직각충돌,신호위반,적설,눈,교차로 - 교차로안,승용,남,22세,상해없음,원동기,남,17세,중상
2014123100100650,2014년 12월 31일 22시,수요일,광주광역시 북구 생용동,경상사고,0,0,2,0,차대차 - 추돌 - 진행중,안전운전불이행,적설,눈,단일로 - 기타,승용,여,51세,상해없음,승용,남,38세,경상
2014123100100651,2014년 12월 31일 22시,수요일,광주광역시 북구 본촌동,중상사고,0,1,0,0,차대사람 - 기타,안전운전불이행,적설,눈,단일로 - 기타,승용,남,48세,상해없음,보행자,남,33세,중상
2014123100100652,2014년 12월 31일 22시,수요일,광주광역시 북구 두암동,경상사고,0,0,1,0,차대차 - 기타,안전운전불이행,결빙,눈,단일로 - 기타,승용,남,47세,상해없음,승용,남,35세,경상
2014123100100653,2014년 12월 31일 22시,수요일,광주광역시 북구 두암동,경상사고,0,0,1,0,차대사람 - 횡단중,안전운전불이행,습기,눈,교차로 - 교차로부근,승용,남,65세,상해없음,보행자,남,14세,경상
2014123100100654,2014년 12월 31일 22시,수요일,광주광역시 광산구 산월동,경상사고,0,0,3,0,차대차 - 정면충돌,중앙선침범,적설,눈,단일로 - 교량,화물,남,36세,경상,승용,남,54세,경상
2014123100100685,2014년 12월 31일 23시,수요일,광주광역시 북구 양산동,경상사고,0,0,2,0,차대차 - 추돌 - 주정차중,안전운전불이행,건조,맑음,교차로 - 교차로부근,승용,남,31세,상해없음,승용,남,41세,경상